"record_id","modified","institutionCode","collectionCode","catalogNumber","basisOfRecord","kingdom","phylum","order","family","genus","specificEpithet","scientificName","identifiedBy","recordedBy","recordNumber","year","month","day","continentOcean","country","stateProvince","county","locality","decimalLongitude","decimalLatitude","preparationType","occurrenceRemarks","barcode","imagecode","scientificNameAuthorship","minimumElevationInMeters","maximumElevationInMeters","verbatimLongitude","verbatimLatitude","yearIdentified","monthIdentified","dayIdentified","coordinatePrecision","geoFlag","class","fieldNumber","individualCount","typeStatus","relatedCatalogItem"
"1","2016-09-29 16:51:00-03","NY","NYBG","00568213","PreservedSpecimen","Plantae","Magnoliophyta","Arecales","Arecaceae","Astrocaryum","aculeatissimum","Astrocaryum aculeatissimum","F. Kahn","A. F. M. Glaziou","8067","1976","03","19","South America","Brazil","Rio de Janeiro","Rio de Janeiro","Larangeiras","-43.2075","-22.9031","sheet","<a href='http://sweetgum.nybg.org/science/vh/specimen_details.php?irn=658818' target='other'> <mi>dwc_moreinfo</mi></a>","NY00568213","NY00568213_01",NA,NA,NA,NA,NA,NA,NA,NA,NA,NA,NA,NA,NA,NA,NA
"2","2016-09-29 16:51:00-03","NY","NYBG","00568211","PreservedSpecimen","Plantae","Magnoliophyta","Arecales","Arecaceae","Astrocaryum","aculeatissimum","Astrocaryum aculeatissimum","F. Kahn","A. F. M. Glaziou","8067","1976","03","19","South America","Brazil","Rio de Janeiro","Rio de Janeiro","Larangeiras","-43.2075","-22.9031","sheet","<a href='http://sweetgum.nybg.org/science/vh/specimen_details.php?irn=658816' target='other'> <mi>dwc_moreinfo</mi></a>","NY00568211","NY00568211_01",NA,NA,NA,NA,NA,NA,NA,NA,NA,NA,NA,NA,NA,NA,NA
"3","2021-03-15 16:37:00-03","NY","NYBG","00568215","PreservedSpecimen","Plantae","Magnoliophyta","Arecales","Arecaceae","Astrocaryum","aculeatissimum","Astrocaryum aculeatissimum",NA,"P. K. H. Dusén","s.n.","1911","03","05","South America","Brazil","Paraná","Cândido de Abreu","Serra da Prata","-51.3331","-24.5669","sheet","<a href='http://sweetgum.nybg.org/science/vh/specimen_details.php?irn=292900' target='other'> <mi>dwc_moreinfo</mi></a>","NY00568215","NY00568215_01","(Schott) Burret",NA,NA,NA,NA,NA,NA,NA,NA,NA,NA,NA,NA,NA,NA
"4","2016-09-29 16:51:00-03","NY","NYBG","00568212","PreservedSpecimen","Plantae","Magnoliophyta","Arecales","Arecaceae","Astrocaryum","aculeatissimum","Astrocaryum aculeatissimum","F. Kahn","A. F. M. Glaziou","8067","1976","03","19","South America","Brazil","Rio de Janeiro","Rio de Janeiro","Larangeiras","-43.2075","-22.9031","sheet","<a href='http://sweetgum.nybg.org/science/vh/specimen_details.php?irn=658817' target='other'> <mi>dwc_moreinfo</mi></a>","NY00568212","NY00568212_01",NA,NA,NA,NA,NA,NA,NA,NA,NA,NA,NA,NA,NA,NA,NA
"5","2021-03-15 16:37:00-03","NY","NYBG","00568214","PreservedSpecimen","Plantae","Magnoliophyta","Arecales","Arecaceae","Astrocaryum","aculeatissimum","Astrocaryum aculeatissimum","L. R. Noblick","P. K. H. Dusén","13521","1912","01","02","South America","Brazil","Paraná","Guaratuba","Guaratuba","-48.580045","-25.892616","sheet","<a href='http://sweetgum.nybg.org/science/vh/specimen_details.php?irn=658814' target='other'> <mi>dwc_moreinfo</mi></a>","NY00568214","NY00568214_01","(Schott) Burret",NA,NA,NA,NA,NA,NA,NA,NA,NA,NA,NA,NA,NA,NA
"6","2016-09-29 16:51:00-03","NY","NYBG","00568217","PreservedSpecimen","Plantae","Magnoliophyta","Arecales","Arecaceae","Astrocaryum","aculeatissimum","Astrocaryum aculeatissimum","L. R. Noblick","L. R. Noblick","4780","1989","02","01","South America","Brazil","Bahia","Nova Viçosa","22 km SE of the village of Helvécia on the property of Bahia Sul Cellulose","-39.37","-17.88","packeted","<a href='http://sweetgum.nybg.org/science/vh/specimen_details.php?irn=658813' target='other'> <mi>dwc_moreinfo</mi></a>","NY00568217",NA,NA,"50","100",NA,NA,NA,NA,NA,NA,NA,NA,NA,NA,NA,NA
"7","2021-03-15 16:37:00-03","NY","NYBG","00568218","PreservedSpecimen","Plantae","Magnoliophyta","Arecales","Arecaceae","Astrocaryum","aculeatissimum","Astrocaryum aculeatissimum","R. Reitz","R. Reitz","5731","1959",NA,NA,"South America","Brazil","Santa Catarina","Sao Francisco do Sul","Morro da Brajaúba, S. Francisco do Sul","-48.6381","-26.2433","separate fruit","<a href='http://sweetgum.nybg.org/science/vh/specimen_details.php?irn=658811' target='other'> <mi>dwc_moreinfo</mi></a>","NY00568218","NY00568218_01","(Schott) Burret","50","50",NA,NA,NA,NA,NA,NA,NA,NA,NA,NA,NA,NA
"8","2016-09-29 16:51:00-03","NY","NYBG","00568219","PreservedSpecimen","Plantae","Magnoliophyta","Arecales","Arecaceae","Astrocaryum","aculeatissimum","Astrocaryum aculeatissimum","A. J. Henderson","R. Pardini","74","1992","07","05","South America","Brazil","São Paulo","Sete Barras","Fazenda Intervales, Saibadela, trilha do Araça","-47.9197","-24.38","packeted","<a href='http://sweetgum.nybg.org/science/vh/specimen_details.php?irn=658815' target='other'> <mi>dwc_moreinfo</mi></a>","NY00568219",NA,NA,NA,NA,NA,NA,NA,NA,NA,NA,NA,NA,NA,NA,NA,NA
"9","2021-03-15 16:37:00-03","NY","NYBG","00568210","PreservedSpecimen","Plantae","Magnoliophyta","Arecales","Arecaceae","Astrocaryum","aculeatissimum","Astrocaryum aculeatissimum",NA,"H. Q. B. Fernandes","73","1981","04","14","South America","Brazil","Rio de Janeiro","Rio de Janeiro","Alto da Boa Vista, Estr. da Vista Chinesa prox. ao km 1","-43.277408","-22.971951","sheet","<a href='http://sweetgum.nybg.org/science/vh/specimen_details.php?irn=658819' target='other'> <mi>dwc_moreinfo</mi></a>","NY00568210","NY00568210_01","(Schott) Burret",NA,NA,NA,NA,NA,NA,NA,NA,NA,NA,NA,NA,NA,NA
"10","2016-09-29 16:51:00-03","NY","NYBG","00568216","PreservedSpecimen","Plantae","Magnoliophyta","Arecales","Arecaceae","Astrocaryum","aculeatissimum","Astrocaryum aculeatissimum","H. Q. B. Fernandes","H. Q. B. Fernandes","2718","1989","04","12","South America","Brazil","Espírito Santo","Santa Teresa","V. Velha, Estaçao Biológica de Santa Lúcia, margen esquerda do Timbuí","-40.6003","-19.9358","packeted","<a href='http://sweetgum.nybg.org/science/vh/specimen_details.php?irn=658812' target='other'> <mi>dwc_moreinfo</mi></a>","NY00568216",NA,NA,"750","750",NA,NA,NA,NA,NA,NA,NA,NA,NA,NA,NA,NA
"11","2020-01-28 13:10:59-03","MCN-PUC-MINAS","HPUC-MG","ANG5479","S","Plantae",NA,NA,"Arecaceae","Astrocaryum","astrocarium aculeatissimum","Astrocaryum astrocarium aculeatissimum",NA,"M.F. Vasconcelos","19-116",NA,NA,NA,NA,"Brasil","Minas Gerais","Belo Horizonte","Dores de Guanhães","-42.866667","-19.066667",NA,NA,NA,NA,NA,"452","452","42°52'W","19°04'S",NA,NA,NA,NA,NA,NA,NA,NA,NA,NA
"12","2021-04-08 17:44:41-03","EAO","IAN","18562","PreservedSpecimen","Plantae","Monocotiledônea",NA,"Arecaceae","Astrocaryum","ayri","Astrocaryum ayri",NA,"Glaziou, AFM","8067",NA,NA,NA,"Southern America","Brasil",NA,NA,NA,NA,NA,NA,NA,"IAN018562","IAN018562_f","Mart.",NA,NA,NA,NA,NA,NA,NA,NA,NA,NA,NA,NA,NA,NA
"13","2019-12-04 15:26:25-03","PUCPR","HUCP","17768","S","Plantae","Monocotiledonea",NA,"Arecaceae","Astrocaryum","aculeatissimum","Astrocaryum aculeatissimum","Bonaldi, R","Bonaldi, R","191","2007","04","14",NA,"Brasil","Paraná","Paranaguá","Tinguçu","-48.5092010498047","-25.5200004577637",NA,NA,"HUCP00004762","HUCP00004762_1 HUCP00004762_2","(Schott) Burret.",NA,NA,NA,NA,"2007","05","16","24916","auto",NA,NA,NA,NA,NA
"14","2019-10-09 11:09:23-03","UFBA","ALCB","70939","PreservedSpecimen","Plantae","Dicotyledon",NA,"Arecaceae","Astrocaryum","aculeatissimum","Astrocaryum aculeatissimum","Guedes, ML","Alves, L. de J.","113","2005","10","10","Southern America","Brasil","Bahia","Porto Seguro","Extremo Sul","-39.0647010803223","-16.4496994018555",NA,"de ca 8m. , muito espinhoso. Folhas com pinas distribuídas regularmente. Inflorescência fechada na espata. Botões amarelados.",NA,NA,"(Schott) Burret",NA,NA,NA,NA,"2006","03",NA,"68835","auto",NA,NA,NA,NA,NA
"15","2020-02-08 08:44:26-03","NBC","NL-BOTANY","L.1410302","PreservedSpecimen","Plantae",NA,"Arecales","Palmae","Astrocaryum","aculeatissimum","Astrocaryum aculeatissimum",NA,"Hatschbach GG",NA,"1962","12","26","Southern America","Brazil",NA,NA,"Parana (Brasil), Serra da Patra.",NA,NA,NA,"<a href=https://data.biodiversitydata.nl/naturalis/specimen/L.1410302 target=other class=eLink> <mi>dwc_moreinfo</mi></a>","NL-L1410302","NL-L1410302","(Schott) Burret",NA,NA,NA,NA,NA,NA,NA,NA,NA,"Magnoliopsidae",NA,NA,NA,NA
"16","2020-02-08 08:44:31-03","NBC","NL-BOTANY","L.1405157","PreservedSpecimen","Plantae",NA,"Arecales","Palmae","Astrocaryum","ayri","Astrocaryum ayri",NA,"Poeppig EF",NA,NA,NA,NA,"Southern America","Brazil",NA,NA,NA,NA,NA,NA,"<a href=https://data.biodiversitydata.nl/naturalis/specimen/L.1405157 target=other class=eLink> <mi>dwc_moreinfo</mi></a>","NL-L1405157","NL-L1405157","Mart.",NA,NA,NA,NA,NA,NA,NA,NA,NA,"Magnoliopsidae",NA,NA,NA,NA
"17","2020-11-04 11:00:30-03","ESALQ","ESA","131164","PreservedSpecimen","Plantae","Magnoliophyta",NA,"Arecaceae","Astrocaryum","aculeatissimum","Astrocaryum aculeatissimum","Souza, V.C.","Souza, V.C.; Caliari, C.P.; Coelho, R.L.G.; Colletta, G.D.; Barroso, R.M.; Martins, C.H.C.","36367.0","2013","02","25",NA,"Brasil","São Paulo","Queluz","Fragmento 42 (TAV). Contato Floresta Estacional Semidecidual / Floresta Ombrófila Densa.","-22.5289","-44.8127",NA,"Palmeira","ESA131164","ESA131164","(Schott) Burret","575","575","-22.5289","-44.8127","2013",NA,NA,NA,NA,NA,NA,NA,NA,NA
"18","2020-11-04 11:00:30-03","ESALQ","ESA","24163","PreservedSpecimen","Plantae","Magnoliophyta",NA,"Arecaceae","Astrocaryum","aculeatissimum","Astrocaryum aculeatissimum","Almeida-Costa, D.G.","Barreto, K.D. et al.","868.0","1993","07","12",NA,"Brasil","São Paulo","Piracicaba",NA,"-47.6399993896484","-22.7199993133545",NA,NA,"ESA024163","ESA024163_1 ESA024163_2 ESA024163_3","(Schott) Burret",NA,NA,NA,NA,NA,NA,NA,"44778","auto",NA,NA,NA,NA,NA
"19","2020-11-04 10:54:42-03","ESALQ","ESA","139086","PreservedSpecimen","Plantae",NA,NA,"Arecaceae","Astrocaryum","aculeatissimum","Astrocaryum aculeatissimum",NA,"Colletta, G.D","2604.0","2016","03","29",NA,"Brasil","SP","Cananéia","Ilha do Cardoso","-47.9199981689453","-25.0100002288818",NA,"Estipe ca. 5M, estéril","ESA139086",NA,"(Schott) Burret.",NA,NA,NA,NA,NA,NA,NA,"37574","auto",NA,NA,NA,NA,NA
"20","2020-11-04 11:00:30-03","ESALQ","ESA","128056","PreservedSpecimen","Plantae","Magnoliophyta",NA,"Arecaceae","Astrocaryum","aculeatissimum","Astrocaryum aculeatissimum","Souza, V.C.","Bettinardi, M.L.","10.0","2013","04","01",NA,"Brasil","São Paulo","Tapiraí","Reserva Particular da Votorantim (CBA). UHE da Barra, UHE Alecrim trilha da Chaminé","-47.51019","-24.10004",NA,"Árvore. Folha com 4,5m. Espinhos no tronco, na raque e no cacho do fruto","ESA128056","ESA128056_1 ESA128056_2",NA,"299","299","-47.51019","-24.10004","2013","04","23",NA,NA,NA,NA,NA,NA,NA
"21","2020-11-04 10:54:42-03","ESALQ","ESA","141095","PreservedSpecimen","Plantae",NA,NA,"Arecaceae","Astrocaryum","aculeatissimum","Astrocaryum aculeatissimum","Rodrigues, R.R.","Silva, T.D.; Assis, L.S.; Gardon, F.R.; Lozano-Baez, S.E.; Mazzeo, R.R.; Zanini, A.N.; Souza, V.C.; Rodrigues, R.R.; Colletta, G. D.; Koch, I.","25.0","2017","04","18",NA,"Brasil","Rio de Janeiro","Rio de Janeiro","Ilha do Governador; Base de Fuzileiros Navais; Trilha da Base; Floresta Ombrófila Densa","-43.163297","-22.781485",NA,"Liana; frutos castanho claro","ESA141095",NA,"(Schott) Burret",NA,NA,"-43.163297","-22.781485","2017","04","26",NA,NA,NA,NA,NA,NA,NA
"22","2020-11-04 11:00:30-03","ESALQ","ESA","50299","PreservedSpecimen","Plantae","Magnoliophyta",NA,"Arecaceae","Astrocaryum","aculeatissimum","Astrocaryum aculeatissimum","Rodrigues, R.R.","Oriani, A. et al.","708.0","2005","03","31",NA,"Brasil","São Paulo","Cananéia",NA,"-47.9199981689453","-25.0100002288818",NA,NA,"ESA050299","ESA050299_1 ESA050299_2",NA,NA,NA,NA,NA,NA,NA,NA,"37574","auto",NA,NA,NA,NA,NA
"23","2020-11-04 11:00:30-03","ESALQ","ESA","49697","PreservedSpecimen","Plantae","Magnoliophyta",NA,"Arecaceae","Astrocaryum","aculeatissimum","Astrocaryum aculeatissimum","Gondim Jr., M.G.C.","Gondim Jr., M.G.C.","22.0","1998","04","18",NA,"Brasil","São Paulo","Pariquera-Açu",NA,"-47.8800010681152","-24.7099990844727",NA,NA,"ESA049697","ESA049697_1 ESA049697_2 ESA049697_3 ESA049697_4","(Schott) Burret",NA,NA,NA,NA,NA,NA,NA,"17990","auto",NA,NA,NA,NA,NA
"24","2020-11-04 11:00:30-03","ESALQ","ESA","29173","PreservedSpecimen","Plantae","Magnoliophyta",NA,"Arecaceae","Astrocaryum","aculeatissimum","Astrocaryum aculeatissimum",NA,"Ivanauskas, N.M.","768.0","1996","04","25",NA,"Brasil","São Paulo","Pariquera-Açu",NA,"-47.8800010681152","-24.7099990844727",NA,NA,"ESA029173",NA,NA,NA,NA,NA,NA,NA,NA,NA,"17990","auto",NA,NA,NA,NA,NA
"25","2015-07-02 14:55:40-03","JBP","HPL","11962","S","Plantae",NA,NA,"Palmae","Astrocaryum","aculeatissimum","Astrocaryum aculeatissimum","H. Lorenzi","H. Lorenzi","6830","2010","02","08",NA,"Brasil","MG","Teófilo Ottoni","BR 101 para Padre Paraíso, ca. 10 km da cidade de Teófilo Ottoni, em terreno seco de encosta em antiga mata semidecídua.","-41.5053","-17.8575",NA,NA,NA,NA,NA,"600","600","4130#?#00,3 W","1746#?#02,5 S","2010","02","08","62594","auto",NA,NA,NA,NA,NA
"26","2015-07-02 14:42:46-03","JBP","HPL","11953","S","Plantae",NA,NA,"Palmae","Astrocaryum","aculeatissimum","Astrocaryum aculeatissimum","H. Lorenzi","H. Lorenzi, K. Soares, T.B. Flores","6830","2010","02","08",NA,"Brasil","MG","Teófilo Ottoni","Na BR 101 para Padre Paraíso, a cerca de 10 km da cidade de Teófilo Ottoni, em terreno seco de encosta, em antiga mata semidecídua.",NA,"-17.767361",NA,NA,NA,NA,NA,"600","600","41° 30#?#00,3 W","17° 46' 02,5 S","2010","02","04",NA,NA,NA,NA,NA,NA,NA
"27","2015-07-02 14:00:35-03","JBP","HPL","7270","S","Plantae",NA,NA,"Arecaceae","Astrocaryum","aculeatissimum","Astrocaryum aculeatissimum","H. Lorenzi","H. Lorenzi","5013","2004","10","19",NA,"Brasil","PR","Antonina","Coletado nas proximidades do município de Antonina.","-48.7119","-25.4286",NA,NA,NA,NA,NA,NA,NA,NA,NA,"2004","10","19","38300","auto",NA,NA,NA,NA,NA
"28","2019-08-27 13:26:42-03","IAP","PACA-AGP","65572","PreservedSpecimen","Plantae","Magnoliophyta","Arecales","Arecaceae","Astrocaryum","aculeatissimum","Astrocaryum aculeatissimum","R. Reitz","Reitz, R.","5731",NA,NA,NA,NA,"Brasil","SC","São Francisco do Sul","Morro da Brejaúba","-48.6380996704102","-26.2432994842529",NA,"Habitat: Mata","PACA065572",NA,"(Schott) Burr.","50","50",NA,NA,"1959",NA,NA,"23627","auto","Liliopsida",NA,NA,NA,NA
"29","2021-03-24 17:08:38-03","UFES","SAMES","8979","PreservedSpecimen","Plantae",NA,NA,"Arecaceae","Astrocaryum","aculeatissimum","Astrocaryum aculeatissimum",NA,"Louzada, I.O.; Ribeiro, M.; Scheidegger, A.F.A.; Menezes, L.F.T.","2","2019","05","29",NA,"Brasil","Espírito Santo","Conceição da Barra",NA,"-39.7322006225586","-18.5932998657227",NA,"Palmeira de 4 m alt., 11 cm de diâmetro e toda armada. Tronco e folhas com muitos espinhos. Frutos marrons com cachos grandes, formato ovóide.","SAMES08979",NA,"(Schott) Burret",NA,NA,"-398638889.0","-183908333.0",NA,NA,NA,"41644","auto",NA,NA,NA,NA,NA
"30","2021-03-24 17:08:38-03","UFES","SAMES","554","PreservedSpecimen","Plantae",NA,NA,"Arecaceae","Astrocaryum","aculeatissimum","Astrocaryum aculeatissimum","Ribeiro,M.","Ribeiro,M.; Rocha,T.L.;Silva,W.B.","503","2011","04","30",NA,"Brasil","Espírito Santo","Conceição da Barra","Reserva Biológica do Córrego Grande. Floresta Alta de Tabuleiro, km 3 a 4 da estrada interna.","-39.7322006225586","-18.5932998657227",NA,"Palmeira de seis metros, frutos marrons, raqui da infrutescência espinhosa. Frutos na carpoteca. Habitat: Floresta Alta de Tabuleiro, km 3 a 4 da estrada interna.","SAMES00554",NA,"(Schott) Burret",NA,NA,"-398050000.0","-182625000.0","2011","04","30","41644","auto",NA,NA,NA,NA,NA
"31","2021-03-24 17:08:38-03","UFES","SAMES","540","PreservedSpecimen","Plantae",NA,NA,"Arecaceae","Astrocaryum","aculeatissimum","Astrocaryum aculeatissimum","Ribeiro, M.","Menezes,L.F.T.","2001","2012","05","30",NA,"Brasil","Espírito Santo","Conceição da Barra","Reserva Biológica do Córrego Grande. Floresta de Tabuleiro.","-39.7322006225586","-18.5932998657227",NA,"Planta de 8m de altura com flores.","SAMES00540",NA,"(Schott) Burret",NA,NA,"-398050000.0","-182625000.0","2019","07","11","41644","auto",NA,NA,NA,NA,NA
"32","2021-03-24 17:08:38-03","UFES","SAMES","552","PreservedSpecimen","Plantae",NA,NA,"Arecaceae","Astrocaryum","aculeatissimum","Astrocaryum aculeatissimum","Costa,M.B.","Costa,M.B.; Fanticelle,B.S.","17","2012","10","31",NA,"Brasil","Espírito Santo","Conceição da Barra","Reserva Biológica do Córrego Grande. Floresta de tabuleiro afetada por fogo, área em regeneração.","-39.7322006225586","-18.5932998657227",NA,"Palmeira com 8m de altura, fruto na carpoteca.","SAMES00552",NA,"(Schott) Burret",NA,NA,"-398050000.0","-182625000.0","2012","10","31","41644","auto",NA,NA,NA,NA,NA
"33","2021-03-24 17:08:38-03","UFES","SAMES","543","PreservedSpecimen","Plantae",NA,NA,"Arecaceae","Astrocaryum","aculeatissimum","Astrocaryum aculeatissimum","Ribeiro,M.","Lobão,A.Q.; Figueiredo,D.D.;Giaretta,A.O.;Menezes,L.F.T.","1488","2009","02","12",NA,"Brasil","Espírito Santo","Conceição da Barra","Reserva Biológica do Córrego Grande. Na estrada, floresta alta de tabuleiro.","-39.7322006225586","-18.5932998657227",NA,"Erva, ca. 4m alt., folhas com ca. 70 folíolos e 6m compr., flores alvas.","SAMES00543",NA,"(Schott) Burret",NA,NA,"-398050000.0","-182625000.0",NA,NA,NA,"41644","auto",NA,NA,NA,NA,NA
"34","2021-03-24 17:08:38-03","UFES","SAMES","8594","PreservedSpecimen","Plantae",NA,NA,"Arecaceae","Astrocaryum","aculeatissimum","Astrocaryum aculeatissimum",NA,"Smarzaro,R.; Conceição,D.D;Nascimento,M.M.","83","2019","01","13",NA,"Brasil","Espírito Santo","Jaguaré","Área Palmitinho.","-40.076099395752","-18.9055995941162",NA,"Folhas com presença de espinhos. Caule com anéis que alternam-se quanto a presença de espinhos.Inflorescência em formato de cachos. Frutos na carpoteca. Habito: Árboreo","SAMES08594",NA,"(Schott) Burret",NA,NA,"-399033333.0","-189519444.0",NA,NA,NA,"43085","auto",NA,NA,NA,NA,NA
"35","2021-03-24 17:08:38-03","UFES","SAMES","553","PreservedSpecimen","Plantae",NA,NA,"Arecaceae","Astrocaryum","aculeatissimum","Astrocaryum aculeatissimum","Ribeiro,M.","Ribeiro,M.; Menezes,L.F.T.;Broggio,I.S.","183","2010","06","01",NA,"Brasil","Espírito Santo","Pinheiros","Reserva Biológica Córrego do Veado. Estrada, periferia de Mata alta de Floresta Atlântica de Tabuleiro.","-40.2132987976074","-18.3703002929688",NA,"Árvore de cinco metros de altura. folha: 5,30 m, com cerca de 69 folíolos em um dos lados, pecíolo 1,27 m; tendo diminutos espinhos na face abaxial dos folíolos. Frutos na carpoteca. Habitat: Estrada, periferia de Mata alta de Florest","SAMES00553",NA,"(Schott) Burret",NA,NA,NA,NA,"2010","08","25","28525","auto",NA,NA,NA,NA,NA
"36","2020-07-02 18:51:26-03","UFJF","CESJ","33360","PreservedSpecimen","Plantae","Angiosperma",NA,"Arecaceae","Astrocaryum","aculeatissimum","Astrocaryum aculeatissimum","M.O.D. Pivari","L.F.A. Fazza; R.M. Castro; R.C. Forzza; V.R. Almeida; L.S. Fernandes; M.C.M. Garcia","1","2001","05","27","América do Sul","Brasil","Minas Gerais","Descoberto","Reserva Biológica da Represa do Grama","-42.9674987792969","-21.4596996307373",NA,"Planta com ca. 10m de alt., folhas de 2,5 a 5 m, discolores, com face abaxial cinérea, 52 folíolos, bainha fortemente aculeada; inflorescência axilar; flores masculinas passadas; frutos castanhos; interior de mata, próximo ao curso d'água. Exsicata somen","CESJ033360","CESJ033360 CESJ033360_1 CESJ033360_2","(Schott) Burret",NA,NA,NA,NA,"2002","07",NA,"11991","auto",NA,NA,NA,NA,NA
"37","2019-11-21 14:31:02-03","UFJF","CESJ","13132","PreservedSpecimen","Plantae","Angiosperma",NA,"Arecaceae","Astrocaryum","aculeatissimum","Astrocaryum aculeatissimum","H.Q.B.Fernandes","L. Krieger; L.T. Souza; M.C. Brügger; P. Xú; Marília","CESJ13132","1973","10","25","América do Sul","Brasil","Minas Gerais","Juiz de Fora","Rio do Peixe","-43.3502998352051","-21.7642002105713",NA,"8 10m, na mata primária. Caule com espinhos pretos, longos, caducos na parte inferior do caule. Folhas esbranquiçadas na face dorsal, frutos acastanhados.","CESJ013132","CESJ013132","(Schott) Burret",NA,NA,NA,NA,"1990","05","10","36144","auto",NA,NA,NA,NA,NA
"38","2019-11-21 14:31:02-03","UFJF","CESJ","7271","PreservedSpecimen","Plantae","Angiosperma",NA,"Arecaceae","Astrocaryum","aculeatissimum","Astrocaryum aculeatissimum","L.R.Noblick","L. Krieger","CESJ7271","1969","10","04","América do Sul","Brasil","Paraná","Vila Vellha",NA,NA,NA,NA,"No campo, folhas delicadas. Acaule.","CESJ007271","CESJ007271","(Schott) Burret",NA,NA,NA,NA,"1992","04","02",NA,NA,NA,NA,NA,NA,NA
"39","2019-11-21 14:31:02-03","UFJF","CESJ","38588","PreservedSpecimen","Plantae","Angiosperma",NA,"Arecaceae","Astrocaryum","aculeatissimum","Astrocaryum aculeatissimum","M.O.D. Pivari","M.O.D. Pivari; F.A.A. Côrtes","128","2002","06","28","América do Sul","Brasil","Minas Gerais","Caratinga","APA Lagoa Silvana","-42.1391983032227","-19.7896995544434",NA,"Frutos castanhos cobertos por espinhos negros; endosperma líquido transparentes. Material exclusivo da carpoteca.","CESJ038588","CESJ038588 CESJ038588_1 CESJ038588_2 CESJ038588_3","(Schott) Burret",NA,NA,NA,NA,"2002","06","28","49886","auto",NA,NA,NA,NA,NA
"40","2020-07-02 18:51:26-03","UFJF","CESJ","37100","PreservedSpecimen","Plantae","Angiosperma",NA,"Arecaceae","Astrocaryum","aculeatissimum","Astrocaryum aculeatissimum","M.O.D. Pivari","R.C. Forzza; V.R. Almeida; B.K.S. Franco","2093","2002","03","23","América do Sul","Brasil","Minas Gerais","Descoberto","Reserva Biológica da Represa do Grama, .","-42.9674987792969","-21.4596996307373",NA,"Erva arborescentes, ca. 6m alt., estipe densamente aculeada; acúleos em anéis regulares. Folhas com pecíolo de 30 cm compr., limbo ca. 4,5m compr., folíolos discolores glaucos na face abaxial. Inflorescência ca. 50 cm compr., flores passadas. Espata cast","CESJ037100","CESJ037100 CESJ037100_1","(Schott) Burret",NA,NA,NA,NA,"2002","07",NA,"11991","auto",NA,NA,NA,NA,NA
"41","2019-11-21 14:31:02-03","UFJF","CESJ","26009","PreservedSpecimen","Plantae","Angiosperma",NA,"Arecaceae","Astrocaryum","aculeatissimum","Astrocaryum aculeatissimum","L.R. Noblick","L. Krieger; B.B.S. Coelho","CESJ26009","1987","03","02","América do Sul","Brasil","Minas Gerais","Juiz de Fora","Museu Mariano Procópio","-43.3502998352051","-21.7642002105713",NA,"Material separado do registro CESJ 22856","CESJ026009",NA,"(Schott) Burret",NA,NA,NA,NA,"1992","04","03","36144","auto",NA,NA,NA,NA,NA
"42","2019-08-20 09:59:05-03","UNICAMP","UEC","115690","S","Plantae","Liliopsida",NA,"Arecaceae","Astrocaryum","aculeatissimum","Astrocaryum aculeatissimum","Tamashiro, JY","Hanazaki, N; Peroni, N; Mendonça, AP","237","2000","02","15",NA,"Brazil","São Paulo","Cananéia","Agrossolar, Floresta Ombrófila Densa das Terras Baixas.","-47.912222","-24.964444",NA,"Palmeira. Nativa. Uso: alimento.","UEC001310","UEC001310","(Schott) Burret",NA,NA,"-47.912222","-24.964444",NA,NA,NA,NA,NA,NA,NA,NA,NA,NA
"43","2019-08-20 09:59:05-03","UNICAMP","UEC","133946","S","Plantae","Liliopsida",NA,"Arecaceae","Astrocaryum","aculeatissimum","Astrocaryum aculeatissimum","Urbanetz, C","Urbanetz, C; Mariuza; Domingos; Lelo","79","2003","07","25",NA,"Brazil","São Paulo","Cananéia","Fazenda Folha Larga","-47.916667","-24.883333",NA,"Palmeira de 3 m de altura, frutos comestíveis.","UEC001312","UEC001312","(Schott) Burret","100","100","-47.916667","-24.883333",NA,NA,NA,NA,NA,NA,NA,NA,NA,NA
"44","2019-08-20 09:59:05-03","UNICAMP","UEC","134969","S","Plantae","Liliopsida",NA,"Arecaceae","Astrocaryum","aculeatissimum","Astrocaryum aculeatissimum","Urbanetz, C","Urbanetz, C; Mariuza; Domingos; Lelo","79","2003","07","25",NA,"Brazil","São Paulo","Cananéia","Fazenda Folha Larga","-47.916667","-24.883333",NA,"Palmeira de 3 m de altura, frutos comestíveis.","UEC071104","UEC071104","(Schott) Burret","100","100","-47.916667","-24.883333",NA,NA,NA,NA,NA,NA,NA,NA,NA,NA
"45","2021-03-01 16:19:01-03","UNICAMP","UEC","205644","S","Plantae","Liliopsida",NA,"Arecaceae","Astrocaryum","aculeatissimum","Astrocaryum aculeatissimum","Boudet Fernandes, HQ","Rodrigues, RR","33466","1995","02","15",NA,"Brazil","São Paulo","Iguape","Morro do Calvário","-41.491167","-24.655",NA,"Árvore 6m , tronco e folha aculeados, flor branca.; Mata Atlântica de Encosta","UEC161729","UEC161729","(Schott) Burret",NA,NA,"-41.491167","-24.655","1997","07","21",NA,NA,NA,NA,NA,NA,NA
"46","2019-08-20 09:59:05-03","UNICAMP","UEC","92252","S","Plantae","Liliopsida",NA,"Arecaceae","Astrocaryum","aculeatissimum","Astrocaryum aculeatissimum",NA,"Barbosa, MR; et al.","29438","1993","11","15",NA,"Brazil","Rio de Janeiro","Parati","Praia Laranjeiras, Floresta de encosta.","-44.656944","-23.328333",NA,"Ca. 6 m de altura, estipe formada pela bainha espinhosa da folha, folha ca. 2-3 m de comprimento.","UEC001313",NA,"(Schott) Burret",NA,NA,"-44.656944","-23.328333",NA,NA,NA,NA,NA,NA,NA,NA,NA,NA
"47","2019-08-20 09:59:05-03","UNICAMP","UEC",NA,"S","Plantae","Liliopsida",NA,"Arecaceae","Astrocaryum","aculeatissimum","Astrocaryum aculeatissimum",NA,"Barbosa, MR; et al.","29438","1993","11","15",NA,"Brazil","Rio de Janeiro","Parati","Praia Laranjeiras, Floresta de encosta.","-44.656944","-23.328333",NA,"Ca. 6 m de altura, estipe formada pela bainha espinhosa da folha, folha ca. 2-3 m de comprimento.","UEC001314","UEC001314","(Schott) Burret",NA,NA,"-44.656944","-23.328333",NA,NA,NA,NA,NA,NA,NA,NA,NA,NA
"48","2019-08-20 09:59:05-03","UNICAMP","UEC","90977","S","Plantae","Liliopsida",NA,"Arecaceae","Astrocaryum","aculeatissimum","Astrocaryum aculeatissimum",NA,"Hanazaki, N","33739","1994","07","02",NA,"Brazil","São Paulo","Ubatuba","Ponta do Almada","-45.0699996948242","-23.4300003051758",NA,NA,"UEC001309","UEC001309","(Schott) Burret",NA,NA,NA,NA,NA,NA,NA,"34265","auto",NA,NA,NA,NA,NA
"49","2020-04-27 16:08:45-03","UFES","VIES","20834","S","Plantae",NA,NA,"Arecaceae","Astrocaryum","aculeatissimum","Astrocaryum aculeatissimum","Zorzanelli, J.P.F.","Acácio, G.","188","1995","05","17",NA,"Brasil","Espírito Santo","Cachoeiro de Itapemirim","R.F. Bananal do Norte.","-41.1128005981445","-20.8488998413086",NA,NA,"VIES020834","VIES020834 VIES020834_1 VIES020834_2 VIES020834_3","(Schott) Burret",NA,NA,NA,NA,"2013","04","23","35694","auto",NA,NA,NA,NA,NA
"50","2020-04-27 16:08:45-03","UFES","VIES","35680","S","Plantae",NA,NA,"Arecaceae","Astrocaryum","aculeatissimum","Astrocaryum aculeatissimum","Luber, J.","Carrijo, T.T.; Luber, J.; Martins, K.G.G.; Hollunder, R.K. & Garbin, M.L.","1622","2013","01","19",NA,"Brasil","Espírito Santo","Castelo","Parque Estadual de Mata das Flores.","-41.184700012207","-20.6035995483398",NA,NA,"VIES035680","VIES035680 VIES035680_1","(Schott) Burret",NA,NA,NA,NA,"2013","03","04","23588","auto",NA,NA,NA,NA,NA
"51","2019-09-13 18:13:45-03","UFES","VIES","6399","S","Plantae",NA,NA,"Arecaceae","Astrocaryum","aculeatissimum","Astrocaryum aculeatissimum",NA,"Pereira, O.J.; Gomes, J.M.L. & Martins, M.L.L.","3584","1992","06","24",NA,"Brasil","Espírito Santo","Conceição da Barra","Área 135 da Aracruz Celulose S.A.","-39.7322006225586","-18.5932998657227",NA,NA,"VIES006399","VIES006399 VIES006399_1","(Schott) Burret",NA,NA,NA,NA,NA,NA,NA,"41644","auto",NA,NA,NA,NA,NA
"52","2019-07-05 19:08:20-03","UFES","VIES","42354","S","Plantae",NA,NA,"Arecaceae","Astrocaryum","aculeatissimum","Astrocaryum aculeatissimum",NA,"Mello, B.N.; Sossai, B.G.; Alves-Araújo, A.","56","2018","06","16",NA,"Brasil","Espírito Santo","Conceição da Barra","Entrada da Trilha do Canastra. Flona do Rio Preto","-39.7322006225586","-18.5932998657227",NA,NA,"VIES042354","VIES042354","(Schott) Burret",NA,NA,NA,NA,NA,NA,NA,"41644","auto",NA,NA,NA,NA,NA
"53","2019-08-16 08:38:23-03","UTFPR","HCF","15458","S","Plantae",NA,NA,"Arecaceae","Astrocaryum","aculeatissimum","Astrocaryum aculeatissimum","M.G. Caxambu","M.G. Caxambu","5693","2014","10","31",NA,"Brasil","PR","Guaraqueçaba","Agropecuária Bananal. Propriedade do Sr.","-48.385639","-25.180694",NA,"palmeira arbórea ca. 5 m, armada com espinhos. Folhas c.a 3 m de comprimento. Com frutos imaturos verdes.",NA,NA,"(Schott) Burret","77","77","48°23'08,3 W","25°10'50,5 S","2014","11","27",NA,NA,NA,NA,NA,NA,NA
"54","2019-08-16 08:38:23-03","UTFPR","HCF","16547","S","Plantae",NA,NA,"Arecaceae","Astrocaryum","aculeatissimum","Astrocaryum aculeatissimum","M.G. Caxambu","M.G. Caxambu","5979","2015","03","27",NA,"Brasil","SP","Eldorado","Fazenda Itaipava/ Catre","-48.105306","-24.55475",NA,"palmeira ca. 8 m, semi-ciófila, formando agrupamentos. Planta fortemente armada com espinhos negros. Frutos imaturos castanhos, cheios de água.",NA,NA,"(Schott) Burret","71","71","48°06'19,1 W","24°33'17,1 S","2015","05","08",NA,NA,NA,NA,NA,NA,NA
"55","2020-06-29 09:29:17-03","UFRRJ","RBR","7246","S","Plantae",NA,NA,"Arecaceae","Astrocaryum","aculeatissimum","Astrocaryum aculeatissimum",NA,"L.F.T. Menezes","1135","2004","06","11",NA,"Brasil","Rio de Janeiro","Rio de Janeiro","Ilha da Marambaia, Ilha da Marambaia, vertente oceânica, floresta de encosta.","-43.2075004577637","-22.9027996063232",NA,NA,"RBR00007246","RBR00007246","(Schott) Burret",NA,NA,NA,NA,NA,NA,NA,"57442","auto",NA,NA,NA,NA,NA
"56","2020-06-29 09:29:17-03","UFRRJ","RBR","25757","S","Plantae",NA,NA,"Arecaceae","Astrocaryum","aculeatissimum","Astrocaryum aculeatissimum",NA,"I.M. Silva","363","1995","04","17",NA,"Brasil","Rio de Janeiro","Nova Iguaçu","REBIO do Tinguá, Estrada entre a represa do Barrelão e Reunião. Reserva Biológica do Tinguá","-43.451099395752","-22.7591991424561",NA,NA,"RBR00025757",NA,"(Schott) Burret",NA,NA,NA,NA,NA,NA,NA,"25743","auto",NA,NA,NA,NA,NA
"57","2020-12-21 16:13:31-03","MBM","MBM","24137","PreservedSpecimen","Plantae",NA,NA,"Arecaceae","Astrocaryum","aculeatisimum","Astrocaryum aculeatisimum","Hatschbach, G.","Hatschbach, G.","30272","1972","08","29","Southern America","Brazil","Paraná","Antonina","Serrinha","-48.7118988037109","-25.4286003112793",NA,NA,"MBM024137",NA,"(Schott) Burr.",NA,NA,NA,NA,NA,NA,NA,"38300","auto",NA,NA,NA,NA,NA
"58","2020-12-21 16:13:31-03","MBM","MBM","408327","PreservedSpecimen","Plantae",NA,NA,"Arecaceae","Astrocaryum","aculeatissimum","Astrocaryum aculeatissimum","Brotto, M.L.","Brotto, M.L.; Völtz, R.R.; Völtz, R.R.","2399","2017","02","20","Southern America","Brazil","Paraná","Morretes","Serra da Prata, trilha da Torre da Prata","-48.7125","-25.608333",NA,"Palmeira com 6 m de altura; inflorescência com estames claros, odor desagradável; folha ca. 3 x 1,2 m, com 70 pares de pinas.; Floresta Ombrófila Densa Submontana.","MBM408327","MBM408327 MBM408327_1 MBM408327_2","(Schott) Burret","530","530","-48.7125","-25.608333","2017","03","27",NA,NA,NA,NA,NA,NA,NA
"59","2020-12-21 16:13:31-03","MBM","MBM","409720","PreservedSpecimen","Plantae",NA,NA,"Arecaceae","Astrocaryum","aculeatissimum","Astrocaryum aculeatissimum","Brotto, M.L.","Brotto, M.L.; Barboza, E.; Barboza, E.","2488","2017","07","11","Southern America","Brazil","Paraná","Morretes","Estrada da Limeira","-48.729833","-25.608472",NA,"Palmeira com 6 metros de altura. Folha com ca. 3,5 metros de comprimento com ca. 60 pares de folíolos; estipe armado com espinhos achatados de cor preta.; Floresta Ombrófila Densa Submontana.","MBM409720","MBM409720 MBM409720_1 MBM409720_2","(Schott) Burret","348","348","-48.729833","-25.608472","2017","08","23",NA,NA,NA,NA,NA,NA,NA
"60","2020-12-21 16:13:31-03","MBM","MBM","412826","PreservedSpecimen","Plantae",NA,NA,"Arecaceae","Astrocaryum","aculeatissimum","Astrocaryum aculeatissimum","Völtz, R.R.","Völtz, R.R.; Brotto, M.L.; Pajewski, F.F.; Brotto, M.L.; Pajewski, F.F.","1498","2018","03","09","Southern America","Brazil","Paraná","Guaraqueçaba","RPPN Salto Morato","-48.301944","-25.177778",NA,"Palmeira 4 m alt., armada, espinhos enegrecidos dispostos em anéis; fronde ca. 2.3 x 1 m, pecíolo e raque com espinhos enegrecidos, lâmina cinérea abaxialmente, verde-escura adaxialmente; inflorescência com espata bastante espinhosa,","MBM412826","MBM412826 MBM412826_1 MBM412826_2","(Schott) Burret","70","70","-48.301944","-25.177778","2018","03","09",NA,NA,NA,NA,NA,NA,NA
"61","2020-12-21 16:13:31-03","MBM","MBM","425054","PreservedSpecimen","Plantae",NA,NA,"Arecaceae","Astrocaryum","aculeatissimum","Astrocaryum aculeatissimum","Brotto, M.L.","Brotto, M.L.","3641","2019","05","22","Southern America","Brazil","Paraná","Antonina","morro próximo ao porto","-48.686389","-25.477222",NA,"Erva (palmeira) com 4 m de altura; frutos imaturos marrom-ferrugíneos; folhas com aproximadamente 3 m de comprimento.; Floresta Ombrófila Densa Submontana.","MBM425054",NA,"(Schott) Burret","30","30","-48.686389","-25.477222","2019","10","05",NA,NA,NA,NA,NA,NA,NA
"62","2015-09-03 20:41:12-03","MNHN","RECOLNAT_MNHN_P","P02145840","PreservedSpecimen",NA,NA,NA,"Arecaceae","Astrocaryum","aculeatissimum","Astrocaryum aculeatissimum",NA,"Glaziou, A.|Wittig",NA,"1880","7","20",NA,"Brasil","Rio de Janeiro",NA,"Brésil. RJ. Villa Nova, près de Rio Macacú",NA,NA,"hb","Herbier de A. Glaziou donné par Mme Simard, sa fille, en 1907 <a href='http://coldb.mnhn.fr/catalognumber/mnhn/p/p02145840' target='other'> <mi>dwc_moreinfo</mi></a>","P02145840","P02145840_01","(Schott) Burret",NA,NA,NA,NA,NA,NA,NA,NA,NA,NA,"12254",NA,NA,NA
"63","2015-09-03 20:41:12-03","MNHN","RECOLNAT_MNHN_P","P02145841","PreservedSpecimen",NA,NA,NA,"Arecaceae","Astrocaryum","aculeatissimum","Astrocaryum aculeatissimum",NA,"Glaziou, A.",NA,"1880","7","20",NA,"Brasil","Rio de Janeiro",NA,"Villa Nova, près du Rio Macacu",NA,NA,"hb","<a href='http://coldb.mnhn.fr/catalognumber/mnhn/p/p02145841' target='other'> <mi>dwc_moreinfo</mi></a>","P02145841","P02145841_01","(Schott) Burret",NA,NA,NA,NA,NA,NA,NA,NA,NA,NA,"12254",NA,NA,NA
"64","2015-09-03 20:41:12-03","MNHN","RECOLNAT_MNHN_P","P02145851","PreservedSpecimen",NA,NA,NA,"Arecaceae","Astrocaryum","aculeatissimum","Astrocaryum aculeatissimum",NA,"Glaziou, A.",NA,NA,NA,NA,NA,"Brasil",NA,NA,"Province de Brésil",NA,NA,"hb","<a href='http://coldb.mnhn.fr/catalognumber/mnhn/p/p02145851' target='other'> <mi>dwc_moreinfo</mi></a>","P02145851","P02145851_01","(Schott) Burret",NA,NA,NA,NA,NA,NA,NA,NA,NA,NA,"17857",NA,NA,NA
"65","2015-09-03 20:41:12-03","MNHN","RECOLNAT_MNHN_P","P02145846","PreservedSpecimen",NA,NA,NA,"Arecaceae","Astrocaryum","aculeatissimum","Astrocaryum aculeatissimum",NA,"Glaziou, A.",NA,"1888","7","16",NA,"Brasil","Rio de Janeiro","Rio de Janeiro","Brésil. Lagoa de Freitas et S. Christovão","-43.2075004577637","-22.9027996063232","hb","Herbier de A. Glaziou donné par Mme SIMARD, sa fille, en 1907 <a href='http://coldb.mnhn.fr/catalognumber/mnhn/p/p02145846' target='other'> <mi>dwc_moreinfo</mi></a>","P02145846","P02145846_01","(Schott) Burret",NA,NA,NA,NA,NA,NA,NA,"57442","auto",NA,"17857",NA,NA,NA
"66","2015-09-03 20:41:12-03","MNHN","RECOLNAT_MNHN_P","P02145850","PreservedSpecimen",NA,NA,NA,"Arecaceae","Astrocaryum","aculeatissimum","Astrocaryum aculeatissimum",NA,"Glaziou, A.",NA,"1888","7","10",NA,"Brasil","Rio de Janeiro","Rio de Janeiro","Brésil. Province de RJ. Lagoa de Freitas et S. Christovao.","-43.2075004577637","-22.9027996063232","hb","<a href='http://coldb.mnhn.fr/catalognumber/mnhn/p/p02145850' target='other'> <mi>dwc_moreinfo</mi></a>","P02145850","P02145850_01","(Schott) Burret",NA,NA,NA,NA,NA,NA,NA,"57442","auto",NA,"17857",NA,NA,NA
"67","2015-09-03 20:41:12-03","MNHN","RECOLNAT_MNHN_P","P02145848","PreservedSpecimen",NA,NA,NA,"Arecaceae","Astrocaryum","aculeatissimum","Astrocaryum aculeatissimum",NA,"Glaziou, A.",NA,"1888","7","16",NA,"Brasil","Rio de Janeiro","Rio de Janeiro","Brésil. RJ. Lagoa de Freitas et São Christovão","-43.2075004577637","-22.9027996063232","hb","Herbier de A. Glaziou donné par Mme Simard, sa fille, en 1907 <a href='http://coldb.mnhn.fr/catalognumber/mnhn/p/p02145848' target='other'> <mi>dwc_moreinfo</mi></a>","P02145848","P02145848_01","(Schott) Burret",NA,NA,NA,NA,NA,NA,NA,"57442","auto",NA,"17857",NA,NA,NA
"68","2015-09-03 20:41:04-03","MNHN","RECOLNAT_MNHN_P","P02145834","PreservedSpecimen",NA,NA,NA,"Arecaceae","Astrocaryum","aculeatissimum","Astrocaryum aculeatissimum",NA,"Glaziou, A.",NA,"1876","3","12",NA,"Brasil","Rio de Janeiro","Rio de Janeiro","Cosme Velho","-43.2075004577637","-22.9027996063232","hb","Herbier A. Glaziou donné par Mme SIMARD, sa fille en 1907 <a href='http://coldb.mnhn.fr/catalognumber/mnhn/p/p02145834' target='other'> <mi>dwc_moreinfo</mi></a>","P02145834","P02145834_01","(Schott) Burret",NA,NA,NA,NA,NA,NA,NA,"57442","auto",NA,"8067",NA,NA,NA
"69","2015-09-03 20:41:04-03","MNHN","RECOLNAT_MNHN_P","P02145835","PreservedSpecimen",NA,NA,NA,"Arecaceae","Astrocaryum","aculeatissimum","Astrocaryum aculeatissimum",NA,"Glaziou, A.",NA,"1876","3","19",NA,"Brasil","Rio de Janeiro","Rio de Janeiro","Cosme Velho","-43.2075004577637","-22.9027996063232","hb","<a href='http://coldb.mnhn.fr/catalognumber/mnhn/p/p02145835' target='other'> <mi>dwc_moreinfo</mi></a>","P02145835","P02145835_01","(Schott) Burret",NA,NA,NA,NA,NA,NA,NA,"57442","auto",NA,"8067",NA,NA,NA
"70","2015-09-03 20:41:12-03","MNHN","RECOLNAT_MNHN_P","P02145844","PreservedSpecimen",NA,NA,NA,"Arecaceae","Astrocaryum","aculeatissimum","Astrocaryum aculeatissimum",NA,"Glaziou, A.",NA,"1888","7","16",NA,"Brasil","Rio de Janeiro","Rio de Janeiro","Lagoa de Freitas e Quinta de São Cristovão","-43.2075004577637","-22.9027996063232","hb","donné par Mme Simard, sa fille en 1907 <a href='http://coldb.mnhn.fr/catalognumber/mnhn/p/p02145844' target='other'> <mi>dwc_moreinfo</mi></a>","P02145844","P02145844_01","(Schott) Burret",NA,NA,NA,NA,NA,NA,NA,"57442","auto",NA,"17857",NA,NA,NA
"71","2015-09-03 20:41:12-03","MNHN","RECOLNAT_MNHN_P","P02145845","PreservedSpecimen",NA,NA,NA,"Arecaceae","Astrocaryum","aculeatissimum","Astrocaryum aculeatissimum",NA,"Glaziou, A.",NA,"1888","7","16",NA,"Brasil","Rio de Janeiro","Rio de Janeiro","Lagoa de Freitas et S. Christovão","-43.2075004577637","-22.9027996063232","hb","<a href='http://coldb.mnhn.fr/catalognumber/mnhn/p/p02145845' target='other'> <mi>dwc_moreinfo</mi></a>","P02145845","P02145845_01","(Schott) Burret",NA,NA,NA,NA,NA,NA,NA,"57442","auto",NA,"17857",NA,NA,NA
"72","2015-09-03 20:41:12-03","MNHN","RECOLNAT_MNHN_P","P02145849","PreservedSpecimen",NA,NA,NA,"Arecaceae","Astrocaryum","aculeatissimum","Astrocaryum aculeatissimum",NA,"Glaziou",NA,"1888","7","16",NA,"Brasil","Rio de Janeiro","Rio de Janeiro","Lagoa de Freitas et S. Christovão","-43.2075004577637","-22.9027996063232","hb","Donné par Mme Simard, sa fille, en 1907 <a href='http://coldb.mnhn.fr/catalognumber/mnhn/p/p02145849' target='other'> <mi>dwc_moreinfo</mi></a>","P02145849","P02145849_01","(Schott) Burret",NA,NA,NA,NA,NA,NA,NA,"57442","auto",NA,"17857",NA,NA,NA
"73","2015-09-03 20:41:12-03","MNHN","RECOLNAT_MNHN_P","P02145843","PreservedSpecimen",NA,NA,NA,"Arecaceae","Astrocaryum","aculeatissimum","Astrocaryum aculeatissimum",NA,"Glaziou",NA,"1888","7","16",NA,"Brasil","Rio de Janeiro","Rio de Janeiro","Lagoa Freitas a S. Christovão","-43.2075004577637","-22.9027996063232","hb","Donné par Mme Simard, sa fille, en 1907 <a href='http://coldb.mnhn.fr/catalognumber/mnhn/p/p02145843' target='other'> <mi>dwc_moreinfo</mi></a>","P02145843","P02145843_01","(Schott) Burret",NA,NA,NA,NA,NA,NA,NA,"57442","auto",NA,"17857",NA,NA,NA
"74","2015-09-03 20:41:04-03","MNHN","RECOLNAT_MNHN_P","P02145833","PreservedSpecimen",NA,NA,NA,"Arecaceae","Astrocaryum","aculeatissimum","Astrocaryum aculeatissimum",NA,"Glaziou, A.",NA,"1876","3","19",NA,"Brasil","Rio de Janeiro","Rio de Janeiro","Larangeiras","-43.2075004577637","-22.9027996063232","hb","<a href='http://coldb.mnhn.fr/catalognumber/mnhn/p/p02145833' target='other'> <mi>dwc_moreinfo</mi></a>","P02145833","P02145833_01","(Schott) Burret",NA,NA,NA,NA,NA,NA,NA,"57442","auto",NA,"8067",NA,NA,NA
"75","2015-09-03 20:41:04-03","MNHN","RECOLNAT_MNHN_P","P02145836","PreservedSpecimen",NA,NA,NA,"Arecaceae","Astrocaryum","aculeatissimum","Astrocaryum aculeatissimum",NA,"Glaziou",NA,"1876","3","19",NA,"Brasil","Rio de Janeiro","Rio de Janeiro","Larangeiras","-43.2075004577637","-22.9027996063232","hb","Reçule 4 Octobre 1876 <a href='http://coldb.mnhn.fr/catalognumber/mnhn/p/p02145836' target='other'> <mi>dwc_moreinfo</mi></a>","P02145836","P02145836_01","(Schott) Burret",NA,NA,NA,NA,NA,NA,NA,"57442","auto",NA,"8667",NA,NA,NA
"76","2015-09-03 20:41:12-03","MNHN","RECOLNAT_MNHN_P","P02145838","PreservedSpecimen",NA,NA,NA,"Arecaceae","Astrocaryum","aculeatissimum","Astrocaryum aculeatissimum",NA,"Glaziou, A.",NA,"1876","3","19",NA,"Brasil","Rio de Janeiro","Rio de Janeiro","Larangeiras","-43.2075004577637","-22.9027996063232","hb","<a href='http://coldb.mnhn.fr/catalognumber/mnhn/p/p02145838' target='other'> <mi>dwc_moreinfo</mi></a>","P02145838","P02145838_01","(Schott) Burret",NA,NA,NA,NA,NA,NA,NA,"57442","auto",NA,"8067",NA,NA,NA
"77","2015-09-03 20:41:12-03","MNHN","RECOLNAT_MNHN_P","P02145847","PreservedSpecimen",NA,NA,NA,"Arecaceae","Astrocaryum","aculeatissimum","Astrocaryum aculeatissimum",NA,"Glaziou",NA,"1878","3","14",NA,"Brasil","Rio de Janeiro","Rio de Janeiro","Quinta de São Christovão","-43.2075004577637","-22.9027996063232","hb","<a href='http://coldb.mnhn.fr/catalognumber/mnhn/p/p02145847' target='other'> <mi>dwc_moreinfo</mi></a>","P02145847","P02145847_01","(Schott) Burret",NA,NA,NA,NA,NA,NA,NA,"57442","auto",NA,"10117",NA,NA,NA
"78","2015-09-03 20:41:12-03","MNHN","RECOLNAT_MNHN_P","P02145842","PreservedSpecimen",NA,NA,NA,"Arecaceae","Astrocaryum","aculeatissimum","Astrocaryum aculeatissimum",NA,"Glaziou, A.",NA,"1880","1","20",NA,"Brasil","Rio de Janeiro","Rio de Janeiro","Villa Nova; prés de Rio Macaco]","-43.2075004577637","-22.9027996063232","hb","<a href='http://coldb.mnhn.fr/catalognumber/mnhn/p/p02145842' target='other'> <mi>dwc_moreinfo</mi></a>","P02145842","P02145842_01","(Schott) Burret",NA,NA,NA,NA,NA,NA,NA,"57442","auto",NA,"12254",NA,NA,NA
"79","2010-08-31 13:52:49-03","MNHN","RECOLNAT_MNHN_P","P00415750","PreservedSpecimen",NA,NA,NA,"Araliaceae","Astrocaryum","ayri","Astrocaryum ayri",NA,"Weddell, H.A.",NA,NA,NA,NA,NA,"Brésil",NA,NA,"Rio de Janeiro",NA,NA,"xy","Cat. des bois : B 2589 / Catalogue : (n° 707 herb.).Attention,ajout dans N°Recolte:cat.des Bois. ; ancienne marque de récolement ; mention en marge : Double <a href='http://coldb.mnhn.fr/catalognumber/mnhn/p/p00415750' target='other'> <mi>dwc_moreinfo</mi></a>","P00415750",NA,"Mart.",NA,NA,NA,NA,NA,NA,NA,NA,NA,NA,NA,NA,NA,NA
"80","2020-10-01 14:25:45-03","JBB","HEPH","25076","S","Plantae","Monocotyledon","Arecales","Arecaceae","Astrocaryum","aculeatissimum","Astrocaryum aculeatissimum","Fernandes, HQB","Krieger, L","13132","1973","10","25","Southern America","Brasil","Minas Gerais","Juiz de Fora","Rio do Peixe - Juiz de Fora- MG.","-43.3502998352051","-21.7642002105713",NA,NA,NA,NA,"(Schott) Burret",NA,NA,NA,NA,NA,NA,NA,"36144","auto",NA,NA,NA,NA,NA
"81","2020-12-11 11:43:24-03","UFMG","BHCB","133115","PreservedSpecimen","Plantae","Monocotyledon",NA,"Arecaceae","Astrocaryum","aculeatissimum","Astrocaryum aculeatissimum",NA,"Almeida, TE; Souza, DT; Cota, MMT","2067","2009","09","02","Southern America","Brasil","Minas Gerais","Chalé","Rio José Pedro., Floresta Estacional Semidecidual","-41.747583","-20.046694",NA,"Espata e frutos na carpoteca; Árvore com 8m de altura, no interior de floresta. Lâmina com 3,0 m; pecíolo com 1,8 m; 70 pares de folíolos. Frutos maduros marrons.; Floresta Estacional Semidecidual.","BHCB050499","BHCB050499 BHCB050499_1","(Schott) Burret","371","371","-41.747583","-20.046694",NA,NA,NA,NA,NA,NA,NA,NA,NA,NA
"82","2020-12-11 11:43:24-03","UFMG","BHCB","77859","PreservedSpecimen","Plantae","Monocotyledon",NA,"Arecaceae","Astrocaryum","aculeatissimum","Astrocaryum aculeatissimum",NA,"Couto, FR","182","2003","01","13","Southern America","Brasil","Minas Gerais","Caratinga","Mata do Jaó.","-42.1391983032227","-19.7896995544434",NA,"Inflorescência em separado. Nome vulgar Brejaúba.&nf;PJ 388, Plot 1, árvore 3257; Arbóreo.; Mata Atlântica.","BHCB050498","BHCB050498","(Schott) Burret",NA,NA,NA,NA,NA,NA,NA,"49886","auto",NA,NA,NA,NA,NA
"83","2018-06-22 05:25:00-03","MO","MOBOT","2456762","PreservedSpecimen","Plantae",NA,NA,"Arecaceae","Astrocaryum","aculeatissimum","Astrocaryum aculeatissimum",NA,"Pe. Raulino Reitz","Reitz 5731","1957","10","4","South America","Brazil","Santa Catarina",NA,"Garuva. Morro da Brejaúba",NA,NA,NA,NA,NA,NA,"(Schott) Burret","50.00000000",NA,NA,NA,NA,NA,NA,NA,NA,NA,NA,NA,NA,NA
"84","2009-05-14 03:32:00-03","MO","MOBOT","290139","PreservedSpecimen","Plantae",NA,NA,"Arecaceae","Astrocaryum","aculeatissimum","Astrocaryum aculeatissimum","L.R.Noblick (F)","Alwyn H. Gentry|Elsa M. Zardini","Gentry 49705","1985","1","19","South America","Brazil","Rio de Janeiro",NA,"Forest remnant on hill just E of Río Bonito, between Niteroi and Silva Jardim.","-42.66666","-22.75",NA,NA,NA,NA,"(Schott) Burret","100.00000000",NA,NA,NA,NA,NA,NA,NA,NA,NA,"85-65","6",NA,NA
"85","2013-08-23 04:12:00-03","MO","MOBOT","294304","PreservedSpecimen","Plantae",NA,NA,"Arecaceae","Astrocaryum","aculeatissimum","Astrocaryum aculeatissimum","L.R.Noblick","Ariane L. Peixoto","Peixoto 3160","1985","2","2","South America","Brazil","Espírito Santo",NA,"Linhares, Reserva Florestal da CVRD. Transect 3",NA,NA,NA,NA,NA,NA,"(Schott) Burret",NA,NA,NA,NA,NA,NA,NA,NA,NA,NA,"85-8","3",NA,NA
"86","2009-05-14 03:32:00-03","MO","MOBOT","3391682","PreservedSpecimen","Plantae",NA,NA,"Arecaceae","Astrocaryum","aculeatissimum","Astrocaryum aculeatissimum","H.Q. Boudet Fernandes","H.Q. Boudet Fernandes","Boudet Fernandes 1976","1986","5","14","South America","Brazil","Espírito Santo",NA,"Santa Teresa, Barra de Santa Julia.",NA,NA,NA,NA,NA,NA,"(Schott) Burret",NA,NA,NA,NA,NA,NA,NA,NA,NA,NA,NA,NA,NA,NA
"87","2011-02-22 17:06:00-03","MO","MOBOT","3391692","PreservedSpecimen","Plantae",NA,NA,"Arecaceae","Astrocaryum","aculeatissimum","Astrocaryum aculeatissimum","H.Q. Boudet Fernandes","H.Q. Boudet Fernandes|Wilson Boone","Boudet Fernandes 1977","1986","5","14","South America","Brazil","Espírito Santo",NA,"Santa Teresa, Barra de Santa Julia.",NA,NA,NA,NA,NA,NA,"(Schott) Burret",NA,NA,NA,NA,NA,NA,NA,NA,NA,NA,NA,"1",NA,NA
"88","2020-09-16 16:42:31-03","MBML","MBML-HERBARIO","27692",NA,"Plantae",NA,NA,"Palmae","Astrocaryum","aculeatissimum","Astrocaryum aculeatissimum","H.Q. Boudet Fernandes/19-02-2008","L. F. S. Magnago; V. Demuner, M. Belizário, E. Bausen","524","2006","02","02",NA,"Brasil","Espírito Santo","Águia Branca","Aguas Claras, propr.: Seu Voito.","-40.666944","-18.902778",NA,"Unicaule com 7m de alt. Flores maculinas de cor bege. Mata. Carpoteca.","MBML027692",NA,"(Schott) Burret.","300","300","40W40'1","18S54'10","2008","02","19",NA,NA,NA,NA,NA,NA,NA
"89","2020-09-16 16:42:31-03","MBML","MBML-HERBARIO","142",NA,"Plantae",NA,NA,"Palmae","Astrocaryum","aculeatissimum","Astrocaryum aculeatissimum",NA,"H. Q. Boudet Fernandes; W. Boone","1976","1986","05","14",NA,"Brasil","Espírito Santo","São Roque do Canaã","(Santa Teresa) Barra de Santa Júlia","-40.665833","-19.658889",NA,"Arbusto 3,5m, estipe subterrâneo, estéril em touceira, folíolos mais ou menos agrupados, prateados inferiormente.","MBML000142",NA,"(Schott) Burret.",NA,NA,"40W39'57","19S39'32",NA,NA,NA,NA,NA,NA,NA,NA,NA,NA
"90","2020-07-22 12:15:09-03","MBML","MBML-HERBARIO","143",NA,"Plantae",NA,NA,"Palmae","Astrocaryum","aculeatissimum","Astrocaryum aculeatissimum",NA,"H. Q. Boudet Fernandes; W. Boone","1990","1986","05","21",NA,"Brasil","Espírito Santo","Santa Teresa","Saltinho","-40.506944","-19.936111",NA,"Árvore, estipe subterrâneo, folíolos brancacentos inferiormente, folha 4m, pecíolo 1,6m, espata castanho clara, frutos branco ferrugíneos, semi-sombra, mata, alto de encosta.","MBML000143",NA,"(Schott) Burret",NA,NA,"40W30'25","19S56'10",NA,NA,NA,NA,NA,NA,NA,NA,NA,NA
"91","2020-09-16 16:42:31-03","MBML","MBML-HERBARIO","19355",NA,"Plantae",NA,NA,"Palmae","Astrocaryum","aculeatissimum","Astrocaryum aculeatissimum","H.Q.Boudet Fernandes/I-2004","L. Kollmann; et al","5961","2003","01","30",NA,"Brasil","Espírito Santo","Santa Maria de Jetibá","Belém","-40.697222","-20.043333",NA,"Planta de folha de 4m, frutos marrons.","MBML019355",NA,"(Schott) Burret",NA,NA,"40W41'50","20S2'36",NA,NA,NA,NA,NA,NA,NA,NA,NA,NA
"92","2020-09-16 16:42:31-03","MBML","MBML-HERBARIO","26776",NA,"Plantae",NA,NA,"Palmae","Astrocaryum","aculeatissimum","Astrocaryum aculeatissimum","H.Q. Boudet Fernandes/19-02-2008","V. Demuner; L.F.S. Magnago, T. Cruz, Elias Bausen, Clara.","2041","2006","03","16",NA,"Brasil","Espírito Santo","Águia Branca","Assentamento 16 de Abril, fragmento a esquerda do campo","-40.734722","-18.907028",NA,"Touceira três indivíduos, 6m de altura, inflorescência branca (carpoteca). Interior de mata.","MBML026776",NA,"(Schott) Burret","200","200","40W44'5","18S54'25,3","2008","02","19",NA,NA,NA,NA,NA,NA,NA
"93","2020-09-16 16:42:31-03","MBML","MBML-HERBARIO","28551",NA,"Plantae",NA,NA,"Palmae","Astrocaryum","aculeatissimum","Astrocaryum aculeatissimum","L.F.S. Magnago e V. Demuner, 10/2/2006","L. F. S. Magnago; V. Demuner, M. Belizário, E. Bausen","432","2006","01","05",NA,"Brasil","Espírito Santo","Santa Leopoldina","Fazenda Caioaba, propr.:Virloni, Mata, trilha do corrego Caioaba.","-40.470556","-20.059167",NA,"Estipe 4m de altura. Caule com espinhos. Multicaule. Floreas verdes claro. Mata beira do corrego.","MBML028551",NA,"(Schott) Burret","150","150","40W28'14","20S3'33","2006","02","10",NA,NA,NA,NA,NA,NA,NA
"94","2020-09-16 16:42:31-03","MBML","MBML-HERBARIO","33879",NA,"Plantae",NA,NA,"Palmae","Astrocaryum","aculeatissimum","Astrocaryum aculeatissimum","H.Q.B. Fernandes/28-04-2010","P. Labiak; et al","4669","2008","02","18",NA,"Brasil","Espírito Santo","Nova Venécia","Área de Proteção Ambiental da Pedra do Elefante","-40.443889","-18.776944",NA,"Estipite ca. 10m altura. Folhas ca. 3m compr., com espinbhos negros. Flores creme. Interior da mata. Material prensado em álcool.","MBML033879",NA,"(Schott) Burret",NA,NA,"40W26'38","18S46'37",NA,NA,NA,NA,NA,NA,NA,NA,NA,NA
"95","2020-07-10 09:48:40-03","MBML","MBML-HERBARIO","4350",NA,"Plantae",NA,NA,"Palmae","Astrocaryum","aculeatissimum","Astrocaryum aculeatissimum",NA,"H. Q. Boudet Fernandes","2224","1987","09","22",NA,"Brasil","Espírito Santo","Linhares","Reserva Florestal, CVRD","-40.063611","-19.1375",NA,"Planta jovem, solitária, estéril. Nome vulgar:brejauba.","MBML004350",NA,"(Schott) Burret",NA,NA,"40W3'49","19S8'15",NA,NA,NA,NA,NA,NA,NA,NA,NA,NA
"96","2020-07-10 09:48:40-03","MBML","MBML-HERBARIO","4351",NA,"Plantae",NA,NA,"Palmae","Astrocaryum","aculeatissimum","Astrocaryum aculeatissimum",NA,"H. Q. Boudet Fernandes","2227","1987","09","22",NA,"Brasil","Espírito Santo","Linhares","Reserva Florestal, CVRD","-40.063611","-19.1375",NA,"Informações transcritas do banco de dados, material não localizado no inventário de 2010","MBML004351",NA,"(Schott) Burret",NA,NA,"40W3'49","19S8'15",NA,NA,NA,NA,NA,NA,NA,NA,NA,NA
"97","2020-09-16 16:42:31-03","MBML","MBML-HERBARIO","46145",NA,"Plantae",NA,NA,"Palmae","Astrocaryum","aculeatissimum","Astrocaryum aculeatissimum","A. P. Fontana/17-04-2013","A. P. Fontana; L. Kollmann","7541","2013","04","17",NA,"Brasil","Rio de Janeiro","Macaé","Cabiúnas, TECAB","-41.731944","-22.285556",NA,"Árboreo ca 6m. Frutos imaturos","MBML046145",NA,"(Schott) Burret","37","37","41W43'55","22S17'8",NA,NA,NA,NA,NA,NA,NA,NA,NA,NA
"98","2020-07-10 09:48:40-03","MBML","MBML-HERBARIO","53",NA,"Plantae",NA,NA,"Palmae","Astrocaryum","aculeatissimum","Astrocaryum aculeatissimum",NA,"H. Q. Boudet Fernandes; W. Boone","1977","1986","05","14",NA,"Brasil","Espírito Santo","São Roque do Canaã","(Santa Teresa) Barra de Santa Júlia","-40.665833","-19.658889",NA,"Brejaúva, arbusto 1,8m, estipe subterrâneo, folíolos prateados inferiormente, formando touceira, capoeira em alto de encosta, heliófila, estéril.","MBML000053",NA,"(Schott) Burret",NA,NA,"40W39'57","19S39'32",NA,NA,NA,NA,NA,NA,NA,NA,NA,NA
"99","2020-07-10 09:48:40-03","MBML","MBML-HERBARIO","54",NA,"Plantae",NA,NA,"Palmae","Astrocaryum","aculeatissimum","Astrocaryum aculeatissimum",NA,"H. Q. Boudet Fernandes","1699","1985","12","10",NA,"Brasil","Espírito Santo","Santa Teresa","Valsugana","-40.632778","-19.915",NA,"Arbusto formando touceira, caule subterrâneo, folhas com até 4m, glaucas inferiormente, raque 2m, pecíolo 1,3m, bainha subterrânea, espata interior fechada, com espínulas alvas e marrons, semi-sombra, capoeirão ripário.","MBML000054",NA,"(Schott) Burret",NA,NA,"40W37'58","19S54'54",NA,NA,NA,NA,NA,NA,NA,NA,NA,NA
"100","2020-07-22 12:15:09-03","MBML","MBML-HERBARIO","55",NA,"Plantae",NA,NA,"Palmae","Astrocaryum","aculeatissimum","Astrocaryum aculeatissimum",NA,"H. Q. Boudet Fernandes","1685","1985","11","25",NA,"Brasil","Espírito Santo","Santa Teresa","Penha, Fazenda Tabajara","-40.556389","-19.951389",NA,"Arbusto, estipe 60cm, 8cm de diâmetro, folha 3,6m, pecíolo mais bainha 1,6, raque 2m, espata creme com acúleos castanhos e marrons, espádice com pedúnculo e ráquis creme com raquilas encobertas de flores castanhas, ciófila, mata, encos","MBML000055",NA,"(Schott) Burret",NA,NA,"40W33'23","19S57'5",NA,NA,NA,NA,NA,NA,NA,NA,NA,NA
"101","2020-07-10 09:48:40-03","MBML","MBML-HERBARIO","5569",NA,"Plantae",NA,NA,"Palmae","Astrocaryum","aculeatissimum","Astrocaryum aculeatissimum",NA,"H. Q. Boudet Fernandes; et al","2718","1989","04","12",NA,"Brasil","Espírito Santo","Santa Teresa","Estação Biológica de Santa Lúcia","-40.530278","-19.971389",NA,"Palmeira cespitosa. Caule:obscuramente anelado, cor cinza escuro, aculeado; 8m x 11cm. Folha: 10 contemporâneas, patente, arqueada. Bainha e pecíolo: comprimento 188cm. Raque: comprimento 450cm. Foliolo 85 pares e regularmente disposto","MBML005569",NA,"(Schott) Burret",NA,NA,"40W31'49","19S58'17",NA,NA,NA,NA,NA,NA,NA,NA,NA,NA
"102","2020-09-17 15:32:39-03","MBML","MBML-HERBARIO","6498",NA,"Plantae",NA,NA,"Palmae","Astrocaryum","aculeatissimum","Astrocaryum aculeatissimum",NA,"H. Q. Boudet Fernandes; et al","3097","1994","01","26",NA,"Brasil","Espírito Santo","Atílio Vivácqua","base da Serra Linda Aurora, Fazenda Oriente, ca. De 5 Km da BR101, indo para A. Vivaqua. Altitude aproximada 550 m/s.m.. Floresta pluvial tropical de encosta. Capoeirão, orla da mata.","-41.209444","-21.005556",NA,"Arbustiva, caule subterrâneo, isolado, jovem, estéril.","MBML006498",NA,"(Schott) Burret",NA,NA,"41W12'34","21S0'20",NA,NA,NA,NA,NA,NA,NA,NA,NA,NA
"103","2020-07-10 09:48:40-03","MBML","MBML-HERBARIO","651",NA,"Plantae",NA,NA,"Palmae","Astrocaryum","aculeatissimum","Astrocaryum aculeatissimum",NA,"H. Q. Boudet Fernandes; W. Boone","2039","1986","10","14",NA,"Brasil","Espírito Santo","Conceição da Barra","Reserva da Fazenda São Joaquim","-39.803889","-18.263889",NA,"Arbusto cespitoso, estipe 1m X 18cm, folha 3,5m, estéril ao sol, capoeira, abundante na mata.","MBML000651",NA,"(Schott) Burret",NA,NA,"39W48'14","18S15'50",NA,NA,NA,NA,NA,NA,NA,NA,NA,NA
"104","2020-07-22 20:15:30-03","MBML","MBML-HERBARIO","6511",NA,"Plantae",NA,NA,"Palmae","Astrocaryum","aculeatissimum","Astrocaryum aculeatissimum",NA,"H. Q. Boudet Fernandes; et al","3137","1994","03","08",NA,"Brasil","Espírito Santo","Ecoporanga","Santa Teresinha, cerca de 5 Km ao N do povoado, Vale do Córrego de Jequitibá","-40.816667","-18.45",NA,"Arborescente ca. 15m de altura, caule múltiplo, touceira densa. Só planta jovem coletada, próxima a adulta.","MBML006511",NA,"(Schott) Burret",NA,NA,"40W49'","18S27'",NA,NA,NA,NA,NA,NA,NA,NA,NA,NA
"105","2020-07-10 09:48:40-03","MBML","MBML-HERBARIO","6572",NA,"Plantae",NA,NA,"Palmae","Astrocaryum","aculeatissimum","Astrocaryum aculeatissimum",NA,"L. Krieger","13132","1973","10","25",NA,"Brasil","Minas Gerais","Juíz de Fora","Rio do Peixe","-43.349722","-21.764167",NA,"Plameira com 8-10m, na mata primária, caule com espinhos pretos, longos, caducos, na parte inferior do caule, folhas esbranquiçadas, face dorsal, frutos acastanhados, amostra de base da folha, cacho de frutos.","MBML006572",NA,"(Schott) Burret",NA,NA,"43W20'59","21S45'51",NA,NA,NA,NA,NA,NA,NA,NA,NA,NA
"106","2020-09-16 16:42:31-03","MBML","MBML-HERBARIO","7608",NA,"Plantae",NA,NA,"Palmae","Astrocaryum","aculeatissimum","Astrocaryum aculeatissimum",NA,"H. Q. Boudet Fernandes; et al","3212","1997","07","23",NA,"Brasil","São Paulo","Pariquera-Açu","Estação Experimental do Instituto Agronômico. Floresta de planície. Altitude ca. 100 m/s.m.","-47.883333","-24.583333",NA,"Palmeira arbustiva, cespitosa. Estipes, (5) até 5m x 10cm, aculeados. Folha: pecíolo + bainha 1.5m x 2.8cm (larg. Distal); raque 3.65m; folíolos, 74 pares, mediano com 106 x 5 cm, esbranquiçados inferiormente. Inflorescência com frutos","MBML007608",NA,"(Schott) Burret",NA,NA,"47W53'","24S35'",NA,NA,NA,NA,NA,NA,NA,NA,NA,NA
"107","2020-09-16 13:16:23-03","MBML","MBML-HERBARIO","7621",NA,"Plantae",NA,NA,"Palmae","Astrocaryum","aculeatissimum","Astrocaryum aculeatissimum",NA,"H. Q. Boudet Fernandes; et al","3229","1997","07","25",NA,"Brasil","São Paulo","Sete Barras","Bacia do rio Saibadela, Parque Estadual Intervales. Ca. 24º16'S, 48º02'W Gr. Altitude ca. 100-270m/s.m. Trilha do Quilombo (ou do Araçá)","-48.033333","-24.266667",NA,"Arborescente, ca. 5 cespitosa. Estipe (só 1 desenvolvido, 5m x 10cm. Folha: 11 contemporâneas; bainha pelo menos 50cm; pecíolo 8cm, raque 300-345; folíolos, 80-83 pares, regularmente arranjados e dispostos em um plano, o mediano 96-98","MBML007621",NA,"(Schott) Burret",NA,NA,"48W2'","24S16'",NA,NA,NA,NA,NA,NA,NA,NA,NA,NA
"108","2020-09-16 16:42:31-03","MBML","MBML-HERBARIO","7627",NA,"Plantae",NA,NA,"Palmae","Astrocaryum","aculeatissimum","Astrocaryum aculeatissimum",NA,"H. Q. Boudet Fernandes; Luiz A.F. Matthes, Amauri C.Marcato, Renato Belinello","3213","1997","07","23",NA,"Brasil","São Paulo","Pariquera-Açu","Estação Experimental do Instituto Agronômico. Floresta de planície. Altitude ca. 50 m/s.m.","-47.883333","-24.583333",NA,"Palmeira arbustiva, cespitosa. Estipes (4), até 4m x 9.5cm, aculeados. Folhas: raque 3.39m; folíolos, 75 pares, o mediano com 96 x 4.7cm, esbranquiçados inferiormente. Frutos marrons. Associada a Attalea dubia, Bactris setosa, Syagrus","MBML007627",NA,"(Schott) Burret",NA,NA,"47W53'","24S35'",NA,NA,NA,NA,NA,NA,NA,NA,NA,NA
"109","2020-01-30 12:40:14-03","UFES","SAMES-CARPOTECA","90027","PreservedSpecimen","Plantae",NA,NA,"Arecaceae","Astrocaryum","aculeatissimum","Astrocaryum aculeatissimum","Costa,M.B.","Costa,M.B.; Fanticelle,B.S.","17","2012","10","31",NA,"Brasil","Espírito Santo","Conceição da Barra",NA,"-39.805","-18.2625",NA,"Palmeira de 8 m de altura com fruto. Exsicata SAMES 552","SAMEScarpo90027",NA,"(Schott) Burret",NA,NA,"39º48'18''W","18º15'45''S","2012","10","31",NA,NA,NA,NA,NA,NA,NA
"110","2020-01-30 12:40:14-03","UFES","SAMES-CARPOTECA","90030","PreservedSpecimen","Plantae",NA,NA,"Arecaceae","Astrocaryum","aculeatissimum","Astrocaryum aculeatissimum","Ribeiro,M.","Ribeiro,M.; Rocha,T.L.;Silva,W.B.","503","2011","04","30",NA,"Brasil","Espírito Santo","Conceição da Barra",NA,"-39.805","-18.2625",NA,"Palmeira de seis metros, frutos marrons, raqui da infrutescência espinhosa. Exsicata SAMES 554","SAMEScarpo90030",NA,"(Schott) Burret",NA,NA,"39º48'18''W","18º15'45''S","2011","04","30",NA,NA,NA,NA,NA,NA,NA
"111","2020-01-30 12:37:16-03","UFES","SAMES-CARPOTECA","90028","PreservedSpecimen","Plantae",NA,NA,"Arecaceae","Astrocaryum","aculeatissimum","Astrocaryum aculeatissimum","Ribeiro,M.","Ribeiro,M.; Menezes,L.F.T.;Broggio,I.S.","183","2010","06","01",NA,"Brasil","Espírito Santo","Pinheiros","Estrada, periferia de Mata alta de Floresta Atlântica de Tabuleiro. Reserva Biológica Córrego do Veado.","-40.2132987976074","-18.3703002929688",NA,"Palmeira de cinco metros de altura. Folha: 5,30 m, com cerca de 69 folíolos em um dos lados, pecíolo 1,27 m; tendo diminutos espinhos na face abaxial dos folíolos. Exsicata SAMES 553","SAMEScarpo90028",NA,"(Schott) Burret",NA,NA,NA,NA,"2010","08","25","28525","auto",NA,NA,NA,NA,NA
"112","2020-01-30 12:40:14-03","UFES","SAMES-CARPOTECA","90029","PreservedSpecimen","Plantae",NA,NA,"Arecaceae","Astrocaryum","aculeatissimum","Astrocaryum aculeatissimum",NA,"Smarzaro,R.; Conceição,D.D;Nascimento,M.M.","83","2019","01","13",NA,"Brasil","Espírito Santo","Jaguar","Área Palmitinho.","-39.903333","-18.951944",NA,"Folhas com presença de espinhos. Caule com anéis que alternam-se quanto a presença de espinhos.Inflorescência em formato de cachos. Exsicata SAMES 8594","SAMEScarpo90029",NA,"(Schott) Burret",NA,NA,"39º54'12''W","18º57'7''S",NA,NA,NA,NA,NA,NA,NA,NA,NA,NA
"113","2021-02-04 10:26:24-03","UFRPE","HST","12485","PreservedSpecimen","Plantae",NA,NA,"Arecaceae","Astrocaryum","aculeatissimum","Astrocaryum aculeatissimum","A.M.Miranda","A.M.Miranda; et M.I.B.Silva","4658","2004","11","19",NA,"Brasil","Bahia","Caravelas","Fazenda Ceú Aberto","-39.2658004760742","-17.7318992614746",NA,"Palmeira ca. 1,60m alt.; inflorescência creme; frutos imaturos verdes.","HST012485",NA,"(Schott) Burret",NA,NA,NA,NA,"2004",NA,NA,"106553","auto",NA,NA,NA,NA,NA
"114","2021-02-09 10:12:11-03","UENF","HUENF","7533","PreservedSpecimen","Plantae",NA,NA,"Arecaceae","Astrocaryum","aculeatissimum","Astrocaryum aculeatissimum",NA,"Nascimento, M.T.; França, J.V.","9","1997","09","27",NA,"Brasil","Rio de Janeiro","Campos dos Goytacazes","Imbé - Palmeiras","-41.796944","-21.846944",NA,"Porte arbustivo, indivíduo jovem","HUENF00007536",NA,"(Schott) Burret","38","38","41º47'49''W","21º50'49''S",NA,NA,NA,NA,NA,NA,NA,NA,NA,NA
"115","2021-02-09 10:12:11-03","UENF","HUENF","7534","PreservedSpecimen","Plantae",NA,NA,"Arecaceae","Astrocaryum","aculeatissimum","Astrocaryum aculeatissimum",NA,"Nascimento, M.T.; França, J.V.","8","1997","09","27",NA,"Brasil","Rio de Janeiro","Campos dos Goytacazes","Imbé - Palmeiras","-41.796944","-21.846944",NA,"Porte arbóreo, ocasionalmente caule arbustivo em tonceira, com muitos espinhos","HUENF00007537",NA,"(Schott) Burret","38","38","41º47'49''W","21º50'49''S",NA,NA,NA,NA,NA,NA,NA,NA,NA,NA
"116","2021-02-25 10:11:23-03","CVRD","CVRD","7226","PreservedSpecimen","Plantae","Magnoliophyta","Arecales","Arecaceae","Astrocaryum","aculeatissimum","Astrocaryum aculeatissimum","Amauri C. Marcato","Marcato, A.C. et al.","343","2002","01","31","América do Sul","BRASIL","ES","Linhares",NA,"-40.0722007751465","-19.3910999298096",NA,"<ll>dwc_commonname:</ll> Brejaúba","CVRD007226","CVRD007226","(Schott) Burret",NA,NA,NA,NA,"2002","01","31","48094","auto","Liliopsida",NA,NA,NA,NA
"117","2021-02-25 10:11:23-03","CVRD","CVRD","2195","PreservedSpecimen","Plantae","Magnoliophyta","Arecales","Arecaceae","Astrocaryum","aculeatissimum","Astrocaryum aculeatissimum","Hélio Q. Boudet Fernandes","Farias, G.L.","259","1989","03","15","América do Sul","BRASIL","ES","Linhares",NA,"-40.0722007751465","-19.3910999298096",NA,"<ll>dwc_commonname:</ll> Brejaúba","CVRD002195","CVRD002195_a CVRD002195_b CVRD002195_c","(Schott) Burret",NA,NA,NA,NA,"1990","11","15","48094","auto","Liliopsida",NA,NA,NA,NA
"118","2021-02-25 10:11:23-03","CVRD","CVRD","1780","PreservedSpecimen","Plantae","Magnoliophyta","Arecales","Arecaceae","Astrocaryum","aculeatissimum","Astrocaryum aculeatissimum","Hélio Q. Boudet Fernandes","Fernades, H.Q.B.","2227","1987","09","22","América do Sul","BRASIL","ES","Linhares","No final da estrada.","-40.0722007751465","-19.3910999298096",NA,"<ll>dwc_commonname:</ll> Brejaúba","CVRD001780",NA,"(Schott) Burret",NA,NA,NA,NA,"1987","09","22","48094","auto","Liliopsida",NA,NA,NA,NA
"119","2019-07-31 14:32:05-03","CPATSA","HTSA","1104","PreservedSpecimen","Plantae",NA,NA,"Arecaceae","Astrocaryum","aculeatissimum","Astrocaryum aculeatissimum",NA,"Lima, J.L.S.; Sá, I.B. & Noblick, L.R.","013","1985","10","23",NA,"Brasil","Bahia","Mucuri","Fazenda Farol.","-39.975833","-18.118611",NA,NA,NA,NA,"(Schott) Burret",NA,NA,"-39.975833","-18.118611",NA,NA,NA,NA,NA,NA,NA,NA,NA,NA
"120","2020-09-12 05:00:02-03","US","US","2321363","PreservedSpecimen","Plantae",NA,"Arecales","Arecaceae","Astrocaryum","aculeatissimum","Astrocaryum aculeatissimum",NA,"R. Reitz","4217","1942","2","4","South America","Brazil","Santa Catarina",NA,"Morro da brejauba, san francisco do sul",NA,NA,NA,NA,"US00065067","US00065067_01","(Schott) Burret","50","50",NA,NA,NA,NA,NA,NA,NA,"Monocotyledonae",NA,"1",NA,NA
"121","2020-09-12 05:00:02-03","US","US","2321374","PreservedSpecimen","Plantae",NA,"Arecales","Arecaceae","Astrocaryum","aculeatissimum","Astrocaryum aculeatissimum",NA,"R. Reitz","5731",NA,NA,NA,"South America","Brazil","Santa Catarina",NA,"Morro da brejauba, san francisco do sul",NA,NA,NA,NA,NA,NA,"(Schott) Burret","50","50",NA,NA,NA,NA,NA,NA,NA,"Monocotyledonae",NA,"1",NA,NA
"122","2020-09-12 05:00:02-03","US","US","1194918","PreservedSpecimen","Plantae",NA,"Arecales","Arecaceae","Astrocaryum","aculeatissimum","Astrocaryum aculeatissimum",NA,"A. F. M. Glaziou","s.n.","1876","3","19","South America - Neotropics","Brazil",NA,NA,"Illegible",NA,NA,NA,NA,NA,NA,"(Schott) Burret",NA,NA,NA,NA,NA,NA,NA,NA,NA,"Monocotyledonae",NA,"1",NA,NA
"123","2020-09-12 05:00:02-03","US","US","1482056","PreservedSpecimen","Plantae",NA,"Arecales","Arecaceae","Astrocaryum","aculeatissimum","Astrocaryum aculeatissimum",NA,"P. K. Dusén","13521","1912","1","2","South America","Brazil","Paraná",NA,"Guaretuba",NA,NA,NA,NA,"US00056077","US00056077_01","(Schott) Burret",NA,NA,NA,NA,NA,NA,NA,NA,NA,"Monocotyledonae",NA,"1",NA,NA
"124","2020-09-12 05:00:02-03","US","US","3487299","PreservedSpecimen","Plantae",NA,"Arecales","Arecaceae","Astrocaryum","aculeatissimum","Astrocaryum aculeatissimum",NA,"L. R. Noblick & H. S. Brito","4795","1989","2","3","South America - Neotropics","Brazil","Bahia","Mucuri","Fazenda Martimnica, S of Rio Mucuri and W of the BR 101","-39.65","-18.08",NA,NA,"US01104032","US01104032_01","(Schott) Burret","50","100",NA,NA,NA,NA,NA,NA,NA,"Monocotyledonae",NA,"1",NA,NA
"125","2020-09-12 05:00:02-03","US","US","2321362","PreservedSpecimen","Plantae",NA,"Arecales","Arecaceae","Astrocaryum","aculeatissimum","Astrocaryum aculeatissimum",NA,"R. Reitz","4217","1942","2","4","South America","Brazil","Santa Catarina",NA,"Morro da brejauba, san francisco do sul",NA,NA,NA,NA,"US00065066","US00065066_01","(Schott) Burret","50","50",NA,NA,NA,NA,NA,NA,NA,"Monocotyledonae",NA,"1",NA,NA
"126","2020-09-12 05:00:02-03","US","US","3487298","PreservedSpecimen","Plantae",NA,"Arecales","Arecaceae","Astrocaryum","aculeatissimum","Astrocaryum aculeatissimum",NA,"L. R. Noblick & H. S. Brito","4795","1989","2","3","South America - Neotropics","Brazil","Bahia","Mucuri","Fazenda Martimnica, S of Rio Mucuri and W of the BR 101","-39.65","-18.08",NA,NA,"US01104031","US01104031_01","(Schott) Burret","50","100",NA,NA,NA,NA,NA,NA,NA,"Monocotyledonae",NA,"1",NA,NA
"127","2021-03-15 18:25:07-03","USP","SPF","179342","PreservedSpecimen","Plantae",NA,NA,"Arecaceae","Astrocaryum","aculeatissimum","Astrocaryum aculeatissimum","Marcato, AC","Marcato, AC; Pirani, JR; Groppo, M; Fiaschi, P; Folli, DA","343","2002","01","31",NA,"Brasil","Espírito Santo","Linhares","Reserva Natural Vale, Aceiro Milanez","-40.038889","-19.160556",NA,"Alt. 7m, caule 5x0,1m, folhas 6, raque 3,44m, folíolos 78, mediano 92x3,5cm. Flores estaminadas castanhas.; perto de Parkia pendula imensa. Floresta de tabuleiro","SPF00179342",NA,"(Schott) Burret","50","50","-40.038889","-19.160556","2002","01",NA,NA,NA,NA,NA,NA,NA,NA
"128","2021-03-15 18:25:07-03","USP","SPF","201041","PreservedSpecimen","Plantae",NA,NA,"Arecaceae","Astrocaryum","aculeatissimum","Astrocaryum aculeatissimum","Freitas, HS","Freitas, HS","391","2009","03","01",NA,"Brasil","São Paulo","São José do Barreiro","Fazenda Atibaia. Acesso pelo Km 258 da Rodovia dos Tropeiros (SP 068). Interior da Mata do Mascote.","-44.661389","-22.638611",NA,"Árvore 10 m alt.; 45 de perímetro á altura do peito.","SPF00201041",NA,"(Schott) Burret","482","482","-44.661389","-22.638611","2009",NA,NA,NA,NA,NA,NA,NA,NA,NA
"129","2021-03-15 18:25:07-03","USP","SPF","201043","PreservedSpecimen","Plantae",NA,NA,"Arecaceae","Astrocaryum","aculeatissimum","Astrocaryum aculeatissimum","Freitas, HS","Freitas, HS","202","2008","09","19",NA,"Brasil","São Paulo","São José do Barreiro","fazenda Atibaia. Acesso pelo Km 258 da Rodovia dos tropeiros (SP 068).","-44.656667","-22.642778",NA,"Árvore 6 m alt., 35 cm de perímetro à altura do peito. Folh coletada com 4 m de comprimento. Pecíolo 1,5 m e lâmina 2,5 m.; Interior de Mata.","SPF00201043",NA,"(Schott) Burret","504","504","-44.656667","-22.642778","2009",NA,NA,NA,NA,NA,NA,NA,NA,NA
"130","2021-03-15 18:25:07-03","USP","SPF","211253","PreservedSpecimen","Plantae",NA,NA,"Arecaceae","Astrocaryum","aculeatissimum","Astrocaryum aculeatissimum","Martins, EGA","Martins, EGA; Almeida-Costa, DG; Alves, GGN; Devecchi, MF","547","2013","07","11",NA,"Brasil","Espírito Santo","Linhares","Reserva Natural Vale, Estrada Peroba-Osso. Borda de mata.","-39.969611","-19.169917",NA,"Palmeira cespitosa 2,5 m alt. Folhas 12, 1 m compr., pecíolo ca. 40 cm, 21 pares de folíolos. Folíolos na base 30x2,4 cm, folíolo mediano 33x2,5 cm, folíolo no ápice 19x1,5 cm. Bráctea 12x5 cm. Infrutescência 12 cm compr. Frutos imat","SPF00211253",NA,"(Schott) Burret","30","30","-39.969611","-19.169917","2013","07","11",NA,NA,NA,NA,NA,NA,NA
"131","2021-03-15 18:25:07-03","USP","SPF","211255","PreservedSpecimen","Plantae",NA,NA,"Arecaceae","Astrocaryum","aculeatissimum","Astrocaryum aculeatissimum","Martins, EGA","Martins, EGA; Almeida-Costa, DG; Alves, GGN; Devecchi, MF","540","2013","07","10",NA,"Brasil","Espírito Santo","Governador Lindenberg","Sítio Sr. Fernando. Próximo à estrada de terra que dá acesso à sede. No interior da mata atrás da sede.","-40.4575","-19.147667",NA,"Palmeira cespitosa ca. 7 m alt. Estipe ca. 4 m alt., DAP 15,29 cm. Copa 3 m alt., ca. 15 folhas. Folha ca. 3 m compr., ca. 53 pares de folíolo. Folíolo na base 84x3 cm, folíolo mediano 79x3,3 cm, folíolo no ápice 38x1,9 cm. Acúleos n","SPF00211255",NA,"(Schott) Burret","109","109","-40.4575","-19.147667","2013","07","10",NA,NA,NA,NA,NA,NA,NA
"132","2021-03-15 18:25:07-03","USP","SPF","73924","PreservedSpecimen","Plantae",NA,NA,"Arecaceae","Astrocaryum","aculeatissimum","Astrocaryum aculeatissimum","Henderson, A","Simão-Bianchini, R","37","1988","10","10",NA,"Brasil","São Paulo","Juréia",NA,NA,NA,NA,"Erva em mata de restinga, próxima à água corrente.","SPF00073924",NA,"(Schott) Burret",NA,NA,NA,NA,"1996",NA,NA,NA,NA,NA,NA,NA,NA,NA
"133","2021-03-15 18:25:07-03","USP","SPF","211261","PreservedSpecimen","Plantae",NA,NA,"Arecaceae","Astrocaryum","aculeatissimum","Astrocaryum aculeatissimum","Martins, EGA","Martins, EGA; Almeida-Costa, DG; Alves, GGN; Devecchi, MF","522","2013","07","05",NA,"Brasil","Espírito Santo","Cachoeiro de Itapemirim","Floresta Nacional Pacotuba, Rodovia ES 483. Após passagem sobre a ponte do rio Itapemirim e Estação Experimental do Incaper, entrada à direita em estrada de terra.","-41.465444","-20.770278",NA,"Palmeira ca. 4 m alt, próxima a estrada. DAP 8,59 cm. Folha (1) 3,53 m. Ca. de 80 pares de folíolos, folíolo na base 57 cm, folíolo mediano 72 cm, folíolo no ápice 33 cm. Folha (2) 2,72 m. Ca. 52 pares de folíolos, folíolo na base 11","SPF00211261",NA,"(Schott) Burret","117","117","-41.465444","-20.770278","2013","07","05",NA,NA,NA,NA,NA,NA,NA
"134","2021-03-15 18:25:07-03","USP","SPF","152518","PreservedSpecimen","Plantae",NA,NA,"Arecaceae","Astrocaryum","aculeatissimum","Astrocaryum aculeatissimum","Almeida-Costa, DG","Forzza, RC; Almeida, VR; Franco, BKS","2093","2002","03","23",NA,"Brasil","Minas Gerais","Descoberto","Reserva Biológica da Represa do Grama","-42.9674987792969","-21.4596996307373",NA,"Erva arborescente, ca. 6 m alt., estipe densamente aculeada; acúleos em anéis regulares. Folhas com pecíolo de 30 cm compr., limbo ca. 4,5 m compr., folíolos discolores, glaucos na face abaxial, inflorescência ca. 50 cm compr., flore","SPF00152518",NA,"(Schott) Burret",NA,NA,NA,NA,"2018","04",NA,"11991","auto",NA,NA,NA,NA,NA
"135","2021-03-15 18:25:07-03","USP","SPF","140408","PreservedSpecimen","Plantae",NA,NA,"Arecaceae","Astrocaryum","aculeatissimum","Astrocaryum aculeatissimum","Marcato, AC","Marcato, AC; Pirani, JR; Mello-Silva, R; Cordeiro, I; Assis, MC","217","1999","10","16",NA,"Brasil","Rio de Janeiro","Paraty","Parati-Mirim","-44.7131004333496","-23.2178001403809",NA,"Altura ca. 5 m, caule ca 2.5m. Folhas 8-10, bainha 40 cm, raque foliar 2.63m, folíolos 62, folíolo mediano 87x4.5cm. Pendúnculo inflorescência 26-37 cm, raque 17cm. Frutos castanho-escuros.; Próximo à praia, em restinga.","SPF00140408",NA,"(Schott) Burret",NA,NA,NA,NA,"1999","10",NA,"34470","auto",NA,NA,NA,NA,NA
"136","2021-03-15 18:25:07-03","USP","SPF","85808","PreservedSpecimen","Plantae",NA,NA,"Arecaceae","Astrocaryum","aculeatissimum","Astrocaryum aculeatissimum","Henderson, A","Pardini, R; Mello-Silva, R; Campos, MTVA; Boulhosa, RLP","74","1992","07","05",NA,"Brasil","São Paulo","Sete Barras","Fazenda Intervales. Saibadela. Trilha do Araça.","-47.9199981689453","-24.3799991607666",NA,"Palmeira arborescente. Caule 8 m alt. e 12 cm diâm.; cespitosa. Raque 250 cm comp., 71 folíolos de cada lado. Inflorescência interfoliar, frutos amarronzados comestíveis.","SPF00085808",NA,"(Schott) Burret",NA,NA,NA,NA,"1992","07","13","34059","auto",NA,NA,NA,NA,NA
"137","2014-04-04 18:26:11-03","PNFM","IRAI","4212","S","Plantae","Magnoliophyta",NA,"Arecaceae","Astrocaryum","aculeatissimum","Astrocaryum aculeatissimum","Dunaiski Jr, A.","Dunaiski Jr, A.","s.n.","2008","04",NA,NA,"Brasil","Paraná",NA,"Serra do mar",NA,NA,NA,NA,"IRAI00004212",NA,"(Schott) Burret",NA,NA,NA,NA,"2008","01","01",NA,NA,NA,NA,NA,NA,NA
"138","2019-09-04 19:04:07-03","F","FMNH-SEEDPLANTS",NA,"PreservedSpecimen","Plantae","Spermatophyta",NA,"Arecaceae","Astrocaryum","ayri","Astrocaryum ayri",NA,"A. Glaziou","8067",NA,NA,NA,"South America","Brazil",NA,NA,NA,"-52.8731","-10.8339",NA,NA,NA,NA,NA,NA,NA,NA,NA,NA,NA,NA,NA,NA,"Monocotyledoneae",NA,NA,"Type [status unknown]",NA
"139","2019-09-04 19:16:17-03","F","FMNH-SEEDPLANTS",NA,"PreservedSpecimen","Plantae","Spermatophyta",NA,"Arecaceae","Astrocaryum","ayri","Astrocaryum ayri",NA,"H. W. Schott","4113",NA,NA,NA,"South America","Brazil",NA,NA,NA,"-52.8731","-10.8339",NA,NA,NA,NA,NA,NA,NA,NA,NA,NA,NA,NA,NA,NA,"Monocotyledoneae",NA,NA,"Type [status unknown]",NA
"140","2019-01-25 15:38:26-02","IAC","IAC","37896","S","Plantae",NA,NA,"Arecaceae","Astrocaryum","aculeatissimum","Astrocaryum aculeatissimum","R.B. Torres et al.","R.B. Torres et al.","702","1999","04","13",NA,"Brasil","São Paulo","Pariquera-Açu","IAC, Estação Experimental, área nativa","-47.8825","-24.608333",NA,"identificação confirmada por Almeida-Costa em 05/2018",NA,NA,"(Schott) Burret",NA,NA,"-47.882500","-24.608333","1999","04","13",NA,NA,NA,NA,NA,NA,NA
"141","2019-01-25 15:38:26-02","IAC","IAC","51963","S","Plantae",NA,NA,"Arecaceae","Astrocaryum","aculeatissimum","Astrocaryum aculeatissimum","E. Ramos et al.","E. Ramos; M. Eltink; J.F. Benedito & S. Santos","642","2009","11","07",NA,"Brasil","São Paulo","Ubatuba","Parque Estadual da Serra do Mar, Fazenda Capricórnio","-45.08222","-23.373767",NA,"Parcela H, subparcela 9, indivíduo n°151",NA,NA,"(Schott) Burret",NA,NA,"-45.082220","-23.373767","2009","11","07",NA,NA,NA,NA,NA,NA,NA
"142","2019-06-24 08:12:17-03","IAC","IAC","8353","S","Plantae",NA,NA,"Arecaceae","Astrocaryum","ayri","Astrocaryum ayri","D.M. Dedecca","D.M. Dedecca; C.A. Krug & A. Gardini","s/nº","1947","06","06",NA,"Brasil","São Paulo","Peruíbe","Serra do Guarau","-46.9983","-24.32",NA,"col. caixa de papelão pequena. n.v Brejaúba; Ayri e Coco de Ayri.",NA,NA,"Mart.",NA,NA,"-46.9983","-24.3200","1947","06","17",NA,NA,NA,NA,NA,NA,NA
"143","2020-07-23 11:58:11-03","CEPLAC","CEPEC","150870","PreservedSpecimen","Plantae",NA,NA,"Arecaceae","Astrocaryum","aculeatissimum","Astrocaryum aculeatissimum","C. Pessoa","Oliveira, N.E.","159","2014","08","12",NA,"Brasil","Bahia","ITAMARAJÚ","Conglomerado BA_1412-1-7-33","-39.419722","-17.099722",NA,"<ll>dwc_commonname:</ll>",NA,NA,NA,NA,NA,"39W25'11","17S5'59",NA,NA,NA,NA,NA,NA,NA,NA,NA,"17/11/2016"
"144","2020-07-23 11:58:11-03","CEPLAC","CEPEC","150795","PreservedSpecimen","Plantae",NA,NA,"Arecaceae","Astrocaryum","aculeatissimum","Astrocaryum aculeatissimum","C. Pessoa","Nogueira, M.G.C.","169","2014","07","22",NA,"Brasil","Bahia","teixeira de freitas","Conglomerado BA_1419-4-8-5","-39.779722","-17.459722",NA,"<ll>dwc_commonname:</ll>",NA,NA,NA,NA,NA,"39W46'47","17S27'35",NA,NA,NA,NA,NA,NA,NA,NA,NA,"17/9/2016"
"145","2020-07-23 11:58:11-03","CEPLAC","CEPEC","44604","PreservedSpecimen","Plantae",NA,NA,"Arecaceae","Astrocaryum","aculeatissimum","Astrocaryum aculeatissimum","L. R. Noblick","L. R. Noblick","4795","1989","02","03",NA,"Brasil","Bahia","MUCURÍ","2Km S Rio Mucuri e 8Km W BR-101, Faz. Martinica.","-39.65","-18.083333",NA,NA,NA,NA,NA,NA,NA,"39W39'0","18S5'0",NA,NA,NA,NA,NA,NA,NA,NA,NA,"30/12/1989"
"146","2020-07-23 11:58:11-03","CEPLAC","CEPEC","44615","PreservedSpecimen","Plantae",NA,NA,"Arecaceae","Astrocaryum","aculeatissimum","Astrocaryum aculeatissimum","L. R. Noblick","L. R. Noblick","4780","1989","02","01",NA,"Brasil","Bahia","NOVA VIÇOSA","22Km SE Pov. Helvecia.","-39.366667","-17.883333",NA,NA,NA,NA,NA,NA,NA,"39W22'0","17S53'0",NA,NA,NA,NA,NA,NA,NA,NA,NA,"30/12/1989"
"147","2021-04-08 17:13:19-03","UESB","HUESB","8762","S","Plantae","Monocotyledoneae",NA,"Arecaceae","Astrocaryum","aculeatissimum","Astrocaryum aculeatissimum",NA,"Mariano Neto, E.","1679","2000","09","06",NA,"Brasil","Bahia","Una","Região de Mata Higrófila Sul Baiana.","-39.0752983093262","-15.2932996749878",NA,"Arvoreta, ca. 2m. Inflorescência. Floresta ombrófila densa, encontrada próximo a clareira pequena. Número 3983A da fitossociologia.","HUESB000008762",NA,"(Schott) Burret",NA,NA,NA,NA,NA,NA,NA,"36070","auto",NA,NA,NA,NA,NA
"148","2021-04-08 17:13:19-03","UESB","HUESB","8763","S","Plantae","Monocotyledoneae",NA,"Arecaceae","Astrocaryum","aculeatissimum","Astrocaryum aculeatissimum",NA,"Mariano Neto, E.","793","2000","07","23",NA,"Brasil","Bahia","Una","Região de Mata Higrófila Sul Baiana.","-39.0752983093262","-15.2932996749878",NA,"Arvoreta, ca. 2,5m. Floresta alterada, encontrada em área de regeneração de clareira grande dentro da floresta. Número1680 da fitossociologia.","HUESB000008763",NA,"(Schott) Burret",NA,NA,NA,NA,NA,NA,NA,"36070","auto",NA,NA,NA,NA,NA
"149","2021-04-08 17:13:19-03","UESB","HUESB","7808","S","Plantae","Monocotyledoneae",NA,"Arecaceae","Astrocaryum","aculeatissimum","Astrocaryum aculeatissimum",NA,"Mariano Neto, E.","1818","2000","09","10",NA,"Brasil","Bahia","Una","Região de Mata Higrófila Sul Baiana.","-39.0752983093262","-15.2932996749878",NA,"Arvoreta, ca. 2,5m. Frutos marrons. Floresta ombrófila densa. Número 4487 da fitossociologia.","HUESB000007808",NA,"(Schott) Burret",NA,NA,NA,NA,NA,NA,NA,"36070","auto",NA,NA,NA,NA,NA
"150","2019-11-13 16:04:27-03","UNISANTA","HUSC","10955","PreservedSpecimen","Plantae","Magnoliophyta",NA,"Arecaceae","Astrocaryum","aculeatissimum","Astrocaryum aculeatissimum",NA,"Costa, D.; Martins, G.; Carminatto, A.; Lazarini, R.","23","2011","11","10",NA,"Brasil","São Paulo","Guarujá","Serra do Guararu, condomínio Iporanga, área B.","-46.25","-23.9899997711182",NA,"Palmeira com 3,5mts de altura, com inflorescência creme, plaqueta, 779.",NA,NA,"(Schott) Burret",NA,NA,NA,NA,NA,NA,NA,"18989","auto",NA,NA,NA,NA,NA
"151","2019-11-13 16:04:27-03","UNISANTA","HUSC","673","PreservedSpecimen","Plantae","Magnoliophyta",NA,"Arecaceae","Astrocaryum","aculeatissimum","Astrocaryum aculeatissimum","Souza, V.C.","Souza, V.C.","s.n.","1988","10","02",NA,"Brasil","São Paulo","Peruíbe","Praia do Arpoador; Estação ecológica Juréia-Itatins","-46.9900016784668","-24.3199996948242",NA,"Arvore com 6m de altura",NA,NA,"(Schott) Burret",NA,NA,NA,NA,NA,NA,NA,"21922","auto",NA,NA,NA,NA,NA
"152","2020-07-21 15:08:13-03","UNISANTA","HUSC","12222","PreservedSpecimen","Plantae","Magnoliophyta",NA,"Arecaceae","Astrocaryum","aculeatissimum","Astrocaryum aculeatissimum","Magenta; Villaça, I.","Villaça, I.M.","41","2018","09","11",NA,"Brasil","São Paulo","Santos","Monte Cabrão","-46.3300018310547","-23.9599990844727",NA,"arvore, palmeira, caule rigido com espinhos",NA,NA,"(Schott) Burret",NA,NA,NA,NA,"2018",NA,NA,"26836","auto",NA,NA,NA,NA,NA
"153","2019-11-13 16:04:27-03","UNISANTA","HUSC","12222","PreservedSpecimen","Plantae","Magnoliophyta",NA,"Arecaceae","Astrocaryum","aculeatissimum","Astrocaryum aculeatissimum","Magenta; Villaça, I.","Villaça, I.M.","41","2018","09","11",NA,"Brasil","São Paulo","Santos","Monte Cabrão","-46.3300018310547","-23.9599990844727",NA,"arvore, palmeira, caule rigido com espinhos",NA,NA,"(Schott) Burret",NA,NA,NA,NA,"2018",NA,NA,"26836","auto",NA,NA,NA,NA,NA
"154","2020-01-31 10:37:33-03","IFAM","EAFM","11637","PreservedSpecimen","Plantae",NA,NA,"Arecaceae","Astrocaryum","aculeatissimum","Astrocaryum aculeatissimum","Miranda, T.","Miranda, T.","226","2004","08","23",NA,"Brasil","São Paulo","Cananéia","Ilha do Cardoso - Pereirinha, trilha","-47.9199981689453","-25.0100002288818",NA,"; DESC: arbóreo; alimentar/manufatura",NA,NA,"(Schott) Burret",NA,NA,NA,NA,"2004","08","23","37574","auto",NA,NA,NA,NA,NA
"155","2021-03-04 15:41:56-03","IF","SPSF","28342","PreservedSpecimen","Plantae","Magnoliophyta","Arecales","Arecaceae","Astrocaryum","aculeatissimum","Astrocaryum aculeatissimum",NA,"J.A.Pastore & C.Moura","1080","2001","08","17","América do Sul","Brasil","SP","São Vicente","P.E.Xixová-Japuí","-46.371944","-23.976944",NA,"COLETA: Estipe 4,5m de altura; frutos amarronzados; folhas maiores com aprox. 4m de comprimento.; GEOGRAFIA: Trilha da Pedreira, primeiro acesso após mirante.;",NA,NA,NA,NA,NA,NA,NA,NA,NA,NA,NA,NA,"Liliopsida",NA,NA,NA,NA
"156","2017-09-11 17:07:13-03","UnB","HBVIRTFLBRAS",NA,"O","Plantae",NA,NA,"Arecaceae","Astrocaryum","ayri","Astrocaryum ayri",NA,"Glaziou, AFM","s.n.",NA,NA,NA,NA,"?",NA,NA,NA,NA,NA,NA,"Crescit late dispersa et frequens in Brasilia tropica et subaequatoriali, in silvis aboriginibus prov. Rio de Janeiro (in litt., Herb. n. 8067! et 12254!, praeterea Martius! et Schott!)",NA,NA,"Mart.",NA,NA,NA,NA,NA,NA,NA,NA,NA,NA,NA,NA,NA,NA
"157","2017-09-11 17:07:13-03","UnB","HBVIRTFLBRAS",NA,"O","Plantae",NA,NA,"Arecaceae","Astrocaryum","ayri","Astrocaryum ayri",NA,"Glaziou, AFM","s.n.",NA,NA,NA,NA,"?",NA,NA,NA,NA,NA,NA,"Incolis infesta ab aculeos, quibus vires letanum nigrorum addudentes attribunt",NA,NA,"Mart.",NA,NA,NA,NA,NA,NA,NA,NA,NA,NA,NA,NA,NA,NA
"158","2017-09-11 16:26:27-03","UnB","HBVIRTFLBRAS",NA,"O","Plantae",NA,NA,"Arecaceae","Astrocaryum","ayri","Astrocaryum ayri",NA,"Martius, CFP","s.n.",NA,NA,NA,"Southern America","Brazil","Bahia",NA,NA,NA,NA,NA,"Incolis infesta ob aculeos, quibus tetanum nigrorum adducentes attribuunt. (Glaziou!)",NA,NA,"Mart.",NA,NA,NA,NA,NA,NA,NA,NA,NA,NA,NA,NA,NA,NA
"159","2017-09-11 16:26:27-03","UnB","HBVIRTFLBRAS",NA,"O","Plantae",NA,NA,"Arecaceae","Astrocaryum","ayri","Astrocaryum ayri",NA,"Martius, CFP","s.n.",NA,NA,NA,"Southern America","Brazil","Rio de Janeiro","Rio de Janeiro","in silvis aboriginibus.","-43.21","-22.9",NA,"Incolis infesta ob aculeos, quibus tetanum nigrorum adducentes attribuunt. (Glaziou!)",NA,NA,"Mart.",NA,NA,"-43.21","-22.9",NA,NA,NA,NA,NA,NA,NA,NA,NA,NA
"160","2017-09-11 17:07:13-03","UnB","HBVIRTFLBRAS",NA,"O","Plantae",NA,NA,"Arecaceae","Astrocaryum","ayri","Astrocaryum ayri",NA,"Martius, CFP","s.n.",NA,NA,NA,"Southern America","Brazil",NA,NA,"et in prov. MInarum, Spiritus Sancti et Bahiensi",NA,NA,NA,NA,NA,NA,"Mart.",NA,NA,NA,NA,NA,NA,NA,NA,NA,NA,NA,NA,NA,NA
"161","2017-09-11 16:26:27-03","UnB","HBVIRTFLBRAS",NA,"O","Plantae",NA,NA,"Arecaceae","Astrocaryum","ayri","Astrocaryum ayri",NA,"Martius, CFP","s.n.",NA,NA,NA,"Southern America","Brazil","Espírito Santo",NA,NA,NA,NA,NA,"Incolis infesta ob aculeos, quibus tetanum nigrorum adducentes attribuunt. (Glaziou!)",NA,NA,"Mart.",NA,NA,NA,NA,NA,NA,NA,NA,NA,NA,NA,NA,NA,NA
"162","2017-09-11 16:26:27-03","UnB","HBVIRTFLBRAS",NA,"O","Plantae",NA,NA,"Arecaceae","Astrocaryum","ayri","Astrocaryum ayri",NA,"Martius, CFP","s.n.",NA,NA,NA,"Southern America","Brazil","Minas Gerais",NA,NA,NA,NA,NA,"Incolis infesta ob aculeos, quibus tetanum nigrorum adducentes attribuunt. (Glaziou!)",NA,NA,"Mart.",NA,NA,NA,NA,NA,NA,NA,NA,NA,NA,NA,NA,NA,NA
"163","2017-09-11 17:07:13-03","UnB","HBVIRTFLBRAS",NA,"O","Plantae",NA,NA,"Arecaceae","Astrocaryum","ayri","Astrocaryum ayri",NA,"Glaziou, AFM","s.n.Herb,",NA,NA,NA,"Southern America","Brazil","Rio de Janeiro","Rio de Janeiro","in silvis aboriginibus.","-43.21","-22.9",NA,"Incolis infesta ob aculeos, quibus tetanum nigrorum adducentes attribuunt. (Glaziou!)",NA,NA,"Mart.",NA,NA,"-43.21","-22.9",NA,NA,NA,NA,NA,NA,NA,NA,NA,NA
"164","2017-09-11 16:26:27-03","UnB","HBVIRTFLBRAS",NA,"O","Plantae",NA,NA,"Arecaceae","Astrocaryum","ayri","Astrocaryum ayri",NA,"Schott, HW","s.n.",NA,NA,NA,"Southern America","Brazil","Rio de Janeiro","Rio de Janeiro","in silvis aboriginibus.","-43.21","-22.9",NA,"Incolis infesta ob aculeos, quibus tetanum nigrorum adducentes attribuunt. (Glaziou!)",NA,NA,"Mart.",NA,NA,"-43.21","-22.9",NA,NA,NA,NA,NA,NA,NA,NA,NA,NA
"165","2019-11-21 09:59:27-03","IBt","SP","315964","S","Plantae",NA,NA,"Arecaceae","Astrocaryum","aculeatissimum","Astrocaryum aculeatissimum",NA,"Boudet Fernandes, HQ; Matthes, LAF; Marcato, AC; Belinello, R","3213","1997","07","23",NA,"Brasil","São Paulo","Paraíba do Sul","Estação Experimental do Instituto Agronômico. Floresta de planície","-47.883333","-24.583333",NA,"Palmeira arbustiva, cespitosa. Estipes (4), até 4m x 9,5cm, aculeados. Folha: raque 3,39 m; folíolos, 75 pares, o mediano com 96 x 4,7 cm, esbranquiçados inferiormente. Frutos marrons. Associada a <em>Attalea dubia</em>, <em>Bactris setosa</em>, <em>",NA,NA,"(Schott) Burret","50","50","-47.883333","-24.583333",NA,NA,NA,NA,NA,NA,NA,NA,NA,NA
"166","2019-11-21 09:59:27-03","IBt","SP","315964a","Carpo","Plantae",NA,NA,"Arecaceae","Astrocaryum","aculeatissimum","Astrocaryum aculeatissimum",NA,"Boudet Fernandes, HQ; Matthes, LAF; Marcato, AC; Belinello, R","3213","1997","07","23",NA,"Brasil","São Paulo","Paraíba do Sul","Estação Experimental do Instituto Agronômico. Floresta de planície","-47.883333","-24.583333",NA,"Palmeira arbustiva, cespitosa. Estipes (4), até 4m x 9,5cm, aculeados. Folha: raque 3,39 m; folíolos, 75 pares, o mediano com 96 x 4,7 cm, esbranquiçados inferiormente. Frutos marrons. Associada a <em>Attalea dubia</em>, <em>Bactris setosa</em>, <em>",NA,NA,"(Schott) Burret","50","50","-47.883333","-24.583333",NA,NA,NA,NA,NA,NA,NA,NA,NA,NA
"167","2019-11-21 09:59:27-03","IBt","SP","288737","S","Plantae",NA,NA,"Arecaceae","Astrocaryum","aculeatissimum","Astrocaryum aculeatissimum",NA,"Rodrigues, RR; et al.","33466","1995","02","15",NA,"Brasil","São Paulo","Iguape","Morro do Calvário","-41.491111","-24.655",NA,NA,NA,NA,"(Schott) Burret",NA,NA,"-41.491111","-24.655",NA,NA,NA,NA,NA,NA,NA,NA,NA,NA
"168","2019-11-21 09:59:27-03","IBt","SP","315198","S","Plantae",NA,NA,"Arecaceae","Astrocaryum","aculeatissimum","Astrocaryum aculeatissimum",NA,"Boudet Fernandes, HQ; Matthes, LAF; Marcato, AC; Belinello, R","3212","1997","07","23",NA,"Brasil","São Paulo","Pariquera-Açu","Estação Experimental do Instituto Agronômico","-47.883333","-24.583333",NA,NA,NA,NA,"(Schott) Burret","100","100","-47.883333","-24.583333",NA,NA,NA,NA,NA,NA,NA,NA,NA,NA
"169","2019-11-21 09:59:27-03","IBt","SP","316610","S","Plantae",NA,NA,"Arecaceae","Astrocaryum","aculeatissimum","Astrocaryum aculeatissimum",NA,"Boudet Fernandes, HQ; Matthes, LAF; Marcato, AC; Belinello, R; Vieira, J; Jorge, A","3229","1997","07","25",NA,"Brasil","São Paulo","Sete Barras","Parque Estadual Intervales, Bacia do rio Saibadela. Trilha do Quilombo (ou do Araçá)","-48.033333","-24.266667",NA,"Arborescente, ca. de 5 cespitosa. Estipe (só 1 desenvolvido), 5 m x 10 cm. Folha: 11 contemporâneas; bainha pelo menos 50 cm. pecíolo 8 cm. raque 300-345 cm. folíolos, 80-83 pares, regularmente arranjados e dispostos em um plano, o mediano 96-98 x 4,",NA,NA,"(Schott) Burret","100","270","-48.033333","-24.266667",NA,NA,NA,NA,NA,NA,NA,NA,NA,NA
"170","2019-11-21 09:59:27-03","IBt","SP","316610a","Carpo","Plantae",NA,NA,"Arecaceae","Astrocaryum","aculeatissimum","Astrocaryum aculeatissimum",NA,"Boudet Fernandes, HQ; Matthes, LAF; Marcato, AC; Belinello, R; Vieira, J; Jorge, A","3229","1997","07","25",NA,"Brasil","São Paulo","Sete Barras","Parque Estadual Intervales, Bacia do rio Saibadela. Trilha do Quilombo (ou do Araçá)","-48.033333","-24.266667",NA,"Arborescente, ca. de 5 cespitosa. Estipe (só 1 desenvolvido), 5 m x 10 cm. Folha: 11 contemporâneas; bainha pelo menos 50 cm. pecíolo 8 cm. raque 300-345 cm. folíolos, 80-83 pares, regularmente arranjados e dispostos em um plano, o mediano 96-98 x 4,",NA,NA,"(Schott) Burret","100","270","-48.033333","-24.266667",NA,NA,NA,NA,NA,NA,NA,NA,NA,NA
"171","2019-11-21 09:59:27-03","IBt","SP","210077","S","Plantae",NA,NA,"Arecaceae","Astrocaryum","aculeatissimum","Astrocaryum aculeatissimum","Medeiros Costa, JT","Kirizawa, M","1638","1986","08","08",NA,"Brasil","São Paulo","Cananéia","Parque Estadual da Ilha do Cardoso, Subida do morro de captação de água doce","-47.9199981689453","-25.0100002288818",NA,"Altura mais ou menos 4,0 m, caule com espinho. Folha com 3,0 m de comprimento. Pericarpo verde, endosperma comestível",NA,NA,"(Schott) Burret",NA,NA,NA,NA,"1994","06","01","37574","auto",NA,NA,NA,NA,NA
"172","2019-11-21 09:59:27-03","IBt","SP","41320","S","Plantae",NA,NA,"Arecaceae","Astrocaryum","aculeatissimum","Astrocaryum aculeatissimum","Noblick, LR","Hoehne, FC; Gehrt, A","s.n.","1939","07","24",NA,"Brasil","São Paulo","Caraguatatuba","Mata do mangue","-45.4099998474121","-23.6200008392334",NA,"Palmeira de espinhos pretos e compridos","SP055748","SP055748 SP055748_01 SP055748_02 SP055748_03 SP055748_04 SP055748_05 SP055748_06","(Schott) Burret",NA,NA,NA,NA,"1992","05","27","30093","auto",NA,NA,NA,NA,NA
"173","2019-11-28 09:18:15-03","IBt","SP","308976","S","Plantae",NA,NA,"Arecaceae","Astrocaryum","aculeatissimum","Astrocaryum aculeatissimum","Melo, MMRF","Melo, MMRF; Oliveira, RJ","1105","1993","05","26",NA,"Brasil","São Paulo","Iguape","Estação Ecológica Juréia-Itatins, Margens do rio Verde, próximo ao alojamento","-47.5499992370605","-24.7000007629395",NA,NA,NA,NA,"(Schott) Burret",NA,NA,NA,NA,NA,NA,NA,"55628","auto",NA,NA,NA,NA,NA
"174","2019-11-21 09:59:27-03","IBt","SP","269136","S","Plantae",NA,NA,"Arecaceae","Astrocaryum","aculeatissimum","Astrocaryum aculeatissimum","Marcato, AC","Rossi, L; Chautems, A; Nicolau, SA; Espírito Santo, CE; Prado, DM","1275","1993","02","10",NA,"Brasil","São Paulo","Iguape","Estação Ecológica Juréia-Itatins, Mata de planície ao lado do alojamento","-47.5499992370605","-24.7000007629395",NA,NA,NA,NA,"(Schott) Burret",NA,NA,NA,NA,"2000","09",NA,"55628","auto",NA,NA,NA,NA,NA
"175","2019-11-21 09:59:27-03","IBt","SP","245697a","Carpo","Plantae",NA,NA,"Arecaceae","Astrocaryum","aculeatissimum","Astrocaryum aculeatissimum","Noblick, LR","Cordeiro, I; Mamede, MCH; Gomes da Silva, SJ; Nagatami, Y; Piacentin, EP","682","1990","09","19",NA,"Brasil","São Paulo","Iguape","Estação Ecológica Juréia-Itatins, Serra da Juréia, trilha para o campo próximo ao alojamento do IBAMA, mata de encosta","-47.5499992370605","-24.7000007629395",NA,NA,NA,NA,"(Schott) Burret",NA,NA,NA,NA,"1992","05","29","55628","auto",NA,NA,NA,NA,NA
"176","2019-11-21 09:59:27-03","IBt","SP","245697","S","Plantae",NA,NA,"Arecaceae","Astrocaryum","aculeatissimum","Astrocaryum aculeatissimum","Noblick, LR","Cordeiro, I; Mamede, MCH; Gomes da Silva, SJ; Nagatami, Y; Piacentin, EP","682","1990","09","19",NA,"Brasil","São Paulo","Iguape","Estação Ecológica Juréia-Itatins, Serra da Juréia, trilha para o campo próximo ao alojamento do IBAMA, mata de encosta","-47.5499992370605","-24.7000007629395",NA,NA,"SP055749","SP055749 SP055749_01 SP055749_02 SP055749_03 SP055749_04 SP055749_05 SP055749_06","(Schott) Burret",NA,NA,NA,NA,"1992","05","29","55628","auto",NA,NA,NA,NA,NA
"177","2019-11-21 09:59:27-03","IBt","SP","102248","S","Plantae",NA,NA,"Arecaceae","Astrocaryum","aculeatissimum","Astrocaryum aculeatissimum","Noblick, LR","Mattos, JR; Mattos, NF","13756","1966","05","24",NA,"Brasil","São Paulo","Paraibuna","Quase na divisa com Caraguatatuba","-45.6599998474121","-23.3799991607666",NA,"Numa capoeira. Touceira. Estipe com cerca de 2,5 m de altura",NA,NA,"(Schott) Burret",NA,NA,NA,NA,"1992","05","27","30824","auto",NA,NA,NA,NA,NA
"178","2019-11-21 09:59:27-03","IBt","SP","75423","S","Plantae",NA,NA,"Arecaceae","Astrocaryum","aculeatissimum","Astrocaryum aculeatissimum",NA,"Mattos, JR","15609","1971","06",NA,NA,"Brasil","São Paulo","Pariquera-Açu","Estação Experimental","-47.8800010681152","-24.7099990844727",NA,"Planta com ca. de 4 m alt. Folhas novas inermes. Estipe pouco espinhoso ou quase inerte. Frutos imaturos",NA,NA,"(Schott) Burret",NA,NA,NA,NA,NA,NA,NA,"17990","auto",NA,NA,NA,NA,NA
"179","2019-11-21 09:59:27-03","IBt","SP","12249","S","Plantae",NA,NA,"Arecaceae","Astrocaryum","aculeatissimum","Astrocaryum aculeatissimum","Noblick, LR","Luederwaldt, H","s.n.","1907","10","10",NA,"Brasil","São Paulo","Santos","Piassaguéra. Mata virgem","-46.3300018310547","-23.9599990844727",NA,NA,NA,NA,"(Schott) Burret",NA,NA,NA,NA,"1992","05","27","26836","auto",NA,NA,NA,NA,NA
