"record_id","modified","institutionCode","collectionCode","catalogNumber","basisOfRecord","kingdom","phylum","family","genus","specificEpithet","scientificName","scientificNameAuthorship","identifiedBy","recordedBy","recordNumber","year","month","day","continentOcean","country","locality","occurrenceRemarks","barcode","stateProvince","county","decimalLongitude","decimalLatitude","verbatimLongitude","verbatimLatitude","class","order","relatedCatalogItem","imagecode","minimumElevationInMeters","maximumElevationInMeters","yearIdentified","monthIdentified","dayIdentified","coordinatePrecision","geoFlag","fieldNumber","preparationType","individualCount","typeStatus"
"1","2021-03-30 12:33:23-03","EAO","IAN","59140","PreservedSpecimen","Plantae","Dicotiledônea","Anacardiaceae","Schinopsis","balansae","Schinopsis balansae","Engl.","Barkley, FA","Aguilar, RM","1175","1947","12","21","Southern America","Argentina","Gob. Chaco. Localidad Margarita Belém. Dpto. Resistencia.","Flor amarilla palido.","IAN059140",NA,NA,NA,NA,NA,NA,NA,NA,NA,NA,NA,NA,NA,NA,NA,NA,NA,NA,NA,NA,NA
"2","2021-03-30 12:33:23-03","EAO","IAN","59149","PreservedSpecimen","Plantae","Dicotiledônea","Anacardiaceae","Schinopsis","balansae","Schinopsis balansae","Engl.","Barkley, FA","Rojas, T","7027","1935","01",NA,NA,"Paraguai","Localidad Jardim Botánico: Barranca Riacho Cara-Cará, cerca Rio Paraguay.","Arbol 10-12 m. Flores amarillas.","IAN059149",NA,NA,NA,NA,NA,NA,NA,NA,NA,NA,NA,NA,NA,NA,NA,NA,NA,NA,NA,NA,NA
"3","2020-11-26 18:06:56-03","CPAN-UFMS","COR","4439","PreservedSpecimen","Plantae",NA,"Anacardiaceae","Schinopsis","balansae","Schinopsis balansae","Engl.",NA,"Salis, S.M.; Pott, V.J.; Silva, R.R.; Arantes, A.","873","1996","03","27",NA,"Brasil","em frente a recepção do Hotel dos Camalotes.","Arvoredo remanescente. Projeto CNPq/PCBAP; Com Flor: esverdeada; Com fruto:vermelho Habito: Árvore",NA,"Mato Grosso do Sul","Porto Murtinho","-57.866667","-21.666667","57º52'0''W","21º40'0''S",NA,NA,NA,NA,NA,NA,NA,NA,NA,NA,NA,NA,NA,NA,NA
"4","2020-02-08 10:29:02-03","NBC","NL-BOTANY","L.2267717","PreservedSpecimen","Plantae",NA,"Anacardiaceae","Schinopsis","balansae","Schinopsis balansae","Engl.",NA,"Aguilar RM",NA,"1947","12","21","Southern America","Argentina","Argentina, Chaco, dep. Resistencia, Margarita Belén","<a href=https://data.biodiversitydata.nl/naturalis/specimen/L.2267717 target=other class=eLink> <mi>dwc_moreinfo</mi></a>","NL-L2267717","Chaco",NA,NA,NA,NA,NA,"Magnoliopsidae","Sapindales","L 0726267","NL-L2267717",NA,NA,NA,NA,NA,NA,NA,NA,NA,NA,NA
"5","2020-02-08 10:29:02-03","NBC","NL-BOTANY","L.2267718","PreservedSpecimen","Plantae",NA,"Anacardiaceae","Schinopsis","balansae","Schinopsis balansae","Engl.",NA,"Fiebrig K",NA,"1908","01","01","Southern America","Paraguay","N. Paraguay, zwischen Rio Apa und Rio Aquidaban, Centurion, Ian, niederer Camp,","<a href=https://data.biodiversitydata.nl/naturalis/specimen/L.2267718 target=other class=eLink> <mi>dwc_moreinfo</mi></a>","NL-L2267718",NA,NA,NA,NA,NA,NA,"Magnoliopsidae","Sapindales","L 0726266","NL-L2267718",NA,NA,NA,NA,NA,NA,NA,NA,NA,NA,NA
"6","2020-02-08 10:29:02-03","NBC","NL-BOTANY","L.2267719","PreservedSpecimen","Plantae",NA,"Anacardiaceae","Schinopsis","balansae","Schinopsis balansae","Engl.","Barkley FA","Fiebrig K",NA,"1908","01","01","Southern America","Paraguay","N. Paraguay, zwischen Rio Apa und Rio Aquidaban","<a href=https://data.biodiversitydata.nl/naturalis/specimen/L.2267719 target=other class=eLink> <mi>dwc_moreinfo</mi></a>","NL-L2267719",NA,NA,NA,NA,NA,NA,"Magnoliopsidae","Sapindales","L 0726265","NL-L2267719",NA,NA,NA,NA,NA,NA,NA,NA,NA,NA,NA
"7","2020-02-08 10:29:02-03","NBC","NL-BOTANY","U 0263994","PreservedSpecimen","Plantae",NA,"Anacardiaceae","Schinopsis","balansae","Schinopsis balansae","Engl.",NA,"Unknown",NA,NA,NA,NA,"Southern America","Argentina",NA,"<a href=https://data.biodiversitydata.nl/naturalis/specimen/U%20%200263994 target=other class=eLink> <mi>dwc_moreinfo</mi></a>","NL-U0263994",NA,NA,NA,NA,NA,NA,"Magnoliopsidae","Sapindales","Uw7112",NA,NA,NA,NA,NA,NA,NA,NA,NA,NA,NA,NA
"8","2020-02-08 10:29:02-03","NBC","NL-BOTANY","U.1061279","PreservedSpecimen","Plantae",NA,"Anacardiaceae","Schinopsis","balansae","Schinopsis balansae","Engl.",NA,"Schulz CL",NA,"1946","01","05","Southern America","Argentina","Gob. Chaco, Dep. Tapeuaga. Enrique Urien.","<a href=https://data.biodiversitydata.nl/naturalis/specimen/U.1061279 target=other class=eLink> <mi>dwc_moreinfo</mi></a>","NL-U1061279",NA,NA,NA,NA,NA,NA,"Magnoliopsidae","Sapindales",NA,"NL-U1061279",NA,NA,NA,NA,NA,NA,NA,NA,NA,NA,NA
"9","2020-02-08 10:29:02-03","NBC","NL-BOTANY","U.1061280","PreservedSpecimen","Plantae",NA,"Anacardiaceae","Schinopsis","balansae","Schinopsis balansae","Engl.",NA,"Meyer T",NA,"1944","01","24","Southern America","Argentina","Prov. de Corrientes, Capital, Dep. Capital.","<a href=https://data.biodiversitydata.nl/naturalis/specimen/U.1061280 target=other class=eLink> <mi>dwc_moreinfo</mi></a>","NL-U1061280",NA,NA,NA,NA,NA,NA,"Magnoliopsidae","Sapindales",NA,"NL-U1061280",NA,NA,NA,NA,NA,NA,NA,NA,NA,NA,NA
"10","2020-02-08 10:29:02-03","NBC","NL-BOTANY","U.1061281","PreservedSpecimen","Plantae",NA,"Anacardiaceae","Schinopsis","balansae","Schinopsis balansae","Engl.",NA,"Schulz CL",NA,"1947","01","25","Southern America","Argentina","Gob. Chaco, Dep. Campo del Cielo, Santa Sylvina.","<a href=https://data.biodiversitydata.nl/naturalis/specimen/U.1061281 target=other class=eLink> <mi>dwc_moreinfo</mi></a>","NL-U1061281",NA,NA,NA,NA,NA,NA,"Magnoliopsidae","Sapindales",NA,"NL-U1061281",NA,NA,NA,NA,NA,NA,NA,NA,NA,NA,NA
"11","2020-11-04 10:59:03-03","ESALQ","ESA","56753","PreservedSpecimen","Plantae","Magnoliophyta","Anacardiaceae","Schinopsis","balansae","Schinopsis balansae","Engl.","Schinini, A.","Paula-Souza, J.","8095.0","2007","01","31",NA,"Argentina",NA,NA,"ESA056753","Corrientes","Capital",NA,NA,NA,NA,NA,NA,NA,"ESA056753",NA,NA,NA,NA,NA,NA,NA,NA,NA,NA,NA
"12","2020-11-19 10:22:31-03","CPAP","CPAP","12810","PreserverdSpecimen","Plantae",NA,"Anacardiaceae","Schinopsis","balansae","Schinopsis balansae","Engl.",NA,"Pott, A.","6836","1994","03","05",NA,"Brasil","Hotel dos Camalotes","Árvore. FLOR: não vista. FRUTO: vermelho escuro. INTERESSE: Tanífera. FREQUÊNCIA: . AMBIENTE: Floresta raleada de chaco úmido. SUBSTRATO: solo argiloso (gley pouco húmico eutrófico). RELEVO: plano. <ll>dwc_commonname:</ll> Quebracho",NA,"MS","Porto Murtinho","-57.866667","-21.7","57°52' W","21°42' S",NA,NA,NA,NA,"90","90",NA,NA,NA,NA,NA,NA,NA,NA,NA
"13","2020-11-19 10:22:31-03","CPAP","CPAP","14168","PreserverdSpecimen","Plantae",NA,"Anacardiaceae","Schinopsis","balansae","Schinopsis balansae","Engl.",NA,"Salis, S. M.","873","1996","03","27",NA,"Brasil","Em frente a recepção do Hotel dos Camalotes","Árvore, 8m de altura. FLOR: esverdeada. FRUTO: vermelho. INTERESSE: madeira. FREQUÊNCIA: Frequente. AMBIENTE: Arvoredo remanescente de chaco. SUBSTRATO: solo argiloso. RELEVO: plano. <ll>dwc_commonname:</ll> Quebracho",NA,"MS","Porto Murtinho","-57.866667","-21.666667","57°52' W","21°40' S",NA,NA,NA,NA,NA,NA,NA,NA,NA,NA,NA,NA,NA,NA,NA
"14","2020-11-19 10:22:31-03","CPAP","CPAP","5933","PreserverdSpecimen","Plantae",NA,"Anacardiaceae","Schinopsis","balansae","Schinopsis balansae","Engl.","D. E. Prado","Pott, A.","4619","1989","02","18",NA,"Brasil","Hotel dos Camalotes, Pantanal","Árvore 5-15m de altura, exemplar feminino. FLOR: não vista. FRUTO: castanho. INTERESSE: Tanino.. FREQUÊNCIA: Esparsa. AMBIENTE: Mata chaquenha, aberta, alagável. SUBSTRATO: solo argiloso pesado. RELEVO: plano. <ll>dwc_commonname:</ll> Quebracho",NA,"MS","Porto Murtinho","-57.883333","-21.65","57°53' W","21°39' S",NA,NA,NA,NA,"100","100","1989","02",NA,NA,NA,NA,NA,NA,NA
"15","2020-11-19 10:22:31-03","CPAP","CPAP","1511","PreserverdSpecimen","Plantae",NA,"Anacardiaceae","Schinopsis","balansae","Schinopsis balansae","Engl.",NA,"Pott, A.","2093","1985","04","18",NA,"Brasil","Hotel dos Camalotes","Árvore ereta 15m de altura. FLOR: . FRUTO: . INTERESSE: Tanifera.. FREQUÊNCIA: . AMBIENTE: Mata chaquenha ripária.. SUBSTRATO: solo argiloso cinza, pesado, plástico. RELEVO: plano. <ll>dwc_commonname:</ll> Quebracho",NA,"MS","Porto Murtinho","-57.916667","-21.666667","57°55' W","21°40' S",NA,NA,NA,NA,"90","90",NA,NA,NA,NA,NA,NA,NA,NA,NA
"16","2020-11-19 10:22:31-03","CPAP","CPAP","5927","PreserverdSpecimen","Plantae",NA,"Anacardiaceae","Schinopsis","balansae","Schinopsis balansae","Engl.","D. E. Prado","Pott, A.","4613","1989","02","18",NA,"Brasil","Hotel dos Camalotes, Pantanal","Árvore 5-15m de altura, exemplar masculino. FLOR: creme. FRUTO: . INTERESSE: Tanino.. FREQUÊNCIA: Esparsa. AMBIENTE: Mata chaquenha, aberta, alagável. SUBSTRATO: solo argiloso pesado. RELEVO: plano. <ll>dwc_commonname:</ll> Quebracho",NA,"MS","Porto Murtinho","-57.883333","-21.65","57°53' W","21°39' S",NA,NA,NA,NA,"100","100","1989","02",NA,NA,NA,NA,NA,NA,NA
"17","2019-11-21 14:30:03-03","UFJF","CESJ","61435","PreservedSpecimen","Plantae","Angiosperma","Anacardiaceae","Schinopsis","balansae","Schinopsis balansae","Engl.",NA,"A.M.González","200","2008","12","05","América do Sul","Argentina","Parque Mitre","Cultivado. Ejemplar femenino","CESJ061435","Corrientes","Capital",NA,NA,NA,NA,NA,NA,NA,"CESJ061435",NA,NA,NA,NA,NA,NA,NA,NA,NA,NA,NA
"18","2021-04-07 11:40:40-03","UFMS","CGMS","43510","PreservedSpecimen","Plantae",NA,"Anacardiaceae","Schinopsis","balansae","Schinopsis balansae","Engl.","F.S. Carvalho","F.S. Carvalho; Z.R. Holsback; B.E.M. Pinto","278","2010","02","24",NA,"Brasil","Fazenda Retiro Conceição. Parcela 05.","Fruto maduro. Fruto maduro. Habitat: Savana Estépica Arborizada. Chaco. Habito: Árvore. 7,00m de altura.","CGMS1073494","Mato Grosso do Sul","Porto Murtinho","-57.7788889","-21.6822223","-57,7788889","-21,6822223",NA,NA,NA,NA,NA,NA,"2010",NA,NA,NA,NA,NA,NA,NA,NA
"19","2021-04-07 11:40:40-03","UFMS","CGMS","43128","PreservedSpecimen","Plantae",NA,"Anacardiaceae","Schinopsis","balansae","Schinopsis balansae","Engl.","D. Prado","A. Pott; V.J. Pott; D. Prado","4613","1989","02","18",NA,"Brasil","Hotel dos Camalotes.","Flor creme. Habitat: Mata chaquenha; aberta; alagável. Solo argiloso pesado. Relevo plano. Habito: Árvore, 5-15 m de altura; exemplar masculino. Esparsa.","CGMS1073109","Mato Grosso do Sul","Porto Murtinho","-57.8833333","-21.65","-57,8833333","-21,65",NA,NA,NA,NA,"100","100",NA,NA,NA,NA,NA,NA,NA,NA,NA
"20","2021-04-07 11:40:40-03","UFMS","CGMS","27692","PreservedSpecimen","Plantae",NA,"Anacardiaceae","Schinopsis","balansae","Schinopsis balansae","Engl.","E.P. Seleme","E.P. Seleme; A.L.B. Sartori","187","2008","12","16",NA,"Brasil","Fazenda flores.","Flor verde eBotão floral verdes. Habitat: Chaco. Habito: Árvore. 10,00m de altura.","CGMS1057135","Mato Grosso do Sul","Porto Murtinho","-57.8975","-21.7175","-57,8975","-21,7175",NA,NA,NA,NA,NA,NA,"2008","12","16",NA,NA,NA,NA,NA,NA
"21","2021-04-07 11:40:40-03","UFMS","CGMS","43126","PreservedSpecimen","Plantae",NA,"Anacardiaceae","Schinopsis","balansae","Schinopsis balansae","Engl.",NA,"S.M. Salis; V.J. Pott; R.R. Silva; A. Arantes","873","1996","03","27",NA,"Brasil","Em frente a recepção do Hotel dos Malotes.","Flor esverdeada. Fruto vermelho. Habitat: Arvoredo remanescente de Chaco. Solo argiloso. Relevo plano. Habito: Árvore, 8 m de altura. Frequente.","CGMS1073107","Mato Grosso do Sul","Porto Murtinho","-57.8666667","-21.6666667","-57,8666667","-21,6666667",NA,NA,NA,NA,NA,NA,NA,NA,NA,NA,NA,NA,NA,NA,NA
"22","2021-04-07 11:40:40-03","UFMS","CGMS","27740","PreservedSpecimen","Plantae",NA,"Anacardiaceae","Schinopsis","balansae","Schinopsis balansae","Engl.","E.P. Seleme","E.P. Seleme; I.M. Neves; A. Pott","235","2009","01","26",NA,"Brasil","Fazenda flores.","Fruto vermelho. Odor. Habitat: Chaco. Habito: Árvore. 10,00m de altura.","CGMS1057184","Mato Grosso do Sul","Porto Murtinho","-57.8975","-21.7175","-57,8975","-21,7175",NA,NA,NA,NA,NA,NA,"2009","01","26",NA,NA,NA,NA,NA,NA
"23","2021-04-07 11:40:40-03","UFMS","CGMS","43127","PreservedSpecimen","Plantae",NA,"Anacardiaceae","Schinopsis","balansae","Schinopsis balansae","Engl.","D. Prado","A. Pott; V.J. Pott; D. Prado","4619","1989","02","18",NA,"Brasil","Hotel dos Camalotes.","Flor não vista. Fruto castanho. Habitat: Mata chaquenha; aberta; alagável. Solo argiloso pesado. Relevo plano. Habito: Árvore, 5-15 m de altura; exemplar feminino. Esparsa.","CGMS1073108","Mato Grosso do Sul","Porto Murtinho","-57.8833333","-21.65","-57,8833333","-21,65",NA,NA,NA,NA,"100","100",NA,NA,NA,NA,NA,NA,NA,NA,NA
"24","2021-04-07 11:40:40-03","UFMS","CGMS","52339","PreservedSpecimen","Plantae",NA,"Anacardiaceae","Schinopsis","balansae","Schinopsis balansae","Engl.",NA,"G.A. Damasceno-Junior; M.C. Andrade; A. França; D.R.C. Padilha","5149","2010","03","26",NA,"Brasil","Fazenda Santa Virginia mata próximo ao mata burro.","Fruto vermelho. Habitat: Borda de Chaco florestado - inundado. Habito: Arbusto. 7,00 m de altura.","CGMS1082312","Mato Grosso do Sul","Porto Murtinho","-57.8769445","-22.0227778","-57,8769445","-22,0227778",NA,NA,NA,NA,"85","85",NA,NA,NA,NA,NA,NA,NA,NA,NA
"25","2021-04-07 11:40:40-03","UFMS","CGMS","27680","PreservedSpecimen","Plantae",NA,"Anacardiaceae","Schinopsis","balansae","Schinopsis balansae","Engl.","E.P. Seleme","E.P. Seleme; A.L.B. Sartori","175","2008","12","15",NA,"Brasil","Fazenda flores.","Flor verde. Odor. Habitat: Chaco. Habito: Árvore. 10,00m de altura.","CGMS1057123","Mato Grosso do Sul","Porto Murtinho","-57.8975","-21.7175","-57,8975","-21,7175",NA,NA,NA,NA,NA,NA,"2008","12","15",NA,NA,NA,NA,NA,NA
"26","2021-04-07 11:40:40-03","UFMS","CGMS","49894","PreservedSpecimen","Plantae",NA,"Anacardiaceae","Schinopsis","balansae","Schinopsis balansae","Engl.","A. Guerra","A. Guerra","67","2014","09","24",NA,"Brasil","Beira estrada, Dique Beira Rio.","Flor ausente. Habitat: Chaco Arborizado. Habito: Arvore, 2,50m de altura.","CGMS1079826","Mato Grosso do Sul","Porto Murtinho","-57.8780556","-21.6880555","-57,8780556","-21,6880555",NA,NA,NA,NA,NA,NA,"2014","09","30",NA,NA,NA,NA,NA,NA
"27","2021-04-07 11:40:40-03","UFMS","CGMS","33928","PreservedSpecimen","Plantae",NA,"Anacardiaceae","Schinopsis","balansae","Schinopsis balansae","Engl.","A.L.B. Sartori","A.L.B. Sartori","1090","2011","12","16",NA,"Brasil","Fazenda Flores.","Flores e estames verde-claro. Habitat: Chaco Florestado. Habito: Árvore. 8,00m de altura.","CGMS1063325","Mato Grosso do Sul","Porto Murtinho","-57.8824996948242","-21.6989002227783",NA,NA,NA,NA,NA,NA,NA,NA,"2011","12","16","185577","auto",NA,NA,NA,NA
"28","2021-04-07 11:40:40-03","UFMS","CGMS","58820","PreservedSpecimen","Plantae",NA,"Anacardiaceae","Schinopsis","balansae","Schinopsis balansae","Engl.",NA,"A. Pott; V.J. Pott","12890","2005","06","24",NA,"Brasil","Fazenda Santo Antônio, 32 Km NNW de Porto Murtinho, Pantanal.","Flor ausente. Habitat: Savana arbórea de Chaco com dominância de Schinopsis balansae. Solo vertissolo. Relevo plano. Habito: Árvore. 6-12 m altura. Dominante.","CGMS1088735","Mato Grosso do Sul","Porto Murtinho","-57.8824996948242","-21.6989002227783",NA,NA,NA,NA,NA,NA,NA,NA,NA,NA,NA,"185577","auto",NA,NA,NA,NA
"29","2013-04-01 09:19:44-03","IPT","BCTW","9543","S","Plantae","Magnoliophyta",NA,"Schinopsis","balansae","Schinopsis balansae","Engl.",NA,NA,NA,NA,NA,NA,NA,"Argentina",NA,NA,NA,NA,NA,NA,NA,NA,NA,"Magnoliopsida",NA,NA,NA,NA,NA,NA,NA,NA,NA,NA,NA,NA,NA,NA
"30","2013-04-01 09:19:44-03","IPT","BCTW","257","S","Plantae","Magnoliophyta",NA,"Schinopsis","balansae","Schinopsis balansae","Engl.",NA,NA,NA,NA,NA,NA,NA,"Argentina",NA,NA,NA,NA,NA,NA,NA,NA,NA,"Magnoliopsida",NA,NA,NA,NA,NA,NA,NA,NA,NA,NA,NA,NA,NA,NA
"31","2020-12-21 16:11:40-03","MBM","MBM","17746","PreservedSpecimen","Plantae",NA,"Anacardiaceae","Schinopsis","balansae","Schinopsis balansae","Engl.",NA,"Anzótegui, L.; et al.; et al.","60","1970","02","14","Southern America","Argentina","Corrientes",NA,"MBM017746",NA,NA,NA,NA,NA,NA,NA,NA,NA,"MBM017746",NA,NA,NA,NA,NA,NA,NA,NA,NA,NA,NA
"32","2015-09-05 07:28:04-03","MNHN","RECOLNAT_MNHN_P","P04852099","PreservedSpecimen",NA,NA,"Anacardiaceae","Schinopsis","balansae","Schinopsis balansae","Engl.",NA,"Zardini, E.|Tilleria, T.",NA,"1993","2","24",NA,"Paraguai","Estero del Ypoá. 8km S of Ruerto Guyrati, around Arroyo Surubiy.","<a href='http://coldb.mnhn.fr/catalognumber/mnhn/p/p04852099' target='other'> <mi>dwc_moreinfo</mi></a>","P04852099",NA,NA,"-57.63333","-25.65",NA,NA,NA,NA,NA,"P04852099_01",NA,NA,NA,NA,NA,NA,NA,"35204","hb",NA,NA
"33","2015-09-05 07:28:04-03","MNHN","RECOLNAT_MNHN_P","P04852100","PreservedSpecimen",NA,NA,"Anacardiaceae","Schinopsis","balansae","Schinopsis balansae","Engl.",NA,"Hassler, E.",NA,NA,NA,NA,NA,"Paraguai",NA,"<a href='http://coldb.mnhn.fr/catalognumber/mnhn/p/p04852100' target='other'> <mi>dwc_moreinfo</mi></a>","P04852100",NA,NA,NA,NA,NA,NA,NA,NA,NA,"P04852100_01",NA,NA,NA,NA,NA,NA,NA,NA,"hb",NA,NA
"34","2015-09-05 07:28:04-03","MNHN","RECOLNAT_MNHN_P","P04852101","PreservedSpecimen",NA,NA,"Anacardiaceae","Schinopsis","balansae","Schinopsis balansae","Engl.",NA,"Hassler, E.",NA,NA,NA,NA,NA,"Paraguai",NA,"<a href='http://coldb.mnhn.fr/catalognumber/mnhn/p/p04852101' target='other'> <mi>dwc_moreinfo</mi></a>","P04852101",NA,NA,NA,NA,NA,NA,NA,NA,NA,"P04852101_01",NA,NA,NA,NA,NA,NA,NA,"6028","hb",NA,NA
"35","2015-09-04 19:52:09-03","MNHN","RECOLNAT_MNHN_P","P06633018","PreservedSpecimen",NA,NA,"Anacardiaceae","Schinopsis","balansae","Schinopsis balansae","Engl.",NA,"Hassler, E.",NA,NA,NA,NA,NA,"Paraguai",NA,"<a href='http://coldb.mnhn.fr/catalognumber/mnhn/p/p06633018' target='other'> <mi>dwc_moreinfo</mi></a>","P06633018",NA,NA,NA,NA,NA,NA,NA,NA,NA,"P06633018_01",NA,NA,NA,NA,NA,NA,NA,"6028","hb",NA,NA
"36","2015-09-04 19:52:09-03","MNHN","RECOLNAT_MNHN_P","P06633019","PreservedSpecimen",NA,NA,"Anacardiaceae","Schinopsis","balansae","Schinopsis balansae","Engl.",NA,"Hassler, E.",NA,NA,NA,NA,NA,"Paraguai","Ad [mijam fe] Paraguay, Rosario.","<a href='http://coldb.mnhn.fr/catalognumber/mnhn/p/p06633019' target='other'> <mi>dwc_moreinfo</mi></a>","P06633019",NA,NA,NA,NA,NA,NA,NA,NA,NA,"P06633019_01",NA,NA,NA,NA,NA,NA,NA,"6028","hb",NA,NA
"37","2015-09-04 19:52:09-03","MNHN","RECOLNAT_MNHN_P","P06633020","PreservedSpecimen",NA,NA,"Anacardiaceae","Schinopsis","balansae","Schinopsis balansae","Engl.",NA,"Aguilar, R.M.",NA,"1947","12","21",NA,"Argentina","Gob. Chaco. Dep. Resistencia, Margarita Belen.","<a href='http://coldb.mnhn.fr/catalognumber/mnhn/p/p06633020' target='other'> <mi>dwc_moreinfo</mi></a>","P06633020",NA,NA,NA,NA,NA,NA,NA,NA,NA,"P06633020_01",NA,NA,NA,NA,NA,NA,NA,"1175","hb",NA,NA
"38","2015-09-04 19:52:09-03","MNHN","RECOLNAT_MNHN_P","P06633021","PreservedSpecimen",NA,NA,"Anacardiaceae","Schinopsis","balansae","Schinopsis balansae","Engl.",NA,"Morel, I.",NA,"1949","2","2",NA,"Argentina","Gob. Formosa. Dep. Pilcomayo. Localidad Puerto Ramos.","<a href='http://coldb.mnhn.fr/catalognumber/mnhn/p/p06633021' target='other'> <mi>dwc_moreinfo</mi></a>","P06633021",NA,NA,NA,NA,NA,NA,NA,NA,NA,"P06633021_01",NA,NA,NA,NA,NA,NA,NA,"7165","hb",NA,NA
"39","2015-09-04 19:52:09-03","MNHN","RECOLNAT_MNHN_P","P06633022","PreservedSpecimen",NA,NA,"Anacardiaceae","Schinopsis","balansae","Schinopsis balansae","Engl.",NA,"Bonpland",NA,"1833","1","1",NA,"Argentina",NA,"<a href='http://coldb.mnhn.fr/catalognumber/mnhn/p/p06633022' target='other'> <mi>dwc_moreinfo</mi></a>","P06633022",NA,NA,NA,NA,NA,NA,NA,NA,NA,"P06633022_01",NA,NA,NA,NA,NA,NA,NA,"495","hb",NA,NA
"40","2015-09-04 19:52:09-03","MNHN","RECOLNAT_MNHN_P","P06633023","PreservedSpecimen",NA,NA,"Anacardiaceae","Schinopsis","balansae","Schinopsis balansae","Engl.",NA,"Bonpland, M.",NA,"1833","1","1",NA,"Argentina",NA,"<a href='http://coldb.mnhn.fr/catalognumber/mnhn/p/p06633023' target='other'> <mi>dwc_moreinfo</mi></a>","P06633023",NA,NA,NA,NA,NA,NA,NA,NA,NA,"P06633023_01",NA,NA,NA,NA,NA,NA,NA,"495","hb",NA,NA
"41","2015-09-04 19:52:09-03","MNHN","RECOLNAT_MNHN_P","P06633024","PreservedSpecimen",NA,NA,"Anacardiaceae","Schinopsis","balansae","Schinopsis balansae","Engl.",NA,"Pedersen, T.M.",NA,"1954","12","10",NA,"Argentina","Estancia La Yela; Dep. Empedrado; Prov. Corrientes.","<a href='http://coldb.mnhn.fr/catalognumber/mnhn/p/p06633024' target='other'> <mi>dwc_moreinfo</mi></a>","P06633024",NA,NA,NA,NA,NA,NA,NA,NA,NA,"P06633024_01",NA,NA,NA,NA,NA,NA,NA,"3041","hb",NA,NA
"42","2015-09-04 19:52:09-03","MNHN","RECOLNAT_MNHN_P","P06633025","PreservedSpecimen",NA,NA,"Anacardiaceae","Schinopsis","balansae","Schinopsis balansae","Engl.",NA,"Bonpland, A.",NA,"1832","1","1",NA,"Argentina","Corrientes.","<a href='http://coldb.mnhn.fr/catalognumber/mnhn/p/p06633025' target='other'> <mi>dwc_moreinfo</mi></a>","P06633025",NA,NA,NA,NA,NA,NA,NA,NA,NA,"P06633025_01",NA,NA,NA,NA,NA,NA,NA,"495","hb",NA,NA
"43","2015-09-04 19:52:09-03","MNHN","RECOLNAT_MNHN_P","P06633026","PreservedSpecimen",NA,NA,"Anacardiaceae","Schinopsis","balansae","Schinopsis balansae","Engl.",NA,"Venturi, S.",NA,"1904","1","19",NA,"Argentina","Chaco santafecino, Mocoví.","<a href='http://coldb.mnhn.fr/catalognumber/mnhn/p/p06633026' target='other'> <mi>dwc_moreinfo</mi></a>","P06633026",NA,NA,NA,NA,NA,NA,NA,NA,NA,"P06633026_01",NA,NA,NA,NA,NA,NA,NA,"113","hb",NA,NA
"44","2015-09-04 19:52:09-03","MNHN","RECOLNAT_MNHN_P","P06633027","PreservedSpecimen",NA,NA,"Anacardiaceae","Schinopsis","balansae","Schinopsis balansae","Engl.",NA,"Aguilar, R.M.",NA,"1947","12","21",NA,"Argentina","Margarita Belém. Provincia: Gob. Chaco. Dep. Resistencia.","<a href='http://coldb.mnhn.fr/catalognumber/mnhn/p/p06633027' target='other'> <mi>dwc_moreinfo</mi></a>","P06633027",NA,NA,NA,NA,NA,NA,NA,NA,NA,"P06633027_01",NA,NA,NA,NA,NA,NA,NA,"1172","hb",NA,NA
"45","2018-04-11 15:35:05-03","MNHN","RECOLNAT_MNHN_P","P06633028","PreservedSpecimen",NA,NA,"Anacardiaceae","Schinopsis","balansae","Schinopsis balansae","Engl.",NA,"Calot",NA,"1876","5","1",NA,"Argentina","Territoire du G. Chaco. Colonie Vanguardia.","<a href='http://coldb.mnhn.fr/catalognumber/mnhn/p/p06633028' target='other'> <mi>dwc_moreinfo</mi></a>","P06633028",NA,NA,NA,NA,NA,NA,NA,NA,NA,"P06633028_01",NA,NA,NA,NA,NA,NA,NA,"80","hb",NA,NA
"46","2009-11-06 08:22:00-02","MO","MOBOT","100226214","PreservedSpecimen","Plantae",NA,"Anacardiaceae","Schinopsis","balansae","Schinopsis balansae","Engl.","J. de Egea","M. Peña-Chocarro|J. de Egea Juvinel","Peña-Chocarro 2284","2005","1","23","South America","Paraguay","Estancia Redondo.",NA,NA,"Ñeembucú",NA,"-58.0511111","-24.5772223",NA,NA,NA,NA,NA,NA,NA,NA,NA,NA,NA,NA,NA,NA,NA,"1",NA
"47","2011-10-30 04:57:00-02","MO","MOBOT","2868747","PreservedSpecimen","Plantae",NA,"Anacardiaceae","Schinopsis","balansae","Schinopsis balansae","Engl.",NA,"Rubén M. Aguilar","Aguilar 1172","1947","12","21","South America","Argentina","Dep. Resistencía. margarita Belén.",NA,NA,"Chaco",NA,NA,NA,NA,NA,NA,NA,NA,NA,NA,NA,NA,NA,NA,NA,NA,NA,NA,NA,NA
"48","2015-03-19 11:28:00-03","MO","MOBOT","100781089","PreservedSpecimen","Plantae",NA,"Anacardiaceae","Schinopsis","balansae","Schinopsis balansae","Engl.",NA,"Teodore Meyer","Meyer 15932","1950","12","18","South America","Paraguay","Curupayty",NA,NA,"Ñeembucú",NA,"-58.6166667","-27.15",NA,NA,NA,NA,NA,NA,"45.00000000",NA,NA,NA,NA,NA,NA,NA,NA,"1",NA
"49","2015-11-23 09:11:00-02","MO","MOBOT","100877413","PreservedSpecimen","Plantae",NA,"Anacardiaceae","Schinopsis","balansae","Schinopsis balansae","Engl.",NA,"M. Peña-Chocarro|J. de Egea Juvinel|K. Penayo","Peña-Chocarro 1687","2004","2","11","South America","Paraguay","Estancia Santa Asunción (km 200 Ruta Transchaco).",NA,NA,"Presidente Hayes",NA,"-58.58","-23.9336111",NA,NA,NA,NA,NA,NA,NA,NA,NA,NA,NA,NA,NA,NA,NA,"1",NA
"50","2020-12-07 15:15:00-03","MO","MOBOT","1054257","PreservedSpecimen","Plantae",NA,"Anacardiaceae","Schinopsis","balansae","Schinopsis balansae","Engl.",NA,"Teodoro Rojas","Rojas 2374A","1916","12",NA,"South America","Paraguay","Puerto Casado (Puerto La Victoria), Chaco.",NA,NA,"Alto Paraguay",NA,"-57.9166667","-22.3333333",NA,NA,NA,NA,NA,NA,NA,NA,NA,NA,NA,NA,NA,NA,NA,"1",NA
"51","2010-03-13 06:56:00-03","MO","MOBOT","100151248","PreservedSpecimen","Plantae",NA,"Anacardiaceae","Schinopsis","balansae","Schinopsis balansae","Engl.","Schinini","Aurelio Schinini|Ramón A. Palacios","Schinini Cacace 25861","1987","12","18","South America","Paraguay","Río Monte Lindo y ruta Trans Chaco, Riacho Michí.",NA,NA,"Presidente Hayes",NA,NA,NA,NA,NA,NA,NA,NA,NA,NA,NA,NA,NA,NA,NA,NA,NA,NA,"1",NA
"52","2014-04-24 12:44:00-03","MO","MOBOT","100703384","PreservedSpecimen","Plantae",NA,"Anacardiaceae","Schinopsis","balansae","Schinopsis balansae","Engl.",NA,"Lewis|PIRE","Lewis 975","1980","2","17","South America","Argentina","Las Gamas.",NA,NA,"Santa Fé","Vera",NA,NA,NA,NA,NA,NA,NA,NA,NA,NA,NA,NA,NA,NA,NA,NA,NA,"1",NA
"53","2018-05-17 05:29:00-03","MO","MOBOT","100714550","PreservedSpecimen","Plantae",NA,"Anacardiaceae","Schinopsis","balansae","Schinopsis balansae","Engl.",NA,"Arturo E. Burkart|Nélida M. Bacigalupo|Rosa Guaglianone|María E. Múlgura|Emilio A. Ulibarri","Burkart 30938","1974","12","18","South America","Argentina","Estancia Las Tres Marías, barranca Río Paraná.",NA,NA,"Corrientes","Empedrado",NA,NA,NA,NA,NA,NA,NA,NA,NA,NA,NA,NA,NA,NA,NA,NA,NA,"1",NA
"54","2015-02-03 13:26:00-02","MO","MOBOT","100775089","PreservedSpecimen","Plantae",NA,"Anacardiaceae","Schinopsis","balansae","Schinopsis balansae","Engl.",NA,"Fátima Mereles|Rosa Degen","Mereles H. 4838","1992","10","22","South America","Paraguay","Campo Aroma, km 10 NO.",NA,NA,"Boquerón",NA,NA,NA,NA,NA,NA,NA,NA,NA,NA,NA,NA,NA,NA,NA,NA,NA,NA,"1",NA
"55","2015-03-19 14:03:00-03","MO","MOBOT","100781087","PreservedSpecimen","Plantae",NA,"Anacardiaceae","Schinopsis","balansae","Schinopsis balansae","Engl.",NA,"August G. Schulz","Schulz 7832","1950","12","14","South America","Paraguay","Frente a la desembocadura del río Bermejo.",NA,NA,"Ñeembucú",NA,"-58.2833333","-26.8833333",NA,NA,NA,NA,NA,NA,"45.00000000",NA,NA,NA,NA,NA,NA,NA,NA,"1",NA
"56","2015-03-19 11:41:00-03","MO","MOBOT","100781088","PreservedSpecimen","Plantae",NA,"Anacardiaceae","Schinopsis","balansae","Schinopsis balansae","Engl.",NA,"Teodore Meyer","Meyer 16127","1950","12","14","South America","Paraguay","Pilar",NA,NA,"Ñeembucú",NA,"-58.2833333","-26.8833333",NA,NA,NA,NA,NA,NA,"50.00000000",NA,NA,NA,NA,NA,NA,NA,NA,"1",NA
"57","2008-05-27 22:02:00-03","MO","MOBOT","1223725","PreservedSpecimen","Plantae",NA,"Anacardiaceae","Schinopsis","balansae","Schinopsis balansae","Engl.","John Mitchell (NY)","Elsa M. Zardini|J. Fernandez","Zardini 46045","1996","12","13","South America","Paraguay","Estancia Zalazar. Savanna (Espartillar) and bordering dry forest.",NA,NA,"Presidente Hayes",NA,"-59.13111","-22.98527",NA,NA,NA,NA,NA,NA,"60.00000000",NA,NA,NA,NA,NA,NA,"1085",NA,"4",NA
"58","2008-05-27 22:02:00-03","MO","MOBOT","159377","PreservedSpecimen","Plantae",NA,"Anacardiaceae","Schinopsis","balansae","Schinopsis balansae","Engl.","J.D. Mitchell (NY)","Elsa M. Zardini|P. Aquino","Zardini 34695","1993","1","14","South America","Paraguay","Estero del Ypoá. Puerto Guyrati - Villa Oliva. 4.5 km S of Puerto Guyrati. Savanna and patches of forest on clay soil.",NA,NA,"Central",NA,"-57.61666","-25.63333",NA,NA,NA,NA,NA,NA,NA,NA,NA,NA,NA,NA,NA,"799",NA,"4",NA
"59","2011-06-09 17:27:00-03","MO","MOBOT","159383","PreservedSpecimen","Plantae",NA,"Anacardiaceae","Schinopsis","balansae","Schinopsis balansae","Engl.","J.D. Mitchell (NY)","Elsa M. Zardini|Tulio Tillería","Zardini 34873","1993","1","27","South America","Paraguay","Estero del Ypoá. Paraguari - Carapeguá. Arroyo Mbaey. Dry forest on clay soil and gallery forest along creek.",NA,NA,"Paraguarí",NA,"-57.21666","-25.71666",NA,NA,NA,NA,NA,NA,NA,NA,NA,NA,NA,NA,NA,"802",NA,"4",NA
"60","2008-05-27 22:02:00-03","MO","MOBOT","159428","PreservedSpecimen","Plantae",NA,"Anacardiaceae","Schinopsis","balansae","Schinopsis balansae","Engl.","W.J. Hahn (MO)","William J. Hahn","Hahn 2161","1984","3","5","South America","Paraguay","150 km. Dry thorn forest.",NA,NA,"Presidente Hayes",NA,"-58.33333","-24.25",NA,NA,NA,NA,NA,NA,NA,NA,NA,NA,NA,NA,NA,"84-11",NA,"1",NA
"61","2011-06-09 17:27:00-03","MO","MOBOT","167555","PreservedSpecimen","Plantae",NA,"Anacardiaceae","Schinopsis","balansae","Schinopsis balansae","Engl.","Ronald Liesner (MO)","Elsa M. Zardini|Tulio Tillería","Zardini 34481","1993","1","7","South America","Paraguay","Estero del Ypoá. Villeta - Puerto Guyrati. Between 11.5 km S of Villeta and Puerto Guyrati. Inundated savanna on clay soil.",NA,NA,"Central",NA,"-57.6","-25.6",NA,NA,NA,NA,NA,NA,NA,NA,NA,NA,NA,NA,NA,"797",NA,"4",NA
"62","2011-06-09 17:27:00-03","MO","MOBOT","167562","PreservedSpecimen","Plantae",NA,"Anacardiaceae","Schinopsis","balansae","Schinopsis balansae","Engl.","Ronald Liesner (MO)","Elsa M. Zardini|Tulio Tillería","Zardini 34482","1993","1","7","South America","Paraguay","Estero del Ypoá. Villeta - Puerto Guyrati. Between 11.5 km S of Villeta and Puerto Guyrati. Inundated savanna on clay soil.",NA,NA,"Central",NA,"-57.6","-25.6",NA,NA,NA,NA,NA,NA,NA,NA,NA,NA,NA,NA,NA,"797",NA,"4",NA
"63","2011-06-09 17:27:00-03","MO","MOBOT","167590","PreservedSpecimen","Plantae",NA,"Anacardiaceae","Schinopsis","balansae","Schinopsis balansae","Engl.","Ronald Liesner (MO)","Elsa M. Zardini|Tulio Tillería","Zardini 34554","1993","1","7","South America","Paraguay","Estero del Ypoá. Villeta - Puerto Guyrati. Between 11.5 km S of Villeta and Puerto Guyrati. Inundated savanna on clay soil.",NA,NA,"Central",NA,"-57.6","-25.6",NA,NA,NA,NA,NA,NA,NA,NA,NA,NA,NA,NA,NA,"797",NA,"4",NA
"64","2008-05-27 22:02:00-03","MO","MOBOT","167610","PreservedSpecimen","Plantae",NA,"Anacardiaceae","Schinopsis","balansae","Schinopsis balansae","Engl.","Ronald Liesner (MO)","Elsa M. Zardini|Leongino Guerrero","Zardini 34610","1993","1","14","South America","Paraguay","Estero del Ypoá. Pureto Guyrati - Villa Oliva. 2 km S of Puerto Guyrati. Savanna and patches of forest on clay soil.",NA,NA,"Central",NA,"-57.6","-25.61666",NA,NA,NA,NA,NA,NA,NA,NA,NA,NA,NA,NA,NA,"798",NA,"4",NA
"65","2008-05-27 22:02:00-03","MO","MOBOT","167624","PreservedSpecimen","Plantae",NA,"Anacardiaceae","Schinopsis","balansae","Schinopsis balansae","Engl.","Ronald Liesner (MO)","Elsa M. Zardini|Leongino Guerrero","Zardini 34639","1993","1","14","South America","Paraguay","Estero del Ypoá. Pureto Guyrati - Villa Oliva. 2 km S of Puerto Guyrati. Savanna and patches of forest on clay soil.",NA,NA,"Central",NA,"-57.6","-25.61666",NA,NA,NA,NA,NA,NA,NA,NA,NA,NA,NA,NA,NA,"798",NA,"4",NA
"66","2008-05-27 22:02:00-03","MO","MOBOT","167630","PreservedSpecimen","Plantae",NA,"Anacardiaceae","Schinopsis","balansae","Schinopsis balansae","Engl.","Ronald Liesner (MO)","Elsa M. Zardini|Leongino Guerrero","Zardini 34649","1993","1","14","South America","Paraguay","Estero del Ypoá. Pureto Guyrati - Villa Oliva. 2 km S of Puerto Guyrati. Savanna and patches of forest on clay soil.",NA,NA,"Central",NA,"-57.6","-25.61666",NA,NA,NA,NA,NA,NA,NA,NA,NA,NA,NA,NA,NA,"798",NA,"4",NA
"67","2008-05-27 22:02:00-03","MO","MOBOT","167649","PreservedSpecimen","Plantae",NA,"Anacardiaceae","Schinopsis","balansae","Schinopsis balansae","Engl.","Ronald Liesner (MO)","Elsa M. Zardini|P. Aquino","Zardini 34734","1993","1","14","South America","Paraguay","Estero del Ypoá. Puerto Guyrati - Villa Oliva. 4.5 km S of Puerto Guyrati. Savanna and patches of forest on clay soil.",NA,NA,"Central",NA,"-57.61666","-25.63333",NA,NA,NA,NA,NA,NA,NA,NA,NA,NA,NA,NA,NA,"799",NA,"4",NA
"68","2011-03-21 08:56:00-03","MO","MOBOT","1878745","PreservedSpecimen","Plantae",NA,"Anacardiaceae","Schinopsis","balansae","Schinopsis balansae","Engl.","Juan de Dios Muñoz","Thomas Morong","Morong 914","1888",NA,NA,"South America","Paraguay","Pilcomayo River.",NA,NA,NA,NA,NA,NA,NA,NA,NA,NA,NA,NA,NA,NA,NA,NA,NA,NA,NA,NA,NA,"1","Isotype"
"69","2008-05-27 22:02:00-03","MO","MOBOT","2298700","PreservedSpecimen","Plantae",NA,"Anacardiaceae","Schinopsis","balansae","Schinopsis balansae","Engl.",NA,"TORTORELLI","TORTORELLI 391a","1941",NA,NA,"South America","Argentina","Legua 46, zona A Chaco",NA,NA,"Chaco","Quitilipi",NA,NA,NA,NA,NA,NA,NA,NA,NA,NA,NA,NA,NA,NA,NA,NA,NA,NA,NA
"70","2012-03-07 13:38:00-03","MO","MOBOT","2407001","PreservedSpecimen","Plantae",NA,"Anacardiaceae","Schinopsis","balansae","Schinopsis balansae","Engl.","R. Fortunato","Renée H. Fortunato","Fortunato 6180","1998","12","9","South America","Argentina","5 km al W de ruta 3, por ruta 56 en direcc. a San Martín.",NA,NA,"Chaco","Libertador General San Martín","-58.6833333","-26.65",NA,NA,NA,NA,NA,NA,"109.00000000",NA,NA,NA,NA,NA,NA,NA,NA,"1",NA
"71","2011-04-03 21:11:00-03","MO","MOBOT","2408641","PreservedSpecimen","Plantae",NA,"Anacardiaceae","Schinopsis","balansae","Schinopsis balansae","Engl.","Schinini, A., //","A. Di Giácomo","Di Giácomo 555","2002","2","6","South America","Argentina","Reserva El Bagual",NA,NA,"Formosa","Laishí","-58.95","-26.18333",NA,NA,NA,NA,NA,NA,NA,NA,NA,NA,NA,NA,NA,NA,NA,NA,NA
"72","2012-07-30 09:31:00-03","MO","MOBOT","2493021","PreservedSpecimen","Plantae",NA,"Anacardiaceae","Schinopsis","balansae","Schinopsis balansae","Engl.","Muñoz, J. D.","Teodore Meyer","Meyer 18553","1953","1","25","South America","Paraguay","Chaco- frente a Concepción",NA,NA,"Concepción",NA,NA,NA,NA,NA,NA,NA,NA,NA,NA,NA,NA,NA,NA,NA,NA,NA,NA,"1",NA
"73","2009-08-21 10:16:00-03","MO","MOBOT","2868389","PreservedSpecimen","Plantae",NA,"Anacardiaceae","Schinopsis","balansae","Schinopsis balansae","Engl.","Juan de Dios Muñoz","Elbert L. Little","Little 40041","1984","1","21","South America","Paraguay","Bosque subtropical húmedo. Entre Carapoguá y Paraguarí.",NA,NA,"Paraguarí",NA,NA,NA,NA,NA,NA,NA,NA,NA,NA,NA,NA,NA,NA,NA,NA,NA,NA,NA,NA
"74","2011-10-30 04:57:00-02","MO","MOBOT","2868531","PreservedSpecimen","Plantae",NA,"Anacardiaceae","Schinopsis","balansae","Schinopsis balansae","Engl.",NA,"Rubén M. Aguilar","Aguilar 1175","1947","12","21","South America","Argentina","Dep Resistencia.Gob. Chaco. Dep: Resistencia.",NA,NA,NA,NA,NA,NA,NA,NA,NA,NA,NA,NA,NA,NA,NA,NA,NA,NA,NA,NA,NA,NA,NA
"75","2014-03-26 20:44:00-03","MO","MOBOT","2868686","PreservedSpecimen","Plantae",NA,"Anacardiaceae","Schinopsis","balansae","Schinopsis balansae","Engl.","Juan de Dios Muñoz","Milan Vavrek|E. Enciso","Vavrek 43","1980","10","31","South America","Paraguay","Parque Nacional Defensores del Chaco. exposición sincubierta; suelo arcilloso; sitio patio de la Administracion; tipo de vegetación aislado.",NA,NA,"Chaco",NA,NA,NA,NA,NA,NA,NA,NA,NA,"100.00000000",NA,NA,NA,NA,NA,NA,NA,NA,NA,NA
"76","2012-10-01 16:07:00-03","MO","MOBOT","2868805","PreservedSpecimen","Plantae",NA,"Anacardiaceae","Schinopsis","balansae","Schinopsis balansae","Engl.","Schinini","Aurelio Schinini|Ramón A. Palacios","Schinini Cacace 25870","1987","12","19","South America","Paraguay","Paraguayo. 15 km E de Pozo Colorado, En quebrachal de Schinopsis balansae y Copernicia alba.",NA,NA,"Presidente Hayes",NA,"-58.6666667","-23.5",NA,NA,NA,NA,NA,NA,NA,NA,NA,NA,NA,NA,NA,NA,NA,"1",NA
"77","2009-08-25 17:40:00-03","MO","MOBOT","2868991","PreservedSpecimen","Plantae",NA,"Anacardiaceae","Schinopsis","balansae","Schinopsis balansae","Engl.","Juan De Dios Muñoz","Luciano Bernardi","Bernardi 20152","1980",NA,NA,"South America","Argentina","Inter Pozo Colorado et Concepcion 93 km ante hanc civitatem; Dept. Pres. Hayes.",NA,NA,NA,NA,NA,NA,NA,NA,NA,NA,NA,NA,NA,NA,NA,NA,NA,NA,NA,NA,NA,NA,NA
"78","2009-08-25 17:40:00-03","MO","MOBOT","2869119","PreservedSpecimen","Plantae",NA,"Anacardiaceae","Schinopsis","balansae","Schinopsis balansae","Engl.","Juan de Dios Muñoz","Luciano Bernardi","Bernardi 20168","1980",NA,NA,"South America","Argentina","De Pozo Colorado, 93 km ante civitatem Concepcion, Dept. Presid. Hayes.",NA,NA,NA,NA,NA,NA,NA,NA,NA,NA,NA,NA,NA,NA,NA,NA,NA,NA,NA,NA,NA,NA,NA
"79","2012-02-25 06:42:00-02","MO","MOBOT","2869214","PreservedSpecimen","Plantae",NA,"Anacardiaceae","Schinopsis","balansae","Schinopsis balansae","Engl.",NA,"José F. Pensiero|C. D'Angelo","Pensiero 643","1983",NA,NA,"South America","Argentina","Próximo Laguna del Palmar.",NA,NA,"Santa Fé","Vera",NA,NA,NA,NA,NA,NA,NA,NA,NA,NA,NA,NA,NA,NA,NA,NA,NA,NA,NA
"80","2009-10-14 20:42:00-03","MO","MOBOT","2869320","PreservedSpecimen","Plantae",NA,"Anacardiaceae","Schinopsis","balansae","Schinopsis balansae","Engl.",NA,"Fátima Mereles|Rosa Degen","Mereles H. 5495","1993",NA,NA,"South America","Paraguay","Picada Sirascuas. Bosque. Sobre dunas.",NA,NA,"Boquerón",NA,NA,NA,NA,NA,NA,NA,NA,NA,NA,NA,NA,NA,NA,NA,NA,NA,NA,NA,NA
"81","2012-06-11 09:54:00-03","MO","MOBOT","2869463","PreservedSpecimen","Plantae",NA,"Anacardiaceae","Schinopsis","balansae","Schinopsis balansae","Engl.","D. Brunner","J.E. Simonis|William J. Hahn","Simonis 18","1983",NA,NA,"South America","Paraguay","Along Trans Chaco road, 94 km from Asunción.",NA,NA,"Presidente Hayes",NA,NA,NA,NA,NA,NA,NA,NA,NA,NA,NA,NA,NA,NA,NA,NA,NA,NA,NA,NA
"82","2009-07-10 17:57:00-03","MO","MOBOT","2869516","PreservedSpecimen","Plantae",NA,"Anacardiaceae","Schinopsis","balansae","Schinopsis balansae","Engl.","T.M.P","Troels M. Pedersen","Pedersen 3041","1954","12","10","South America","Argentina","Estancia La Yela.",NA,NA,"Corrientes","Empedrado",NA,NA,NA,NA,NA,NA,NA,NA,NA,NA,NA,NA,NA,NA,NA,NA,NA,NA,NA
"83","2014-01-16 10:58:00-02","MO","MOBOT","2869567","PreservedSpecimen","Plantae",NA,"Anacardiaceae","Schinopsis","balansae","Schinopsis balansae","Engl.",NA,"Pastor Arenas Rodríguez","Arenas Rodríguez 299","1974","1","7","South America","Paraguay","Pto. Diana, 5 km al N de Bahia Negra.",NA,NA,"Alto Paraguay",NA,NA,NA,NA,NA,NA,NA,NA,NA,NA,NA,NA,NA,NA,NA,NA,NA,NA,"1",NA
"84","2009-07-17 07:39:00-03","MO","MOBOT","2869651","PreservedSpecimen","Plantae",NA,"Anacardiaceae","Schinopsis","balansae","Schinopsis balansae","Engl.","Juan de Dios Muñoz","Émile Hassler","Hassler 6028a",NA,NA,NA,"South America","Paraguay",NA,NA,NA,NA,NA,NA,NA,NA,NA,NA,NA,NA,NA,NA,NA,NA,NA,NA,NA,NA,NA,NA,NA,NA
"85","2012-11-26 10:54:00-02","MO","MOBOT","2869800","PreservedSpecimen","Plantae",NA,"Anacardiaceae","Schinopsis","balansae","Schinopsis balansae","Engl.","F.A Barkley","Carl A.M. Lindman","Lindman 12261","1893","10","18","South America","Paraguay","Colonia Risso, in silvis tolius territorii,, guum claris, turn densis primcevis.",NA,NA,NA,NA,NA,NA,NA,NA,NA,NA,NA,NA,NA,NA,NA,NA,NA,NA,NA,NA,NA,"1",NA
"86","2012-11-26 10:55:00-02","MO","MOBOT","2869898","PreservedSpecimen","Plantae",NA,"Anacardiaceae","Schinopsis","balansae","Schinopsis balansae","Engl.","Juan de Dios Muñoz","Carl A.M. Lindman","Lindman 12261","1893","10","18","South America","Paraguay","Colonia risso, in silvis totius territorii, guum claris, tum densis primdvis.",NA,NA,NA,NA,NA,NA,NA,NA,NA,NA,NA,NA,NA,NA,NA,NA,NA,NA,NA,NA,NA,"1",NA
"87","2008-05-27 22:02:00-03","MO","MOBOT","3408307","PreservedSpecimen","Plantae",NA,"Anacardiaceae","Schinopsis","balansae","Schinopsis balansae","Engl.","H. Maturo","* MATURO","MATURO 305","2005","3","8","South America","Argentina","Estancia Guaycolec. Monte fuerte.",NA,NA,"Formosa",NA,"-58.23527","-25.98777",NA,NA,NA,NA,NA,NA,NA,NA,NA,NA,NA,NA,NA,NA,NA,NA,NA
"88","2008-05-27 22:02:00-03","MO","MOBOT","809445","PreservedSpecimen","Plantae",NA,"Anacardiaceae","Schinopsis","balansae","Schinopsis balansae","Engl.","Ronald Liesner (MO)","Elsa M. Zardini|P. Aquino","Zardini 34247","1992","12","16","South America","Paraguay","Estero del Ypoá. Villeta - Puerto Guyrati. 11 km S of Villeta, east of trail to Villa Oliva. Inundated savanna on clay soil with patches of forest.",NA,NA,"Central",NA,"-57.58333","-25.6",NA,NA,NA,NA,NA,NA,NA,NA,NA,NA,NA,NA,NA,"792",NA,"4",NA
"89","2011-06-09 17:28:00-03","MO","MOBOT","809743","PreservedSpecimen","Plantae",NA,"Anacardiaceae","Schinopsis","balansae","Schinopsis balansae","Engl.","Ronald Liesner (MO)","Elsa M. Zardini|Tulio Tillería","Zardini 35204","1993","2","24","South America","Paraguay","Estero del Ypoá. 8 km S of Puerto Guyrati, around Arroyo Surubiy. Inundated savanna and forest patches.",NA,NA,"Central",NA,"-57.63333","-25.65",NA,NA,NA,NA,NA,NA,NA,NA,NA,NA,NA,NA,NA,"808",NA,"4",NA
"90","2011-06-09 17:28:00-03","MO","MOBOT","809790","PreservedSpecimen","Plantae",NA,"Anacardiaceae","Schinopsis","balansae","Schinopsis balansae","Engl.","Ronald Liesner (MO)","Elsa M. Zardini|Tulio Tillería","Zardini 35266","1993","2","24","South America","Paraguay","Estero del Ypoá. 8 km S of Puerto Guyrati, around Arroyo Surubiy. Inundated savanna and forest patches.",NA,NA,"Central",NA,"-57.63333","-25.65",NA,NA,NA,NA,NA,NA,NA,NA,NA,NA,NA,NA,NA,"808",NA,"4",NA
"91","2008-05-27 22:02:00-03","MO","MOBOT","809803","PreservedSpecimen","Plantae",NA,"Anacardiaceae","Schinopsis","balansae","Schinopsis balansae","Engl.","Ronald Liesner (MO)","Elsa M. Zardini|Leongino Guerrero","Zardini 35304","1993","3","4","South America","Paraguay","Estero del Ypoá. Puerto Guyratí - Villa Oliva. 10 km S of Puerto Guyratí. Savanna and patches of forest on clay soil.",NA,NA,"Central",NA,"-57.65","-25.66666",NA,NA,NA,NA,NA,NA,NA,NA,NA,NA,NA,NA,NA,"810",NA,"4",NA
"92","2008-05-27 22:02:00-03","MO","MOBOT","809853","PreservedSpecimen","Plantae",NA,"Anacardiaceae","Schinopsis","balansae","Schinopsis balansae","Engl.","D. Brunner (MO)","Elsa M. Zardini|Leongino Guerrero","Zardini 35498","1993","3","12","South America","Paraguay","Estero del Ypoá: Villeta-Puerto Guyratí, 6 km S of Villeta, on trail to Paraguay River. Gallery forest on Paraguay River.",NA,NA,"Central",NA,"-57.56666","-25.55",NA,NA,NA,NA,NA,NA,NA,NA,NA,NA,NA,NA,NA,"814",NA,"4",NA
"93","2020-12-07 15:15:00-03","MO","MOBOT","1055257","PreservedSpecimen","Plantae",NA,"Anacardiaceae","Schinopsis","balansae","Schinopsis balansae","Engl.",NA,"Teodoro Rojas","Rojas 7027","1935","1",NA,"South America","Paraguay","Parque (Asunción).",NA,NA,"Central",NA,"-57.6666667","-25.2666667",NA,NA,NA,NA,NA,NA,NA,NA,NA,NA,NA,NA,NA,NA,NA,"1",NA
"94","2019-03-29 10:41:11-03","UFSM","HDCF","2376","S","Plantae",NA,"Anacardiaceae","Schinopsis","balansae","Schinopsis balansae","Engl.","Bolzón, G.","Bolzón, G.",NA,NA,NA,NA,NA,"Argentina",NA,"Árvore",NA,NA,NA,NA,NA,NA,NA,NA,NA,NA,NA,NA,NA,NA,NA,NA,NA,NA,NA,NA,NA,NA
"95","2019-03-29 10:41:11-03","UFSM","HDCF","487","S","Plantae",NA,"Anacardiaceae","Schinopsis","balansae","Schinopsis balansae","Engl.","Marchiori, J. N. C.","Marchiori, J. N. C.",NA,"1981","08","26",NA,"Argentina",NA,NA,NA,"Formosa","El Colorado",NA,NA,NA,NA,NA,NA,NA,NA,NA,NA,"1981","09","16",NA,NA,NA,NA,NA,NA
"96","2019-03-29 10:41:11-03","UFSM","HDCF","1745","S","Plantae",NA,"Anacardiaceae","Schinopsis","balansae","Schinopsis balansae","Engl.","Marchiori, J. N. C.","Marchiori, J. N. C.",NA,"1985","07","13","América","Brasil","Castelo de Pedras Altas","Cultivado na floresta do castelo",NA,"Rio Grande do Sul","Pinheiro Machado","-53.584639","-31.738194","-53.584639","-31.738194",NA,NA,NA,NA,NA,NA,"1985","08","01",NA,NA,NA,NA,NA,NA
"97","2021-03-03 13:56:05-03","UFF","NIT","NITw988","PreservedSpecimen","Plantae",NA,"Anacardiaceae","Schinopsis","balansae","Schinopsis balansae","Engl.",NA,NA,NA,NA,NA,NA,NA,"Brasil","Território de Ponta Porã.",NA,"NITw00001942",NA,"Porto Murtinho","-57.8824996948242","-21.6989002227783",NA,NA,NA,NA,NA,NA,NA,NA,NA,NA,NA,"185577","auto",NA,NA,NA,NA
"98","2021-03-03 13:56:05-03","UFF","NIT","NITw987","PreservedSpecimen","Plantae",NA,"Anacardiaceae","Schinopsis","balansae","Schinopsis balansae","Engl.",NA,NA,NA,NA,NA,NA,NA,"Argentina",NA,"Smiths. Inst. U.S. Nat. Mus. - Wash. 25, D.C.; U. Sw. Cat. nº. 464; U.S. Nat. Herb. s/n","NITw00001941",NA,"Argentina",NA,NA,NA,NA,NA,NA,NA,NA,NA,NA,NA,NA,NA,NA,NA,NA,NA,NA,NA
"99","2020-09-12 05:00:02-03","US","US","2902793","PreservedSpecimen","Plantae",NA,"Anacardiaceae","Schinopsis","balansae","Schinopsis balansae",NA,NA,"D. E. Cole","s.n.","1973","10",NA,"South America","Argentina","Near Capitan Solari, Dpto. Sargento Cabral, Chaco State.",NA,"US03348520","Chaco",NA,NA,NA,NA,NA,"Dicotyledonae","Sapindales",NA,NA,NA,NA,NA,NA,NA,NA,NA,NA,NA,"1",NA
"100","2020-09-12 05:00:02-03","US","US","1233013","PreservedSpecimen","Plantae",NA,"Anacardiaceae","Schinopsis","balansae","Schinopsis balansae",NA,NA,"P. Jörgensen","1949","1918","1",NA,"South America","Argentina","Territorio de Formosa. Abundante Formosa.",NA,"US03348523","Formosa",NA,NA,NA,NA,NA,"Dicotyledonae","Sapindales",NA,NA,NA,NA,NA,NA,NA,NA,NA,NA,NA,"1",NA
"101","2020-09-12 05:00:02-03","US","US","USw5522","PreservedSpecimen","Plantae",NA,"Anacardiaceae","Schinopsis","balansae","Schinopsis balansae",NA,NA,"Collector unknown","s.n.",NA,NA,NA,"South America","Paraguay",NA,NA,NA,NA,NA,NA,NA,NA,NA,"Dicotyledonae","Sapindales",NA,NA,NA,NA,NA,NA,NA,NA,NA,NA,NA,"1",NA
"102","2020-09-12 05:00:02-03","US","US","USw464","PreservedSpecimen","Plantae",NA,"Anacardiaceae","Schinopsis","balansae","Schinopsis balansae",NA,NA,"Collector unknown","s.n.",NA,NA,NA,"South America","Argentina",NA,NA,NA,NA,NA,NA,NA,NA,NA,"Dicotyledonae","Sapindales",NA,NA,NA,NA,NA,NA,NA,NA,NA,NA,NA,"1",NA
"103","2020-09-12 05:00:02-03","US","US","USw21537","PreservedSpecimen","Plantae",NA,"Anacardiaceae","Schinopsis","balansae","Schinopsis balansae",NA,NA,"H. Nogle","454",NA,NA,NA,"South America","Argentina",NA,NA,NA,NA,NA,NA,NA,NA,NA,"Dicotyledonae","Sapindales",NA,NA,NA,NA,NA,NA,NA,NA,NA,NA,NA,"1",NA
"104","2020-09-12 05:00:02-03","US","US","USw7424","PreservedSpecimen","Plantae",NA,"Anacardiaceae","Schinopsis","balansae","Schinopsis balansae",NA,NA,"Collector unknown","Y.1458",NA,NA,NA,"South America","Argentina","Tartagal",NA,NA,NA,NA,NA,NA,NA,NA,"Dicotyledonae","Sapindales",NA,NA,NA,NA,NA,NA,NA,NA,NA,NA,NA,"1",NA
"105","2020-09-12 05:00:02-03","US","US","2169368","PreservedSpecimen","Plantae",NA,"Anacardiaceae","Schinopsis","balansae","Schinopsis balansae",NA,NA,"T. Pederson","3041","1954","12","10","South America","Argentina","Estancia La Yela, Dep. Empedrado.",NA,"US03348516","Corrientes",NA,NA,NA,NA,NA,"Dicotyledonae","Sapindales",NA,NA,NA,NA,NA,NA,NA,NA,NA,NA,NA,"1",NA
"106","2020-09-12 05:00:02-03","US","US","2026828","PreservedSpecimen","Plantae",NA,"Anacardiaceae","Schinopsis","balansae","Schinopsis balansae",NA,NA,"R. Aguilar","1172","1947","12","21","South America","Argentina","Gob. Chaco, Dep. Resistencia, Margarita Belen.",NA,"US03348521","Chaco",NA,NA,NA,NA,NA,"Dicotyledonae","Sapindales",NA,"US03348521_01",NA,NA,NA,NA,NA,NA,NA,NA,NA,"1",NA
"107","2020-09-12 05:00:02-03","US","US","920723","PreservedSpecimen","Plantae",NA,"Anacardiaceae","Schinopsis","balansae","Schinopsis balansae",NA,NA,"H. M. Curran","411","1913","11","12","South America","Argentina","Vicinity of Barranqueras, Gobernacion de Chaco.",NA,"US03348524","Chaco",NA,NA,NA,NA,NA,"Dicotyledonae","Sapindales",NA,NA,"35","40",NA,NA,NA,NA,NA,NA,NA,"1",NA
"108","2020-09-12 05:00:02-03","US","US","3682105","PreservedSpecimen","Plantae",NA,"Anacardiaceae","Schinopsis","balansae","Schinopsis balansae",NA,NA,"E. Zardini & L. Guerrero","34610","1993","1","14","South America","Paraguay","Estero del Ypoá. Pureto Guyrati - Villa Oliva. 2 km S of Puerto Guyrati.",NA,"US03348517","Central",NA,"-57.6","-25.62",NA,NA,"Dicotyledonae","Sapindales",NA,NA,NA,NA,NA,NA,NA,NA,NA,NA,NA,"1",NA
"109","2020-09-12 05:00:02-03","US","US","1178020","PreservedSpecimen","Plantae",NA,"Anacardiaceae","Schinopsis","balansae","Schinopsis balansae",NA,NA,"K. Fiebrig","5092","1909","1",NA,"South America","Paraguay","N. Paraguay: Zwischen Rio Apa und Rio Aquidaban.",NA,"US03348527",NA,NA,NA,NA,NA,NA,"Dicotyledonae","Sapindales",NA,"US03348527_01",NA,NA,NA,NA,NA,NA,NA,NA,NA,"1",NA
"110","2020-09-12 05:00:02-03","US","US","1043730","PreservedSpecimen","Plantae",NA,"Anacardiaceae","Schinopsis","balansae","Schinopsis balansae",NA,NA,"S. Venturi","113","1904","1","19","South America","Argentina","Chaco Santafecino, Mocovi.",NA,"US03348528","Chaco",NA,NA,NA,NA,NA,"Dicotyledonae","Sapindales",NA,NA,NA,NA,NA,NA,NA,NA,NA,NA,NA,"1",NA
"111","2020-09-12 05:00:02-03","US","US","2928349","PreservedSpecimen","Plantae",NA,"Anacardiaceae","Schinopsis","balansae","Schinopsis balansae",NA,NA,"A. E. Burkart, N. M. Bacigalupo, E. R. Guaglianone, M. E. Múlgura & E. A. Ulibarri","30938","1974","12","18","South America","Argentina","Dpto. Empedrado, Estancia Las Tres Marías, barranca Río Paraná.",NA,"US03348519","Corrientes",NA,NA,NA,NA,NA,"Dicotyledonae","Sapindales",NA,NA,NA,NA,NA,NA,NA,NA,NA,NA,NA,"1",NA
"112","2020-09-12 05:00:02-03","US","US","920699","PreservedSpecimen","Plantae",NA,"Anacardiaceae","Schinopsis","balansae","Schinopsis balansae",NA,NA,"H. M. Curran","379","1913","11","12","South America","Argentina","Vicinity of Barranqueras, Gobernacion de Chaco.",NA,"US03348525","Chaco",NA,NA,NA,NA,NA,"Dicotyledonae","Sapindales",NA,"US03348525_01","35","40",NA,NA,NA,NA,NA,NA,NA,"1",NA
"113","2020-09-12 05:00:02-03","US","US","920449","PreservedSpecimen","Plantae",NA,"Anacardiaceae","Schinopsis","balansae","Schinopsis balansae",NA,NA,"H. M. Curran","36","1913","11","25","South America","Argentina","Vicinity of Barranqueras, Gobernacion de Chaco.",NA,"US03348526","Chaco",NA,NA,NA,NA,NA,"Dicotyledonae","Sapindales",NA,NA,"35","40",NA,NA,NA,NA,NA,NA,NA,"1",NA
"114","2020-09-12 05:00:02-03","US","US","2027329","PreservedSpecimen","Plantae",NA,"Anacardiaceae","Schinopsis","balansae","Schinopsis balansae",NA,NA,"D. Bourke-Borrowes","s.n.","1905","4","11","South America - Neotropics","Brazil","Rio Branco",NA,"US01884656","Mato Grosso",NA,NA,NA,NA,NA,"Dicotyledonae","Sapindales",NA,"US01884656_01 US01884656_02",NA,NA,NA,NA,NA,NA,NA,NA,NA,"1",NA
"115","2020-09-12 05:00:02-03","US","US","2923080","PreservedSpecimen","Plantae",NA,"Anacardiaceae","Schinopsis","balansae","Schinopsis balansae",NA,NA,"I. Morel","985","1946","2","12","South America","Argentina","Gob. Formosa, Dep. Piranè, Casco Cué.",NA,"US03348522","Formosa",NA,NA,NA,NA,NA,"Dicotyledonae","Sapindales",NA,NA,NA,NA,NA,NA,NA,NA,NA,NA,NA,"1",NA
"116","2020-09-12 05:00:02-03","US","US","USw5521","PreservedSpecimen","Plantae",NA,"Anacardiaceae","Schinopsis","balansae","Schinopsis balansae",NA,NA,"Collector unknown","s.n.",NA,NA,NA,"South America","Paraguay",NA,NA,NA,NA,NA,NA,NA,NA,NA,"Dicotyledonae","Sapindales",NA,NA,NA,NA,NA,NA,NA,NA,NA,NA,NA,"1",NA
"117","2020-09-12 05:00:02-03","US","US","USw758","PreservedSpecimen","Plantae",NA,"Anacardiaceae","Schinopsis","balansae","Schinopsis balansae",NA,NA,"Collector unknown","s.n.",NA,NA,NA,"South America","Argentina",NA,NA,NA,NA,NA,NA,NA,NA,NA,"Dicotyledonae","Sapindales",NA,NA,NA,NA,NA,NA,NA,NA,NA,NA,NA,"1",NA
"118","2020-09-12 05:00:02-03","US","US","3204276","PreservedSpecimen","Plantae",NA,"Anacardiaceae","Schinopsis","balansae","Schinopsis balansae",NA,NA,"G. Schmeda","1456","1991","11",NA,"South America","Paraguay","Olimpo.",NA,"US03348518","Alto Paraguay",NA,NA,NA,NA,NA,"Dicotyledonae","Sapindales",NA,NA,NA,NA,NA,NA,NA,NA,NA,NA,NA,"1",NA
"119","2019-11-13 11:14:22-03","USP","SPF","141984","PreservedSpecimen","Plantae",NA,"Anacardiaceae","Schinopsis","balansae","Schinopsis balansae","Engl.",NA,"Balansa, B","3188","1882","01",NA,"Southern America","Peru","Foto do tipo B enviado por F.",NA,"SPF00141984",NA,NA,NA,NA,NA,NA,NA,NA,NA,NA,NA,NA,NA,NA,NA,NA,NA,NA,NA,NA,"phototype"
"120","2021-03-15 18:24:23-03","USP","SPF","216430","PreservedSpecimen","Plantae",NA,"Anacardiaceae","Schinopsis","balansae","Schinopsis balansae","Engl.","Silva-Luz, CL","Silva-Luz, CL","316","2014","12","13",NA,"Paraguai","Rota Villeta a Alberdi, próximo ao porto fluvial. Estrada de terra paralela à rodovia, em área urbanizada.","Árvore ca. 8 m alt. Ramos jovens verde-avermelhados. Folhas verdes discolores. Inflorescência jovem creme. Coleta de madeira.; Área antropizada.","SPF00216430","Central","Villeta","-57.553056","-25.5255","-57.553056","-25.5255",NA,NA,NA,NA,"67","67","2014","12","13",NA,NA,NA,NA,NA,NA
"121","2021-03-15 18:24:23-03","USP","SPF","216431","PreservedSpecimen","Plantae",NA,"Anacardiaceae","Schinopsis","balansae","Schinopsis balansae","Engl.","Silva-Luz, CL","Silva-Luz, CL","317","2014","12","13",NA,"Paraguai","Rota 9 em direção a Pozo Colorado, próximo ao km 143. Na propriedade Don Fernando.","Árvore ca. 12 m alt. Folhas verdes discolores. Inflorescência jovem esverdeada; pedúnculo avermelhado.; Área de pastagem em meio ao Chaco.","SPF00216431","Presidente Hayes",NA,"-58.125694","-24.378417","-58.125694","-24.378417",NA,NA,NA,NA,"138","138","2014","12","13",NA,NA,NA,NA,NA,NA
"122","2019-09-05 15:48:31-03","F","FMNH-SEEDPLANTS",NA,"PreservedSpecimen","Plantae","Spermatophyta","Anacardiaceae","Schinopsis","balansae","Schinopsis balansae",NA,NA,"B. Balansa","3188","1882","1",NA,"South America","Peru",NA,NA,NA,NA,NA,"-74.14","-9.1839",NA,NA,"Dicotyledoneae",NA,NA,NA,NA,NA,NA,NA,NA,NA,NA,NA,NA,NA,"Type [status unknown]"
"123","2015-03-06 19:06:29-03","F","FMNH-SEEDPLANTS","V0204474F","PreservedSpecimen","Plantae","Spermatophyta","Anacardiaceae","Schinopsis","balansae","Schinopsis balansae",NA,NA,NA,NA,NA,NA,NA,"South America","Argentina",NA,NA,"V0204474F",NA,NA,"-64.9208","-35.3869",NA,NA,"Dicotyledoneae",NA,NA,"V0204474F_01",NA,NA,NA,NA,NA,NA,NA,NA,NA,NA,NA
"124","2015-03-06 19:06:29-03","F","FMNH-SEEDPLANTS","V0204473F","PreservedSpecimen","Plantae","Spermatophyta","Anacardiaceae","Schinopsis","balansae","Schinopsis balansae",NA,NA,NA,NA,NA,NA,NA,"South America","Argentina",NA,NA,"V0204473F",NA,NA,"-64.9208","-35.3869",NA,NA,"Dicotyledoneae",NA,NA,"V0204473F_01",NA,NA,NA,NA,NA,NA,NA,NA,NA,NA,NA
"125","2015-03-06 19:06:29-03","F","FMNH-SEEDPLANTS","V0204476F","PreservedSpecimen","Plantae","Spermatophyta","Anacardiaceae","Schinopsis","balansae","Schinopsis balansae",NA,NA,NA,NA,NA,NA,NA,"South America","Argentina",NA,NA,"V0204476F",NA,NA,"-64.9208","-35.3869",NA,NA,"Dicotyledoneae",NA,NA,"V0204476F_01",NA,NA,NA,NA,NA,NA,NA,NA,NA,NA,NA
"126","2015-03-06 19:06:29-03","F","FMNH-SEEDPLANTS","V0204475F","PreservedSpecimen","Plantae","Spermatophyta","Anacardiaceae","Schinopsis","balansae","Schinopsis balansae",NA,NA,NA,NA,NA,NA,NA,"South America","Argentina",NA,NA,"V0204475F",NA,NA,"-64.9208","-35.3869",NA,NA,"Dicotyledoneae",NA,NA,"V0204475F_01",NA,NA,NA,NA,NA,NA,NA,NA,NA,NA,NA
"127","2015-03-06 19:06:29-03","F","FMNH-SEEDPLANTS","V0204472F","PreservedSpecimen","Plantae","Spermatophyta","Anacardiaceae","Schinopsis","balansae","Schinopsis balansae",NA,NA,NA,NA,NA,NA,NA,"South America","Paraguay",NA,NA,"V0204472F",NA,NA,"-58.1689","-23.2025",NA,NA,"Dicotyledoneae",NA,NA,"V0204472F_01",NA,NA,NA,NA,NA,NA,NA,NA,NA,NA,NA
"128","2019-06-11 13:05:20-03","F","FMNH-SEEDPLANTS","V0397007F","PreservedSpecimen","Plantae","Spermatophyta","Anacardiaceae","Schinopsis","balansae","Schinopsis balansae",NA,"RRC ID Flag","R. Martínez Crovetto","10647","1976","12","11","South America","Argentina",NA,NA,"V0397007F","Corrientes",NA,"-58","-29",NA,NA,"Dicotyledoneae",NA,NA,"V0397007F_01 V0397007F_02",NA,NA,NA,NA,NA,NA,NA,"10647",NA,NA,NA
"129","2019-04-13 11:45:31-03","F","FMNH-SEEDPLANTS","V0397008F","PreservedSpecimen","Plantae","Spermatophyta","Anacardiaceae","Schinopsis","balansae","Schinopsis balansae",NA,"RRC ID Flag","A. Krapovickas","20890","1972","1","23","South America","Argentina",NA,NA,"V0397008F","Corrientes",NA,"-58","-29",NA,NA,"Dicotyledoneae",NA,NA,"V0397008F_01 V0397008F_02",NA,NA,NA,NA,NA,NA,NA,"20890",NA,NA,NA
"130","2019-10-03 14:20:28-03","IAC","IAC","21748","S","Plantae",NA,"Anacardiaceae","Schinopsis","balansae","Schinopsis balansae","Engl.","A. Krapovickas & C.L. Cristóbal","A. Krapovickas & C.L. Cristóbal","s/nº","1970","12","29",NA,"Argentina",NA,"doação plantas da argentina - 17307",NA,"Chaco","Puente General Belgrano",NA,NA,NA,NA,NA,NA,NA,NA,NA,NA,"1970","12","29",NA,NA,NA,NA,NA,NA
"131","2020-09-22 13:46:50-03","USP","SPFW","4783","PreservedSpecimen","Plantae",NA,"Anacardiaceae","Schinopsis","balansae","Schinopsis balansae","Engl.","Serviço Florestal","Sem coletor","s.n.",NA,NA,NA,NA,"Brasil",NA,"Ministério da Agricultura, Serviço Florestal, Seção de Tecnologia",NA,"Mato Grosso",NA,NA,NA,NA,NA,NA,NA,NA,NA,NA,NA,NA,NA,NA,NA,NA,NA,NA,NA,NA
"132","2020-09-22 13:48:25-03","USP","SPFW","6140","PreservedSpecimen","Plantae",NA,"Anacardiaceae","Schinopsis","balansae","Schinopsis balansae","Engl.","C.L. Silva-Luz","Silva-Luz, C.L. Luz, L.F.","316","2014","12","13",NA,"Paraguai",NA,NA,NA,"Central","Villeta","-57.550306","-25.5255","57º33'01,1''W","25º31'31,8''S",NA,NA,NA,NA,"67","67",NA,NA,NA,NA,NA,NA,NA,NA,NA
"133","2019-11-21 09:58:10-03","IBt","SP","26358","S","Plantae",NA,"Anacardiaceae","Schinopsis","balansa","Schinopsis balansa","Engl.","Barkley, FA","Venturi, L","113","1904","01","19","Southern America","Argentina",NA,NA,NA,"Santa Fé",NA,NA,NA,NA,NA,NA,NA,NA,NA,NA,NA,"1971",NA,NA,NA,NA,NA,NA,NA,NA
