"record_id","modified","institutionCode","collectionCode","catalogNumber","basisOfRecord","kingdom","phylum","order","family","genus","specificEpithet","scientificName","scientificNameAuthorship","typeStatus","recordedBy","recordNumber","continentOcean","country","stateProvince","county","locality","decimalLongitude","decimalLatitude","preparationType","occurrenceRemarks","barcode","imagecode","identifiedBy","year","month","day","infraspecificEpithet","yearIdentified","monthIdentified","dayIdentified","verbatimLongitude","verbatimLatitude","coordinatePrecision","geoFlag","class","minimumElevationInMeters","maximumElevationInMeters","fieldNumber","individualCount","relatedCatalogItem","previousCatalogNumber"
"1","2021-03-15 16:37:00-03","NY","NYBG","431776","PreservedSpecimen","Plantae","Magnoliophyta","Malpighiales","Malpighiaceae","Banisteria","patens","Banisteria patens","Griseb.","isotype","F. Sellow","5823","South America","Brazil","São Paulo","Sao Paulo","Sao Paulo","-46.63","-23.5403","sheet","<a href='http://sweetgum.nybg.org/science/vh/specimen_details.php?irn=593815' target='other'> <mi>dwc_moreinfo</mi></a>","NY00431776","NY00431776_01",NA,NA,NA,NA,NA,NA,NA,NA,NA,NA,NA,NA,NA,NA,NA,NA,NA,NA,NA
"2","2021-03-15 16:37:00-03","NY","NYBG","01096284","PreservedSpecimen","Plantae","Magnoliophyta","Malpighiales","Malpighiaceae","Heteropterys","anomala","Heteropterys anomala","A.Juss.",NA,"A. M. Amorim","3383","South America","Brazil","São Paulo",NA,"Munciípio de Picinguaba. Estrada da Casa da Farinha. Núcleo da Serra do Mar.",NA,NA,"sheet","<a href='http://sweetgum.nybg.org/science/vh/specimen_details.php?irn=1236117' target='other'> <mi>dwc_moreinfo</mi></a>","NY01096284","NY01096284_01","A. M. Amorim","2000","05","06",NA,NA,NA,NA,NA,NA,NA,NA,NA,NA,NA,NA,NA,NA,NA
"3","2021-03-15 16:37:00-03","NY","NYBG","02098504","PreservedSpecimen","Plantae","Magnoliophyta","Malpighiales","Malpighiaceae","Heteropterys","anomala","Heteropterys anomala","A.Juss.",NA,"L.A. Gomes","221","South America","Brazil","Sergipe",NA,"Capela, RVS Mata do Junco",NA,NA,"sheet","<a href='http://sweetgum.nybg.org/science/vh/specimen_details.php?irn=2292180' target='other'> <mi>dwc_moreinfo</mi></a>","NY02098504","NY02098504_01","L.A. Gomes","2011","11","04",NA,NA,NA,NA,NA,NA,NA,NA,NA,NA,NA,NA,NA,NA,NA
"4","2016-09-30 18:47:00-03","NY","NYBG","02331696","PreservedSpecimen","Plantae","Magnoliophyta","Malpighiales","Malpighiaceae","Heteropterys","anomala","Heteropterys anomala aurea","Nied.","syntype","G. Tessmann","4511","South America","Peru",NA,NA,"Mouth of Río Santiago, on high land","-77.639273","-4.434615","sheet","<a href='http://sweetgum.nybg.org/science/vh/specimen_details.php?irn=2515720' target='other'> <mi>dwc_moreinfo</mi></a>","NY02331696","NY02331696_01",NA,NA,NA,NA,"aurea",NA,NA,NA,NA,NA,NA,NA,NA,NA,NA,NA,NA,NA,NA
"5","2021-03-15 16:37:00-03","NY","NYBG","475907","PreservedSpecimen","Plantae","Magnoliophyta","Malpighiales","Malpighiaceae","Heteropterys","patens","Heteropterys patens acuminata","Nied.",NA,"A. Gehrt","8371","South America","Brazil","São Paulo",NA,"Serra Velha",NA,NA,"sheet","<a href='http://sweetgum.nybg.org/science/vh/specimen_details.php?irn=322466' target='other'> <mi>dwc_moreinfo</mi></a>","NY00475907","NY00475907_01","F. J. Niedenzu","1923","05","08","acuminata",NA,NA,NA,NA,NA,NA,NA,NA,NA,NA,NA,NA,NA,NA
"6","2021-03-15 16:37:00-03","NY","NYBG","475762","PreservedSpecimen","Plantae","Magnoliophyta","Malpighiales","Malpighiaceae","Heteropterys","patens","Heteropterys patens","(Griseb.) A.Juss.",NA,"A. F. M. Glaziou",NA,"South America","Brazil","Rio de Janeiro",NA,NA,NA,NA,"sheet","Collection number is only partially legible: [181.] possibly 18165. <a href='http://sweetgum.nybg.org/science/vh/specimen_details.php?irn=585034' target='other'> <mi>dwc_moreinfo</mi></a>","NY00475762","NY00475762_01","A. M. Amorim","1891",NA,NA,NA,NA,NA,NA,NA,NA,NA,NA,NA,NA,NA,NA,NA,NA,NA
"7","2021-02-25 08:29:26-03","UNESP-IBB","BOTU","25632","PreservedSpecimen","Plantae",NA,NA,"Malpighiaceae","Heteropterys","anomala","Heteropterys anomala","A.Juss.",NA,"Melo, A.","72",NA,"Brasil","Pernambuco","Igarassu",NA,"-35.015556","-7.788333",NA,"Trepadeira, com botões florais marrons","BOTU025632",NA,"Alves-Araújo, A.","2007","06","16",NA,"2007","07","18","35°00'56w","7°47'18s",NA,NA,NA,NA,NA,NA,NA,NA,NA
"8","2021-02-25 08:29:26-03","UNESP-IBB","BOTU","25631","PreservedSpecimen","Plantae",NA,NA,"Malpighiaceae","Heteropterys","anomala","Heteropterys anomala","A.Juss.",NA,"Araújo, D.","389",NA,"Brasil","Pernambuco","Igarassu",NA,"-38.1375","-8.240278",NA,"Trepadeira, frutos alados amarelados quando imaturos","BOTU025631",NA,"Araújo, D.","2007","07","29",NA,"2007","08","14","38°08'15w","8°14'25s",NA,NA,NA,NA,NA,NA,NA,NA,NA
"9","2020-06-29 11:31:11-03","UFRJ","RFA","12596","PreservedSpecimen","Plantae",NA,NA,"Malpighiaceae","Heteropterys","patens","Heteropterys patens","(Griseb.) A.Juss.",NA,"P. Occhioni","5203",NA,"Brasil","Rio de Janeiro","Rio de Janeiro","Parque da cidade","-43.2075004577637","-22.9027996063232",NA,NA,"RFA44723",NA,"A. M. Amorim","1972","08","15",NA,"2003",NA,NA,NA,NA,"57442","auto",NA,NA,NA,NA,NA,NA,NA
"10","2020-06-29 11:31:11-03","UFRJ","RFA","14278","PreservedSpecimen","Plantae",NA,NA,"Malpighiaceae","Heteropterys","patens","Heteropterys patens","(Griseb.) A.Juss.",NA,"P. Occhioni","5722",NA,"Brasil","Rio de Janeiro","Rio de Janeiro","Serra dos Órgãos, Horto Botânico do Departamento","-43.2075004577637","-22.9027996063232",NA,"Volúvel, grande desenvolvimento, fruto imaturo","RFA44726",NA,"A. M. Amorim","1973","08",NA,NA,"2003",NA,NA,NA,NA,"57442","auto",NA,NA,NA,NA,NA,NA,NA
"11","2019-11-19 15:44:21-03","UNEB","HUNEB","1094","PreservedSpecimen","Plantae","Angiospermae","Florideophycidae","Malpighiaceae","Heteropterys","anomala","Heteropterys anomala","Adr. Juss.",NA,"Mattos Silva, L.A.","3839",NA,"Brasil","Bahia","Una","Faz. Juerana, ramal com o km 18 da Rod. Una/São José da Vitória.","-39.0752983093262","-15.2932996749878",NA,"Higrófila Sul Baiana (Mata Atlântica).","HUNEB0001094",NA,NA,"1998","07","22",NA,NA,NA,NA,NA,NA,"36070","auto","Dicotyledoneae",NA,NA,NA,NA,NA,NA
"12","2019-11-19 15:44:21-03","UNEB","HUNEB","7857","PreservedSpecimen","Plantae","Angiospermae","Florideophycidae","Malpighiaceae","Heteropterys","anomala","Heteropterys anomala","Adr. Juss.",NA,"Guedes, M.L.","9443",NA,"Brasil","Bahia","Ituberá","Assentamento Lucas Dantas","-39.133333","-13.716667",NA,NA,"HUNEB0007857",NA,NA,"2001","09","03",NA,NA,NA,NA,"39W8'0''","13S43'0''",NA,NA,"Dicotyledoneae",NA,NA,NA,NA,NA,NA
"13","2013-07-03 11:07:59-03","EBDA","BAH","8672","S","Plantae",NA,NA,"Malpighiaceae","Heteropterys","anomala","Heteropterys anomala","A.Juss.",NA,"L.A. Mattos da Silva","2580",NA,"Brasil","Bahia","Nilo Peçanha",NA,"-39.1069","-13.5994",NA,"Arbusto ramificado desde a a base. Cipó, flor com cálice marrom e pétalas amarelo-ouro.IMPORT. PLANTA: Crescendo sobre outros vegetais.",NA,NA,"J.L. Hage e E.B. dos Santos","1988","09","22",NA,"1988","09",NA,NA,NA,"39303","auto",NA,NA,NA,NA,NA,NA,NA
"14","2019-10-09 11:19:04-03","UFBA","ALCB","50243","PreservedSpecimen","Plantae","Dicotyledon",NA,"Malpighiaceae","Heteropterys","anomala","Heteropterys anomala","Adr. Juss.",NA,"Loureiro, DM; Carvalho, G; Guedes, ML; Santana, DL","8","Southern America","Brasil","Bahia","São Sebastião do Passé","Recôncavo, Fazenda Panema. µrea de reserva a ser recuperada. (Chapada)","-38.377222","-12.546667",NA,"área degradada.",NA,NA,"Guedes, ML","2001","03","25",NA,"2001","03",NA,"-38.377222","-12.546667",NA,NA,NA,NA,NA,NA,NA,NA,NA
"15","2019-10-09 11:19:04-03","UFBA","ALCB","56951","PreservedSpecimen","Plantae","Dicotyledon",NA,"Malpighiaceae","Heteropterys","anomala","Heteropterys anomala","Adr. Juss.",NA,"Guedes, ML; Santana, DL; Loureiro, DM; Alves, L. de J.","9443","Southern America","Brasil","Bahia","Ituberá","Litoral Sul, Fazenda Jubiab , Assentamento Lucas Dantas","-39.133333","-13.716667",NA,"Folhas coriáceas, discolores com nectários vináceos na margem. Inflorescência com ráque, pedicelos e cálice ferrugíneos, pétalas amarelas.; Mata de cabruca.",NA,NA,"Guedes, ML","2001","09","03",NA,"2001","09",NA,"-39.133333","-13.716667",NA,NA,NA,NA,NA,NA,NA,NA,NA
"16","2019-10-09 11:19:04-03","UFBA","ALCB","88010","PreservedSpecimen","Plantae","Dicotyledon",NA,"Malpighiaceae","Heteropterys","anomala","Heteropterys anomala","Adr. Juss.",NA,"Passos Júnior, LA; Paixão, JL da; Braga, AJ; Jardim, JG; Santos, JA","872","Southern America","Brasil","Bahia","Una","Litoral Sul, Reserva Biológica de Una Trilha do Rio Marium","-39.0675","-15.167778",NA,"Individuo.nº750. DAP. 6,3cm. Material estéril.; Sob influência fluvial sazonal. Projeto Mata Atlântica Nordeste- Subprojeto estudos ecologicos em Mata ciliar no Sul da Bahia, Rebio de Una.","ALCB040807",NA,"Jardim, JG","2001","09","28",NA,"2001","10",NA,"-39.0675","-15.167778",NA,NA,NA,"40","40",NA,NA,NA,NA
"17","2020-02-08 09:55:15-03","NBC","NL-BOTANY","U.1369014","PreservedSpecimen","Plantae",NA,"Malpighiales","Malpighiaceae","Heteropterys","anomala","Heteropterys anomala","A.Juss.",NA,"Klug G",NA,"Southern America","Peru",NA,NA,"Department of San Martin: Juan Jui, Alto Rio Huallaga.",NA,NA,NA,"<a href=https://data.biodiversitydata.nl/naturalis/specimen/U.1369014 target=other class=eLink> <mi>dwc_moreinfo</mi></a>","NL-U1369014","NL-U1369014",NA,"1935","12","01",NA,NA,NA,NA,NA,NA,NA,NA,"Magnoliopsidae",NA,NA,NA,NA,NA,NA
"18","2020-11-04 11:12:42-03","ESALQ","ESA","75750","PreservedSpecimen","Plantae","Magnoliophyta",NA,"Malpighiaceae","Heteropterys","patens","Heteropterys patens","(Griseb.) A.Juss.",NA,"Romão, G.O.; Herrerias, C.; Pereira, M.; Zevallos, P.; Rodrigues, R.R.; Souza, V.C.; Tamashiro, J.Y.; Gandolfi, S.; Souza, J.P.; Ivanauskas, N.M.; Nave, A.G.; Furlan, E.","653.0",NA,"Brasil","São Paulo","Itanhaém","Parque Estadual da Serra do Mar, Núcleo Curucutu. Floresta Ombrófila Densa Baixomontana no entorno do Vale do Rio Mambu. 24o02'51,7S; 46o49'05,7W. 30-100msm.","-46.7799987792969","-24.1800003051758",NA,"Liana, botões amarelo-ferrugíneos, elaióforos verdes.","ESA075750","ESA075750","2019","2001","04","16",NA,NA,NA,NA,NA,NA,"26998","auto",NA,NA,NA,NA,NA,NA,NA
"19","2021-01-14 15:31:30-03","MN","R","7822","PreservedSpecimen","Plantae",NA,NA,"Malpighiaceae","Heteropterys","patens","Heteropterys patens","(Griseb.) A. Juss.",NA,"Glaziou, A.F.M.","10369",NA,"Brasil","Rio de Janeiro",NA,NA,NA,NA,NA,"Plantas do Brasil Central","R000007822","R000007822_001","Amim, A.M.","1879","02","21",NA,"2003",NA,NA,NA,NA,NA,NA,NA,NA,NA,NA,NA,NA,NA
"20","2016-02-02 14:38:33-02","BGBM","B","B -W 08854 -01 0","S","Plantae",NA,NA,"Malpighiaceae","Banisteria","patens","Banisteria patens",NA,NA,NA,NA,"Middle and South America","Brazil",NA,NA,NA,NA,NA,NA,"<a href=http://herbarium.bgbm.org/object/BW08854010 target=other class=eLink> <mi>dwc_moreinfo</mi> </a>","BW08854010","BW08854010",NA,NA,NA,NA,NA,NA,NA,NA,NA,NA,NA,NA,NA,NA,NA,NA,NA,NA,NA
"21","2019-02-15 11:44:59-02","IPA","IPA","85297","S","Plantae","Plantae",NA,"Malpighiaceae","Heteropterys","anomala","Heteropterys anomala","A. Juss.",NA,"Viana, G.","873","Southern America","Brasil","Sergipe","Areia Branca","Serra de Itabaiana","-37.315299987793","-10.7578001022339",NA,"Trepadeira; flores amarelas.; Mata ciliar.","IPA0085297",NA,"André Amorim","1984","03","13",NA,"2000",NA,NA,NA,NA,"11840","auto",NA,NA,NA,NA,NA,NA,NA
"22","2019-02-15 11:44:59-02","IPA","IPA","4117","S","Plantae","Plantae",NA,"Malpighiaceae","Heteropterys","anomala","Heteropterys anomala","A. Juss.",NA,"Pickel, B.","939","Southern America","Brasil","Pernambuco","São Lourenço da Mata","Tapera, mata do Oiteirão.","-35.0182991027832","-8.00222015380859",NA,NA,"IPA0004117",NA,"Niedenzn","1925","04","30",NA,"1927","11",NA,NA,NA,"21764","auto",NA,NA,NA,NA,NA,NA,NA
"23","2020-12-21 16:32:45-03","MBM","MBM","285224","PreservedSpecimen","Plantae",NA,NA,"Malpighiaceae","Heteropterys","anomala","Heteropterys anomala","A. Juss.",NA,"Jost, T.; et al.; et al.","285","Southern America","Brazil","Bahia","Conde","Fazenda do Bu","-37.6105995178223","-11.8135995864868",NA,NA,"MBM285224","MBM285224","Amorim, A.M.","1996","04","25",NA,NA,NA,NA,NA,NA,"31737","auto",NA,NA,NA,NA,NA,NA,NA
"24","2020-12-21 16:32:45-03","MBM","MBM","48949","PreservedSpecimen","Plantae",NA,NA,"Malpighiaceae","Heteropterys","anomala","Heteropterys anomala","A. Juss.",NA,"Amorim, A.M.; et al.; et al.","3128","Southern America","Brazil","Bahia","Uruçuca","Distrito de Serra Grande","-39.2844009399414","-14.5930995941162",NA,NA,"MBM048949","MBM048949",NA,NA,NA,NA,NA,NA,NA,NA,NA,NA,"33791","auto",NA,NA,NA,NA,NA,NA,NA
"25","2015-09-05 08:41:51-03","MNHN","RECOLNAT_MNHN_P","P05596959","PreservedSpecimen",NA,NA,NA,"Malpighiaceae","Heteropterys","anomala","Heteropterys anomala","A.Juss.",NA,"Glaziou, A.",NA,NA,"Brasil","Rio de Janeiro",NA,"Alto Macahé.",NA,NA,"hb","<a href='http://coldb.mnhn.fr/catalognumber/mnhn/p/p05596959' target='other'> <mi>dwc_moreinfo</mi></a>","P05596959","P05596959_01",NA,"1891","6","15",NA,NA,NA,NA,NA,NA,NA,NA,NA,NA,NA,"18165",NA,NA,NA
"26","2015-05-29 10:11:33-03","MNHN","RECOLNAT_MNHN_P","P00395623","PreservedSpecimen",NA,NA,NA,"Malpighiaceae","Heteropteris","anomala","Heteropteris anomala","in sched",NA,"Blanchet",NA,NA,"Brésil",NA,NA,"s.loc.",NA,NA,"xy","Cat. des bois : B 1295 / Catalogue : ancienne marque de récolement <a href='http://coldb.mnhn.fr/catalognumber/mnhn/p/p00395623' target='other'> <mi>dwc_moreinfo</mi></a>","P00395623",NA,NA,NA,NA,NA,NA,NA,NA,NA,NA,NA,NA,NA,NA,NA,NA,"37",NA,NA,NA
"27","2015-10-14 20:04:44-03","MNHN","RECOLNAT_MNHN_P","P00673721","PreservedSpecimen",NA,NA,NA,"Malpighiaceae","Heteropterys","anomala","Heteropterys anomala","A.Juss.",NA,"Guillemin, J.B.A.",NA,NA,"Brésil",NA,NA,"Serra des Orgues",NA,NA,"hb","<a href='http://coldb.mnhn.fr/catalognumber/mnhn/p/p00673721' target='other'> <mi>dwc_moreinfo</mi></a>","P00673721","P00673721_01",NA,"1839","5",NA,NA,NA,NA,NA,NA,NA,NA,NA,NA,NA,NA,"996",NA,NA,NA
"28","2015-10-14 20:05:00-03","MNHN","RECOLNAT_MNHN_P","P00673764","PreservedSpecimen",NA,NA,NA,"Malpighiaceae","Heteropterys","anomala","Heteropterys anomala","A.Juss.",NA,"Blanchet, J.S.",NA,NA,"[Brésil]",NA,NA,"Bahia, Ilheos",NA,NA,"hb","Ded. D. Moricand 1839 <a href='http://coldb.mnhn.fr/catalognumber/mnhn/p/p00673764' target='other'> <mi>dwc_moreinfo</mi></a>","P00673764","P00673764_01",NA,NA,NA,NA,NA,NA,NA,NA,NA,NA,NA,NA,NA,NA,NA,"2089",NA,NA,NA
"29","2015-11-07 01:01:51-02","MNHN","RECOLNAT_MNHN_P","P02428737","PreservedSpecimen",NA,NA,NA,"Malpighiaceae","Heteropterys","anomala","Heteropterys anomala","A.Juss.","lectotype","Guillemin, J.B.A.",NA,NA,"Brésil",NA,NA,"Serra Dos Orgaos",NA,NA,"hb","<a href='http://coldb.mnhn.fr/catalognumber/mnhn/p/p02428737' target='other'> <mi>dwc_moreinfo</mi></a>","P02428737","P02428737_01","Amorim","1839","5",NA,NA,NA,NA,NA,NA,NA,NA,NA,NA,NA,NA,"996",NA,NA,NA
"30","2015-09-05 08:41:51-03","MNHN","RECOLNAT_MNHN_P","P05596954","PreservedSpecimen",NA,NA,NA,"Malpighiaceae","Heteropterys","anomala","Heteropterys anomala","A.Juss.",NA,"Glaziou, A.",NA,NA,"Brasil","Rio de Janeiro",NA,"Tijuca 2/3.",NA,NA,"hb","<a href='http://coldb.mnhn.fr/catalognumber/mnhn/p/p05596954' target='other'> <mi>dwc_moreinfo</mi></a>","P05596954","P05596954_01",NA,"1869","2","9",NA,NA,NA,NA,NA,NA,NA,NA,NA,NA,NA,"2945",NA,NA,NA
"31","2015-09-05 08:41:51-03","MNHN","RECOLNAT_MNHN_P","P05596955","PreservedSpecimen",NA,NA,NA,"Malpighiaceae","Heteropterys","anomala","Heteropterys anomala","A.Juss.",NA,"Glaziou, A.",NA,NA,"Brasil","Rio de Janeiro",NA,"Lagoinha, Corcovado.",NA,NA,"hb","<a href='http://coldb.mnhn.fr/catalognumber/mnhn/p/p05596955' target='other'> <mi>dwc_moreinfo</mi></a>","P05596955","P05596955_01",NA,"1869","2","9",NA,NA,NA,NA,NA,NA,NA,NA,NA,NA,NA,"2944",NA,NA,NA
"32","2015-09-05 08:41:51-03","MNHN","RECOLNAT_MNHN_P","P05596956","PreservedSpecimen",NA,NA,NA,"Malpighiaceae","Heteropterys","anomala","Heteropterys anomala","A.Juss.",NA,"Blanchet",NA,NA,"Brasil","Bahia",NA,NA,NA,NA,"hb","<a href='http://coldb.mnhn.fr/catalognumber/mnhn/p/p05596956' target='other'> <mi>dwc_moreinfo</mi></a>","P05596956","P05596956_01",NA,NA,NA,NA,NA,NA,NA,NA,NA,NA,NA,NA,NA,NA,NA,"2089",NA,NA,NA
"33","2015-09-05 08:41:51-03","MNHN","RECOLNAT_MNHN_P","P05596957","PreservedSpecimen",NA,NA,NA,"Malpighiaceae","Heteropterys","anomala","Heteropterys anomala","A.Juss.",NA,"Blanchet",NA,NA,"Brasil","Bahia",NA,NA,NA,NA,"hb","<a href='http://coldb.mnhn.fr/catalognumber/mnhn/p/p05596957' target='other'> <mi>dwc_moreinfo</mi></a>","P05596957","P05596957_01",NA,NA,NA,NA,NA,NA,NA,NA,NA,NA,NA,NA,NA,NA,NA,"37",NA,NA,NA
"34","2015-09-05 08:41:51-03","MNHN","RECOLNAT_MNHN_P","P05596960","PreservedSpecimen",NA,NA,NA,"Malpighiaceae","Heteropterys","anomala","Heteropterys anomala","A.Juss.",NA,"Riedel",NA,NA,"Brasil",NA,NA,NA,NA,NA,"hb","<a href='http://coldb.mnhn.fr/catalognumber/mnhn/p/p05596960' target='other'> <mi>dwc_moreinfo</mi></a>","P05596960","P05596960_01",NA,"1822","9","1",NA,NA,NA,NA,NA,NA,NA,NA,NA,NA,NA,NA,NA,NA,NA
"35","2015-09-05 08:41:51-03","MNHN","RECOLNAT_MNHN_P","P05596961","PreservedSpecimen",NA,NA,NA,"Malpighiaceae","Heteropterys","anomala","Heteropterys anomala","A.Juss.",NA,"Claussen",NA,NA,"Brasil",NA,NA,NA,NA,NA,"hb","<a href='http://coldb.mnhn.fr/catalognumber/mnhn/p/p05596961' target='other'> <mi>dwc_moreinfo</mi></a>","P05596961","P05596961_01",NA,"1842","1","1",NA,NA,NA,NA,NA,NA,NA,NA,NA,NA,NA,"23",NA,NA,NA
"36","2015-09-05 08:41:51-03","MNHN","RECOLNAT_MNHN_P","P05596962","PreservedSpecimen",NA,NA,NA,"Malpighiaceae","Heteropterys","anomala","Heteropterys anomala","A.Juss.",NA,"Glaziou, A.",NA,NA,"Brasil","Rio de Janeiro",NA,"Petropolis, route du Cachambú.",NA,NA,"hb","<a href='http://coldb.mnhn.fr/catalognumber/mnhn/p/p05596962' target='other'> <mi>dwc_moreinfo</mi></a>","P05596962","P05596962_01",NA,"1876","5","9",NA,NA,NA,NA,NA,NA,NA,NA,NA,NA,NA,"8299",NA,NA,NA
"37","2015-09-05 08:41:51-03","MNHN","RECOLNAT_MNHN_P","P05596963","PreservedSpecimen",NA,NA,NA,"Malpighiaceae","Heteropterys","anomala","Heteropterys anomala","A.Juss.",NA,"Glaziou, A.",NA,NA,"Brasil","Rio de Janeiro",NA,"Rio d´Ouro.",NA,NA,"hb","<a href='http://coldb.mnhn.fr/catalognumber/mnhn/p/p05596963' target='other'> <mi>dwc_moreinfo</mi></a>","P05596963","P05596963_01",NA,"1879","2","21",NA,NA,NA,NA,NA,NA,NA,NA,NA,NA,NA,"10369",NA,NA,NA
"38","2015-09-05 08:41:51-03","MNHN","RECOLNAT_MNHN_P","P05596964","PreservedSpecimen",NA,NA,NA,"Malpighiaceae","Heteropterys","anomala","Heteropterys anomala","A.Juss.",NA,"Glaziou, A.",NA,NA,"Brasil","Rio de Janeiro",NA,"Rio D´ Ouro.",NA,NA,"hb","<a href='http://coldb.mnhn.fr/catalognumber/mnhn/p/p05596964' target='other'> <mi>dwc_moreinfo</mi></a>","P05596964","P05596964_01",NA,"1879","2","21",NA,NA,NA,NA,NA,NA,NA,NA,NA,NA,NA,"10369",NA,NA,NA
"39","2015-09-05 08:41:51-03","MNHN","RECOLNAT_MNHN_P","P05596958","PreservedSpecimen",NA,NA,NA,"Malpighiaceae","Heteropterys","anomala","Heteropterys anomala","A.Juss.",NA,"Glaziou, A.",NA,NA,"Brasil","Rio de Janeiro","Petrópolis",NA,"-43.1786003112793","-22.5049991607666","hb","<a href='http://coldb.mnhn.fr/catalognumber/mnhn/p/p05596958' target='other'> <mi>dwc_moreinfo</mi></a>","P05596958","P05596958_01",NA,"1880","5","3",NA,NA,NA,NA,NA,NA,"36524","auto",NA,NA,NA,"11874",NA,NA,NA
"40","2015-04-16 12:12:00-03","MO","MOBOT","100808668","PreservedSpecimen","Plantae",NA,NA,"Malpighiaceae","Heteropterys","anomala","Heteropterys anomala","A. Juss.",NA,"L.A. Gomes|L.A.S. Santos|R.N. Silva|E. Santos","Gomes 221","South America","Brazil","Sergipe","Capela","RVS Mata do Junco: Borda da mata Mata Atlântica. 1° 3' 21 S, 3° 70' 31 W","-37.0527992248535","-10.5032997131348",NA,NA,NA,NA,"L.A. Gomes","2011","11","4",NA,NA,NA,NA,NA,NA,"19889","auto",NA,NA,NA,NA,"1",NA,NA
"41","2008-05-27 22:02:00-03","MO","MOBOT","2857849","PreservedSpecimen","Plantae",NA,NA,"Malpighiaceae","Heteropterys","anomala","Heteropterys anomala","A. Juss.",NA,"Jardim","Jardim 305","South America","Brazil","Bahia",NA,"Município de Una-Ba. Km 50 da Rod. Ilhéus/Una. Estacão da EMBRAPA (EDJAB). Mata de Restinga.",NA,NA,NA,NA,NA,NA,"W. Anderson","1993","9","16",NA,NA,NA,NA,NA,NA,NA,NA,NA,NA,NA,NA,NA,NA,NA
"42","2008-05-27 22:02:00-03","MO","MOBOT","3156720","PreservedSpecimen","Plantae",NA,NA,"Malpighiaceae","Heteropterys","anomala","Heteropterys anomala","A. Juss.",NA,"W. Wayt Thomas","Thomas 10013","South America","Brazil","Bahia",NA,"Mun. Prado. ON road from Itamaraju to Cumuruxatiba, 10.5 km NE of turn off of road to Prado on road to Cumurxatiba. Southern Atlantic moist forest & adjacent restinga.","-39.41666","-17.13333",NA,NA,NA,NA,"W. Anderson","1993","10","20",NA,NA,NA,NA,NA,NA,NA,NA,NA,NA,NA,NA,NA,NA,NA
"43","2009-12-04 16:44:00-02","MO","MOBOT","3157076","PreservedSpecimen","Plantae",NA,NA,"Malpighiaceae","Heteropterys","anomala","Heteropterys anomala","A. Juss.",NA,"Gert G. Hatschbach|Maria M. Hatschbach|Armando C. Cervi","Hatschbach 51424","South America","Brazil","Espírito Santo",NA,"Conceoção da Barra, rod. para Itaúnas.",NA,NA,NA,NA,NA,NA,"W.R. Anderson","1987","8","24",NA,NA,NA,NA,NA,NA,NA,NA,NA,"5.00000000","10.00000000",NA,NA,NA,NA
"44","2008-05-27 22:02:00-03","MO","MOBOT","3158313","PreservedSpecimen","Plantae",NA,NA,"Malpighiaceae","Heteropterys","anomala","Heteropterys anomala","A. Juss.",NA,"Thomas","Thomas 9764","South America","Brazil","Bahia",NA,"Mun. Itacaré. 11.6 km south of junction with BA 654 at Loteamento Marambaia on rd to Serra Grande, the junction 6 km west of Itacaré. Partially disturbed southern Bahian wet forest over clay.","-39.26666","-14.4",NA,NA,NA,NA,"W.R. Anderson","1993","5","2",NA,NA,NA,NA,NA,NA,NA,NA,NA,NA,NA,NA,NA,NA,NA
"45","2008-05-27 22:02:00-03","MO","MOBOT","3158549","PreservedSpecimen","Plantae",NA,NA,"Malpighiaceae","Heteropterys","anomala","Heteropterys anomala","A. Juss.",NA,"Thomas","Thomas 9782","South America","Brazil","Bahia",NA,"Mun. Itacaré. 6.7 km south of junction with BR 654 at Loteamento Marambaia on road to Serra Grande, the junction 6 km west of Itacaré. Southern Bahian wet forest over sandy loam.","-39.26666","-14.25",NA,NA,NA,NA,"W.R. Anderson","1993","5","2",NA,NA,NA,NA,NA,NA,NA,NA,NA,NA,NA,NA,NA,NA,NA
"46","2014-04-14 22:47:00-03","MO","MOBOT","3156513","PreservedSpecimen","Plantae",NA,NA,"Malpighiaceae","Heteropterys","anomala","Heteropterys anomala","A. Juss.",NA,"André M. de Carvalho|W. Wayt Thomas|Talmon S. dos Santos","Carvalho 3559","South America","Brazil","Bahia","Uruçuca","Município de Urucuca, Distrito de Serra Grande. 7.3 Km na estrada Serra Grande/Itacaré Fazenda Lagoa do Conjunto Fazenda Santa Cruz.","-39.2833333","-14.4166667",NA,NA,NA,NA,"W.R. Anderson","1991","9","11",NA,NA,NA,NA,NA,NA,NA,NA,NA,NA,NA,NA,"1",NA,NA
"47","2014-04-14 23:07:00-03","MO","MOBOT","3165025","PreservedSpecimen","Plantae",NA,NA,"Malpighiaceae","Heteropterys","anomala","Heteropterys anomala","A. Juss.",NA,"André M. Amorim|W. Wayt Thomas|K. Everhart|E. Whitfield","Amorim 3128","South America","Brazil","Bahia",NA,"Município de Uruçuca. Distrito de Serra Grande. Parque Estadual da Serra do Condurú. Saíde da Fazenda Oregon em direção ao povoado de Itibuia. Mata Higrófila sul baiana.","-39.06638","-14.56277",NA,NA,NA,NA,NA,"1999",NA,NA,NA,NA,NA,NA,NA,NA,NA,NA,NA,NA,NA,NA,NA,NA,NA
"48","2018-06-26 05:23:00-03","MO","MOBOT","3228277","PreservedSpecimen","Plantae",NA,NA,"Malpighiaceae","Heteropterys","anomala","Heteropterys anomala","A. Juss.",NA,"André M. Amorim|M.B. Thomas|J. Lima da Paixão|Sérgio C. de Sant'Ana","Amorim 2505","South America","Brazil","Bahia",NA,"Mpio de Porto Seguro, Parque Nacional de Monte Pascoal. Área limite entre o Parna e a Reserva Indígena Barra Velha, de tribo Pataxó. Mata Higrófila Sul Baiana.",NA,NA,NA,NA,NA,NA,"André M. Amorim","1998","9","13",NA,NA,NA,NA,NA,NA,NA,NA,NA,NA,NA,NA,"1",NA,NA
"49","2020-06-17 15:25:13-03","UNESP-RC","HRCB","29806","PreservedSpecimen","Plantae",NA,NA,"Malpighiaceae","Heteropterys","patens","Heteropterys patens","(Griseb.) A. Juss.",NA,"Takahasi, A.",NA,NA,"Brasil","São Paulo","Ubatuba","Picinguaba","-45.0699996948242","-23.4300003051758",NA,NA,NA,NA,"André M. Amorim",NA,NA,NA,NA,NA,NA,NA,NA,NA,"34265","auto",NA,NA,NA,NA,NA,NA,NA
"50","2020-06-17 15:25:13-03","UNESP-RC","HRCB","10924","PreservedSpecimen","Plantae",NA,NA,"Malpighiaceae","Heteropterys","patens","Heteropterys patens","(Griseb.) A. Juss.",NA,"Garcia, F. C. P.",NA,NA,"Brasil","São Paulo","Ubatuba","Picinguaba","-45.0699996948242","-23.4300003051758",NA,NA,NA,NA,"André M. Amorim",NA,NA,NA,NA,NA,NA,NA,NA,NA,"34265","auto",NA,NA,NA,NA,NA,NA,NA
"51","2020-06-17 15:25:13-03","UNESP-RC","HRCB","11107","PreservedSpecimen","Plantae",NA,NA,"Malpighiaceae","Heteropterys","patens","Heteropterys patens","(Griseb.) A. Juss.",NA,"Ribeiro, J. E. L. S.",NA,NA,"Brasil","São Paulo","Ubatuba","Picinguaba","-45.0699996948242","-23.4300003051758",NA,NA,NA,NA,"André M. Amorim",NA,NA,NA,NA,NA,NA,NA,NA,NA,"34265","auto",NA,NA,NA,NA,NA,NA,NA
"52","2020-06-17 15:25:13-03","UNESP-RC","HRCB","8533","PreservedSpecimen","Plantae",NA,NA,"Malpighiaceae","Heteropterys","patens","Heteropterys patens","(Griseb.) A. Juss.",NA,"Furlan, A.",NA,NA,"Brasil","São Paulo","Ubatuba","Picinguaba","-45.0699996948242","-23.4300003051758",NA,NA,NA,NA,"André M. Amorim",NA,NA,NA,NA,NA,NA,NA,NA,NA,"34265","auto",NA,NA,NA,NA,NA,NA,NA
"53","2020-06-17 15:25:13-03","UNESP-RC","HRCB","9190","PreservedSpecimen","Plantae",NA,NA,"Malpighiaceae","Heteropterys","patens","Heteropterys patens","(Griseb.) A. Juss.",NA,"Ribeiro, J. E. L. S.",NA,NA,"Brasil","São Paulo","Ubatuba","Picinguaba","-45.0699996948242","-23.4300003051758",NA,NA,NA,NA,"André M. Amorim",NA,NA,NA,NA,NA,NA,NA,NA,NA,"34265","auto",NA,NA,NA,NA,NA,NA,NA
"54","2020-06-17 15:25:13-03","UNESP-RC","HRCB","9312","PreservedSpecimen","Plantae",NA,NA,"Malpighiaceae","Heteropterys","patens","Heteropterys patens","(Griseb.) A. Juss.",NA,"Garcia, F. C. P.",NA,NA,"Brasil","São Paulo","Ubatuba","Picinguaba","-45.0699996948242","-23.4300003051758",NA,NA,NA,NA,"André M. Amorim",NA,NA,NA,NA,NA,NA,NA,NA,NA,"34265","auto",NA,NA,NA,NA,NA,NA,NA
"55","2020-12-16 11:32:58-03","UFG","UFG","577","S","Plantae",NA,NA,"Malpighiaceae","Heteropterys","anomala","Heteropterys anomala","A. Juss.",NA,"Rizzo, J.A.; Barbosa, A.","2383",NA,"Brasil","Tocantins","Pium",NA,"-49.182201385498","-10.4425001144409",NA,"Cipó. Fruto alado.","UFG0000577","UFG0000577","Francener, A.","1968","10","01",NA,"2009","04","01",NA,NA,"159515","auto",NA,NA,NA,NA,NA,NA,NA
"56","2021-01-26 13:55:49-03","IMA","MAC","39618","PreservedSpecimen","Plantae",NA,NA,"Malpighiaceae","Heteropterys","patens","Heteropterys patens","(Griseb.) A.Juss.",NA,"G.Viana","873",NA,"Brasil","Sergipe","Serra de Itabaiana.",NA,"-37.360592","-10.737825",NA,"Trepadeira. Flores amarelas.; Mata Ciliar.","MAC0039618",NA,NA,"1984","03","13",NA,NA,NA,NA,"-37.360592","-10.737825",NA,NA,NA,NA,NA,NA,NA,NA,NA
"57","2020-09-12 05:00:02-03","US","US","USw15872","PreservedSpecimen","Plantae",NA,"Polygalales","Malpighiaceae","Heteropterys","anomala","Heteropterys anomala",NA,NA,"F. Woytkowski","5318","South America - Neotropics","Peru","San Martín","Mariscal Cáceres","Rio Huallaga, margen Derecha del; Balsa Probana; dtto. Tocache Nuevo",NA,NA,NA,NA,NA,NA,NA,NA,NA,NA,NA,NA,NA,NA,NA,NA,NA,NA,"Dicotyledonae",NA,NA,NA,"1",NA,NA
"58","2020-09-12 05:00:02-03","US","US","3337759","PreservedSpecimen","Plantae",NA,"Polygalales","Malpighiaceae","Heteropterys","anomala","Heteropterys anomala",NA,NA,"W. W. Thomas, A. Carvalho, A. Amorim, J. Jardim & S. Sant'Ana","10013","South America - Neotropics","Brazil","Prado",NA,"On road from Itamaraju to Cumuruxatiba, 10.5 km NE to turn off of road to Prado on road to Cumuruxatiba.","-39.42","-17.13",NA,NA,"US01871119","US01871119_01 US01871119_02",NA,"1993","10","20",NA,NA,NA,NA,NA,NA,NA,NA,"Dicotyledonae",NA,NA,NA,"1",NA,NA
"59","2020-09-12 05:00:02-03","US","US","3297032","PreservedSpecimen","Plantae",NA,"Polygalales","Malpighiaceae","Heteropterys","anomala","Heteropterys anomala",NA,NA,"J. G. Járdim, A. M. Carvalho, S. C. Sant'Ana, E. B. Santos & A. Gois Neto","249","South America - Neotropics","Brazil","Ilhéus",NA,"5 a 6 km SW de Olivença, na estrada que liga Olivença ao povoado do Maruim.",NA,NA,NA,NA,"US01871121","US01871121_01 US01871121_02",NA,"1993","7","29",NA,NA,NA,NA,NA,NA,NA,NA,"Dicotyledonae",NA,NA,NA,"1",NA,NA
"60","2020-09-12 05:00:02-03","US","US","3297039","PreservedSpecimen","Plantae",NA,"Polygalales","Malpighiaceae","Heteropterys","anomala","Heteropterys anomala",NA,NA,"J. Jardim, S. C. Sant'Ana, A. Amorim, E. B. Santos & A. Gois Neto","305","South America - Neotropics","Brazil","Una",NA,"Km 50 da Rod. Ilhéus/Una. Estação da Embrapa (EDJAB)",NA,NA,NA,NA,"US01871120","US01871120_01 US01871120_02",NA,"1993","9","16",NA,NA,NA,NA,NA,NA,NA,NA,"Dicotyledonae",NA,NA,NA,"1",NA,NA
"61","2020-09-12 05:00:02-03","US","US","3172730","PreservedSpecimen","Plantae",NA,"Polygalales","Malpighiaceae","Heteropterys","anomala","Heteropterys anomala",NA,NA,"G. Hatschbach & A. C. Cervi","51424","South America - Neotropics","Brazil","Conceição da Barra",NA,"Rod. para Itaúnas",NA,NA,NA,NA,"US01871122","US01871122_01 US01871122_02",NA,"1987","8","24",NA,NA,NA,NA,NA,NA,NA,NA,"Dicotyledonae",NA,NA,NA,"1",NA,NA
"62","2020-09-12 05:00:02-03","US","US","703536","PreservedSpecimen","Plantae",NA,"Polygalales","Malpighiaceae","Heteropterys","anomala","Heteropterys anomala",NA,NA,"Riedel, --","s.n.","South America - Neotropics","Brazil",NA,NA,NA,NA,NA,NA,NA,"US01871123","US01871123_01 US01871123_02",NA,"1822","9",NA,NA,NA,NA,NA,NA,NA,NA,NA,"Dicotyledonae",NA,NA,NA,"1",NA,NA
"63","2021-03-15 18:28:27-03","USP","SPF","103648","PreservedSpecimen","Plantae",NA,NA,"Malpighiaceae","Heteropterys","anomala","Heteropterys anomala","A.Juss.",NA,"Carvalho, AMV","PCD956",NA,"Brasil","Bahia","Palmeiras","Morro do Pai Inácio, Pai Inácio, mata de encosta entre os dois morros. Em grotão. Solo com horizonte superficial orgânico e afloramentos rochosos.","-41.470833","-12.455556",NA,"Trepadeira lenhosa: folha simples discolores com face inferior mais clara. Frutos com alas castanhas, glândulas esverdeadas.","SPF00103648","SPF00103648","Amorim, AMA","1994","10","25",NA,"1999",NA,NA,"-41.470833","-12.455556",NA,NA,NA,"1080","1080",NA,NA,NA,NA
"64","2021-03-15 18:28:27-03","USP","SPF","104124","PreservedSpecimen","Plantae",NA,NA,"Malpighiaceae","Heteropterys","anomala","Heteropterys anomala","A.Juss.",NA,"Guedes, MLS","PCD764",NA,"Brasil","Bahia","Palmeiras","Morro do Pai Inácio, Pai Inácio. Mata ciliar. Arenito com afloramento rochoso.","-41.468056","-12.454722",NA,"Trepadeira lenhosa: ramos volúveis de ca. 1 cm de diâmetro. Folhas simples. Flores com cálice castanho, sem glândulas, pétalas amarelas com dorso carenado, filetes e anteras amarelas.","SPF00104124","SPF00104124","Amorim, AMA","1994","09","25",NA,"1999",NA,NA,"-41.468056","-12.454722",NA,NA,NA,"960","960",NA,NA,NA,NA
"65","2021-03-15 18:28:27-03","USP","SPF","73754","PreservedSpecimen","Plantae",NA,NA,"Malpighiaceae","Heteropterys","anomala","Heteropterys anomala","A.Juss.",NA,"Esteves, GL","2032",NA,"Brasil","Alagoas","Marechal Deodoro","APA de Santa Rita, Campo Grande. Restinga, vegetação arbustiva-arbórea sobre cordões litorâneos.","-35.8950004577637","-9.710280418396",NA,"Botões florais ferrugíneos, pétalas amarelas.","SPF00073754","SPF00073754","Amorim, AMA","1988","05","16",NA,"1999",NA,NA,NA,NA,"15565","auto",NA,NA,NA,NA,NA,NA,NA
"66","2019-11-13 11:24:29-03","USP","SPF","41758b","PreservedSpecimen","Plantae",NA,NA,"Malpighiaceae","Heteropterys","anomala","Heteropterys anomala","A.Juss.",NA,"Mattos-Silva, LA","1320",NA,"Brasil","Bahia","Canavieiras","Fazenda Gromogô. Km 22 da rod. Canavieiras/Santa Luzia (BA 270), ramal à dirieta, 2 km adentro. Mata com piaçaveiras. Coletas testemunhas para o Proje. Piaçava.","-38.9472007751465","-15.6750001907349",NA,"Frutos de Heteropterys anomala. Folhas de Polygonaceae. A.M. Amorim 1999.","SPF00041758",NA,"Amorim, AMA","1981","07","21",NA,"1999",NA,NA,NA,NA,"48203","auto",NA,NA,NA,NA,NA,NA,NA
"67","2021-03-15 18:28:27-03","USP","SPF","20766","PreservedSpecimen","Plantae",NA,NA,"Malpighiaceae","Heteropterys","anomala","Heteropterys anomala","A.Juss.",NA,"Santos, TS","3545",NA,"Brasil","Bahia","Maraú","Rod. BR-030, trecho Maraú-Ubaitaba, ramal à esquerda a 12 km de Maraú. Restinga arbórea.","-39.0147018432617","-14.103099822998",NA,"Cipó com folhas discolor, pedúnculo ferrugíneo, flores amarelo vivas.","SPF00020766","SPF00020766","Amorim, AMA","1980","02","27",NA,"1999",NA,NA,NA,NA,"47076","auto",NA,NA,NA,NA,NA,NA,NA
"68","2021-03-15 18:28:27-03","USP","SPF","41767","PreservedSpecimen","Plantae",NA,NA,"Malpighiaceae","Heteropterys","anomala","Heteropterys anomala","A.Juss.",NA,"Santos, TS","2882",NA,"Brasil","Bahia","Nilo Peçanha","Km 5 a 12 do ramal Tiuca/São Francisco. Mata litorânea.","-39.1068992614746","-13.5993995666504",NA,"Trepadeira. Flor creme, cálice marrom.","SPF00041767","SPF00041767","Amorim, AMA","1975","02","20",NA,"1999",NA,NA,NA,NA,"39303","auto",NA,NA,NA,NA,NA,NA,NA
"69","2021-03-15 18:28:27-03","USP","SPF","20791","PreservedSpecimen","Plantae",NA,NA,"Malpighiaceae","Heteropterys","anomala","Heteropterys anomala","A.Juss.",NA,"Euponino, A","299",NA,"Brasil","Bahia","Porto Seguro","Rod. Porto Seguro aos 9 km para Eunápolis. Capoeira.","-39.0647010803223","-16.4496994018555",NA,"Trepadeira, flor amarela, estames brancos, cálice marrom.","SPF00020791","SPF00020791","Amorim, AMA","1972","10","05",NA,"1999",NA,NA,NA,NA,"68835","auto",NA,NA,NA,NA,NA,NA,NA
"70","2021-03-15 18:28:29-03","USP","SPF","162997","PreservedSpecimen","Plantae",NA,NA,"Malpighiaceae","Heteropterys","patens","Heteropterys patens","(Griseb.) A.Juss.",NA,"Giordano, LC","2164",NA,"Brasil","Rio de Janeiro","Macaé","Acesso pela estrada Frade-Trajano de Moraes, após Glicério. Flores Pluvial Atlântica, acima da Fazenda Crubixás, Decisão, vegetação heliófila do topo da encosta trilha para o Pico do Frade. Relevo semi-íngrime.","-41.7868995666504","-22.3708000183105",NA,"Trepadeira volúvel. Folhas mebranáceas, discolores. Frutos imaturos, verde-claro.","SPF00162997","SPF00162997","Amorim, AMA","1997","05","06",NA,"2003",NA,NA,NA,NA,"47209","auto",NA,"1350","1350",NA,NA,NA,NA
"71","2019-09-04 18:30:11-03","F","FMNH-SEEDPLANTS",NA,"PreservedSpecimen","Plantae","Spermatophyta",NA,"Malpighiaceae","Heteropterys","anomala","Heteropterys anomala",NA,"Type [status unknown]","J. B. A. Guillemin","996","South America","Brazil",NA,NA,NA,"-52.8731","-10.8339",NA,NA,NA,NA,NA,"1839","5",NA,NA,NA,NA,NA,NA,NA,NA,NA,"Dicotyledoneae",NA,NA,NA,NA,NA,NA
"72","2015-03-13 18:46:47-03","F","FMNH-SEEDPLANTS","V0222830F","PreservedSpecimen","Plantae","Spermatophyta",NA,"Malpighiaceae","Heteropterys","anomala","Heteropterys anomala",NA,NA,NA,NA,"South America","Brazil",NA,NA,NA,"-52.8731","-10.8339",NA,NA,"V0222830F","V0222830F_01",NA,NA,NA,NA,NA,NA,NA,NA,NA,NA,NA,NA,"Dicotyledoneae",NA,NA,NA,NA,NA,NA
"73","2019-09-05 15:38:21-03","F","FMNH-SEEDPLANTS",NA,"PreservedSpecimen","Plantae","Spermatophyta",NA,"Malpighiaceae","Heteropterys","anomala","Heteropterys anomala aurea",NA,"Type [status unknown]","G. Tessmann","4785","South America","Peru",NA,NA,NA,"-74.14","-9.1839",NA,NA,NA,NA,NA,"1924",NA,NA,"aurea",NA,NA,NA,NA,NA,NA,NA,"Dicotyledoneae",NA,NA,NA,NA,NA,NA
"74","2019-09-04 20:03:08-03","F","FMNH-SEEDPLANTS",NA,"PreservedSpecimen","Plantae","Spermatophyta",NA,"Malpighiaceae","Heteropterys","patens","Heteropterys patens",NA,"Type [status unknown]","F. Sellow","67","South America","Brazil",NA,NA,NA,"-52.8731","-10.8339",NA,NA,NA,NA,NA,NA,NA,NA,NA,NA,NA,NA,NA,NA,NA,NA,"Dicotyledoneae",NA,NA,NA,NA,NA,NA
"75","2019-06-11 13:45:10-03","F","FMNH-SEEDPLANTS","V0063334F","PreservedSpecimen","Plantae","Spermatophyta",NA,"Malpighiaceae","Heteropterys","patens","Heteropterys patens",NA,"Isolectotype","J. B. A. Guillemin","996","South America","Brazil","Rio de Janeiro",NA,NA,NA,NA,NA,NA,"V0063334F","V0063334F_01 V0063334F_02","RRC ID Flag",NA,NA,NA,NA,NA,NA,NA,NA,NA,NA,NA,"Dicotyledoneae",NA,NA,"996",NA,NA,NA
"76","2020-07-23 12:11:20-03","CEPLAC","CEPEC","136258","PreservedSpecimen","Plantae",NA,NA,"Malpighiaceae","Heteropterys","anomala","Heteropterys anomala",NA,NA,"Gomes, L.A.","221",NA,"Brasil",NA,NA,NA,NA,NA,NA,"<ll>dwc_commonname:</ll>",NA,NA,"Gomes, L.A.",NA,NA,NA,NA,NA,NA,NA,NA,NA,NA,NA,NA,NA,NA,NA,NA,NA,NA
"77","2020-07-23 12:11:20-03","CEPLAC","CEPEC","52016","PreservedSpecimen","Plantae",NA,NA,"Malpighiaceae","Heteropterys","anomala","Heteropterys anomala",NA,NA,"A. M. de Carvalho","3395",NA,"Brasil","Bahia","URUÇUCA","7.3Km na estrada Serra Grande/Itacaré, Faz. Lagoa do Conj. Sta. Cruz.","-39.016667","-14.416667",NA,NA,NA,NA,"A. M. Amorim","2002","12","01",NA,NA,NA,NA,"39W1'","14S25'",NA,NA,NA,NA,NA,NA,NA,"09/03/1999",NA
"78","2020-07-23 12:11:20-03","CEPLAC","CEPEC","69079","PreservedSpecimen","Plantae",NA,NA,"Malpighiaceae","Heteropterys","anomala","Heteropterys anomala",NA,NA,"W. W. Thomas","10831",NA,"Brasil","Bahia","URUÇUCA","7.4Km ao N de Serra Grande Rod. Para Itacaré, Faz. Lagoa do Conj. Sta. Cruz. Inventário # 2509.","-39.060556","-14.423333",NA,NA,NA,NA,"W. W. Thomas","1995","05","08",NA,NA,NA,NA,"39W3'38","14S25'24",NA,NA,NA,NA,NA,NA,NA,"30/12/1995",NA
"79","2020-07-23 12:11:31-03","CEPLAC","CEPEC","67469","PreservedSpecimen","Plantae",NA,NA,"Malpighiaceae","Heteropterys","patens","Heteropterys patens",NA,NA,"R. Marquete","1820",NA,"Brasil","Rio de Janeiro","PARATY","Caminho para a Faz. Doo Gibrail, na bifurcação.","-44.7131004333496","-23.2178001403809",NA,NA,NA,NA,"A. M. Amorim","1994","05","12",NA,NA,NA,NA,NA,NA,"34470","auto",NA,NA,NA,NA,NA,"30/12/2003",NA
"80","2020-07-23 12:11:31-03","CEPLAC","CEPEC","108730","PreservedSpecimen","Plantae",NA,NA,"Malpighiaceae","Heteropterys","patens","Heteropterys patens",NA,NA,"C. A. L. de Oliveira","1019",NA,"Brasil","Rio de Janeiro","rio de janeiro","Alto da Boa Vista. Estrada da Vista Chinesa, KM 2. Reserva Florestal da Vista Chinesa, vertente Sul, caminho para Gruta Geonoma, acima da Caixa d'Água.","-43.2075004577637","-22.9027996063232",NA,NA,NA,NA,"A. M. Amorim","1997","11","06",NA,NA,NA,NA,NA,NA,"57442","auto",NA,NA,NA,NA,NA,"30/12/2007",NA
"81","2020-07-23 12:11:31-03","CEPLAC","CEPEC","78525","PreservedSpecimen","Plantae",NA,NA,"Malpighiaceae","Heteropterys","patens","Heteropterys patens",NA,NA,"S. Araújo & Pereira",NA,NA,"Brasil","Rio de Janeiro","TERESÓPOLIS","Serra dos Orgãos - Barreiras.","-42.9655990600586","-22.4122009277344",NA,NA,NA,NA,"A. M. Amorim","1946","05","28",NA,NA,NA,NA,NA,NA,"38539","auto",NA,NA,NA,NA,NA,"30/12/2003",NA
"82","2020-07-23 12:11:31-03","CEPLAC","CEPEC","109726","PreservedSpecimen","Plantae",NA,NA,"Malpighiaceae","Heteropterys","patens","Heteropterys patens",NA,NA,"C. M. Vieira","31",NA,"Brasil","Rio de Janeiro","nova friburgo","Reserva Ecológica Municipal de Macaé de Cima. Nascente do rio das Flores.","-42.566667","-22.466667",NA,NA,NA,NA,"A. M. Amorim","1989","06","21",NA,NA,NA,NA,"42W34'","22S28'",NA,NA,NA,NA,NA,NA,NA,"30/12/2003",NA
"83","2020-07-23 12:11:31-03","CEPLAC","CEPEC","109399","PreservedSpecimen","Plantae",NA,NA,"Malpighiaceae","Heteropterys","patens","Heteropterys patens",NA,NA,"A. M. Amorim","3383",NA,"Brasil","São Paulo","picinguaba","Rodovia Rio/Santos. Estrada da casa da farinha. Núcleo da Serra do mar.",NA,NA,NA,NA,NA,NA,"A. M. Amorim","1995","06","08",NA,NA,NA,NA,NA,NA,NA,NA,NA,NA,NA,NA,NA,"30/12/2003",NA
"84","2020-07-23 12:11:31-03","CEPLAC","CEPEC","146472","PreservedSpecimen","Plantae",NA,NA,"Malpighiaceae","Heteropterys","patens","Heteropterys patens",NA,NA,"C.N. Fraga","3222",NA,"Brasil","Rio de Janeiro",NA,NA,NA,NA,NA,"<ll>dwc_commonname:</ll>",NA,NA,"Amorim, A. M.",NA,NA,NA,NA,NA,NA,NA,NA,NA,NA,NA,NA,NA,NA,NA,NA,NA,NA
"85","2020-07-23 12:11:31-03","CEPLAC","CEPEC","51918","PreservedSpecimen","Plantae",NA,NA,"Malpighiaceae","Heteropterys","patens","Heteropterys patens",NA,NA,"S. de V. A. Pessoa","3683",NA,"Brasil","Rio de Janeiro","nova friburgo","Macae de Cima, Sitio Sophronites nascente do Rio das Flores.","-43.538889","-22.458333",NA,NA,NA,NA,"A. M. Amorim",NA,NA,NA,NA,NA,NA,NA,"43W32'20","22S27'30",NA,NA,NA,NA,NA,NA,NA,"30/12/1991",NA
"86","2020-07-23 12:11:31-03","CEPLAC","CEPEC","51849","PreservedSpecimen","Plantae",NA,NA,"Malpighiaceae","Heteropterys","patens","Heteropterys patens",NA,NA,"H. C. de Lima",NA,NA,"Brasil","Rio de Janeiro","nova friburgo","Macaé de Cima, Sitito Sophronites, nascente do Rio das Flores.","-43.538889","-22.458333",NA,NA,NA,NA,"A. M. Amorim","1988","07","18",NA,NA,NA,NA,"43W32'20","22S27'30",NA,NA,NA,NA,NA,NA,NA,"30/12/2004",NA
"87","2020-07-23 12:11:31-03","CEPLAC","CEPEC","138509","PreservedSpecimen","Plantae",NA,NA,"Malpighiaceae","Heteropterys","patens","Heteropterys patens",NA,NA,"Haroldo, C. de Lima","7963",NA,"Brasil","Rio de Janeiro","MIGUEL PEREIRA",NA,"-43.4688987731934","-22.4538993835449",NA,"<ll>dwc_commonname:</ll>",NA,NA,"Haroldo, C. de Lima",NA,NA,NA,NA,NA,NA,NA,NA,NA,"25640","auto",NA,NA,NA,NA,NA,NA,NA
"88","2020-07-23 12:11:31-03","CEPLAC","CEPEC","51847","PreservedSpecimen","Plantae",NA,NA,"Malpighiaceae","Heteropterys","patens","Heteropterys patens",NA,NA,"S. de V. A. Pessoa","488",NA,"Brasil","Rio de Janeiro","nova friburgo","Macaé de Cima.","-42.5311012268066","-22.2819004058838",NA,NA,NA,NA,"A. M. Amorim","1989","08","30",NA,NA,NA,NA,NA,NA,"33190","auto",NA,NA,NA,NA,NA,"30/12/2003",NA
"89","2020-07-23 12:11:31-03","CEPLAC","CEPEC","51840","PreservedSpecimen","Plantae",NA,NA,"Malpighiaceae","Heteropterys","patens","Heteropterys patens",NA,NA,"C. M. Vieira","31",NA,"Brasil","Rio de Janeiro","nova friburgo","Macaé de Cima (dentro parcela), Micro parcela 1D.","-42.5311012268066","-22.2819004058838",NA,NA,NA,NA,"A. M. Amorim","1989","06","21",NA,NA,NA,NA,NA,NA,"33190","auto",NA,NA,NA,NA,NA,"30/12/2004",NA
"90","2020-07-23 12:11:31-03","CEPLAC","CEPEC","51848","PreservedSpecimen","Plantae",NA,NA,"Malpighiaceae","Heteropterys","patens","Heteropterys patens",NA,NA,"H. C. de Lima","3489",NA,"Brasil","Rio de Janeiro","nova friburgo","Macaé de Cima, nascente do Rio das Flores.","-42.5311012268066","-22.2819004058838",NA,NA,NA,NA,"A. M. Amorim","1989","03","09",NA,NA,NA,NA,NA,NA,"33190","auto",NA,NA,NA,NA,NA,"30/12/2003",NA
"91","2020-07-23 12:11:31-03","CEPLAC","CEPEC","51846","PreservedSpecimen","Plantae",NA,NA,"Malpighiaceae","Heteropterys","patens","Heteropterys patens",NA,NA,"M. Peron","839",NA,"Brasil","Rio de Janeiro","nova friburgo","Macaé de Cima, Sitio Sophronites.","-42.5311012268066","-22.2819004058838",NA,NA,NA,NA,"A. M. Amorim","1989","07","17",NA,NA,NA,NA,NA,NA,"33190","auto",NA,NA,NA,NA,NA,"30/12/2003",NA
"92","2020-07-23 12:11:31-03","CEPLAC","CEPEC","51839","PreservedSpecimen","Plantae",NA,NA,"Malpighiaceae","Heteropterys","patens","Heteropterys patens",NA,NA,"H. C. de Lima",NA,NA,"Brasil","Rio de Janeiro","nova friburgo","Parcela 1, Area A, Microparcela: 5D. Planta no. 1054.","-42.5311012268066","-22.2819004058838",NA,NA,NA,NA,"A. M. Amorim","1988","06","18",NA,NA,NA,NA,NA,NA,"33190","auto",NA,NA,NA,NA,NA,"30/12/2004",NA
"93","2020-07-23 12:11:31-03","CEPLAC","CEPEC","109730","PreservedSpecimen","Plantae",NA,NA,"Malpighiaceae","Heteropterys","patens","Heteropterys patens",NA,NA,"C.A.L. de Oliveira","1019",NA,"Brasil","Rio de Janeiro","rio de janeiro",NA,"-43.2075004577637","-22.9027996063232",NA,"<ll>dwc_commonname:</ll>",NA,NA,"Amorim, A. M.",NA,NA,NA,NA,NA,NA,NA,NA,NA,"57442","auto",NA,NA,NA,NA,NA,NA,NA
"94","2020-07-23 12:11:31-03","CEPLAC","CEPEC","102702","PreservedSpecimen","Plantae",NA,NA,"Malpighiaceae","Heteropterys","patens","Heteropterys patens",NA,NA,"R. Marquete","3024",NA,"Brasil","Rio de Janeiro","rio de janeiro","Horto Florestal. Caminho para o Parque da Cidade, subindo a trilha atrás do Solar da Imperatriz para primeira torre do Horto.","-43.2075004577637","-22.9027996063232",NA,NA,NA,NA,"Amorim, A. M.","1981","06","07",NA,NA,NA,NA,NA,NA,"57442","auto",NA,NA,NA,NA,NA,NA,NA
"95","2020-07-23 12:11:31-03","CEPLAC","CEPEC","109394","PreservedSpecimen","Plantae",NA,NA,"Malpighiaceae","Heteropterys","patens","Heteropterys patens",NA,NA,"A. Furlan","416",NA,"Brasil","São Paulo","ubatuba","Ubatuba, Picinguaba. Estrada da Casa da farinha.","-45.0699996948242","-23.4300003051758",NA,NA,NA,NA,"A. M. Amorim","1988","04","09",NA,NA,NA,NA,NA,NA,"34265","auto",NA,NA,NA,NA,NA,"30/12/2003",NA
"96","2021-04-08 17:12:54-03","UESB","HUESB","5759","S","Plantae","Dicotyledoneae",NA,"Malpighiaceae","Heteropterys","anomala","Heteropterys anomala","Adr. Juss.",NA,"Queiroz, L.P. de; M.Mda Silva, FRBravo, I; B.M.Silva.; M.Mda Silva, FRBravo, I; B.M.Silva.","6372",NA,"Brasil","Bahia","Santa Teresinha","Serra da Jibóia, ca. 4Km de Pedra Branca.","-39.475556","-12.852778",NA,"Liana volúvel escandendo a ca. 12m. Alt. Folhas coriáceas. Inflorescência com pedúnculo e ramos ferrugíenos. Botões com elaióforos verdes, sépalas ferrugíneos e pétalas amarelas.",NA,NA,NA,"2000","09","27",NA,NA,NA,NA,"-39.475556","-12.852778",NA,NA,NA,NA,NA,NA,NA,NA,NA
"97","2021-04-08 17:12:54-03","UESB","HUESB","5760","S","Plantae","Dicotyledoneae",NA,"Malpighiaceae","Heteropterys","anomala","Heteropterys anomala","Adr. Juss.",NA,"Loureiro, D.M.; Carvalho, G.; Guedes, M.L.; Santana, D.L.; Carvalho, G.; Guedes, M.L.; Santana, D.L.","8",NA,"Brasil","Bahia","São Sebastião do Passé","Litoral Norte, Fazenda Panema. Área de reserva a ser recuperada (Chapada)","-38.4953002929688","-12.5124998092651",NA,NA,NA,NA,"Guedes, M.L.","2001","03","25",NA,"2001","03",NA,NA,NA,"18909","auto",NA,NA,NA,NA,NA,NA,NA
"98","2016-08-23 10:59:45-03","NHMLondon","NHM-LONDON-BOT","BM000645220","S","Plantae",NA,NA,"Malpighiaceae","Heteropterys","anomala","Heteropterys anomala","Adr.Juss.","Isosyntype","Jacques Samuel Blanchet; b.1807; d.1875; Blanchet","2089",NA,"Brasil",NA,NA,NA,"-53.08982","-10.773109",NA,"<a href=http://www.nhm.ac.uk/services/media-store/asset/34209952556180a6d782d97171684cf990729608/contents/preview target=other class=eLink> <mi>dwc_moreinfo</mi></a>",NA,NA,"W.R. Anderson","1839",NA,NA,NA,"1981",NA,NA,"-53.08982","-10.773109",NA,NA,NA,NA,NA,NA,NA,NA,"NHMUK:ecatalogue:4987323"
"99","2019-11-01 15:03:12-03","UnB","UB","151276","PreservedSpecimen","Plantae","Dicotyledoneae",NA,"Malpighiaceae","Heteropterys","patens","Heteropterys patens","(Griseb.) A.Juss.",NA,"Belém, RP","2257","Southern America","Brasil","Bahia","Ibirapitanga","Plantação de cacau.","-39.3736000061035","-14.1641998291016",NA,"Cipó sobre árvore de 8m. FLores amarela, estames esbranquiçados, calice marron.",NA,NA,"Pessoa, C","1966","05","18",NA,"2015","01","12",NA,NA,"33549","auto",NA,NA,NA,NA,NA,NA,NA
"100","2017-09-11 17:10:30-03","UnB","HBVIRTFLBRAS",NA,"O","Plantae",NA,NA,"Malpighiaceae","Heteropterys","patens","Heteropterys patens","(Griseb.) A.Juss.",NA,"Sellow, F","s.n.","Southern America","Brazil",NA,NA,"In Brasilia meridionali",NA,NA,NA,NA,NA,NA,NA,NA,NA,NA,NA,NA,NA,NA,NA,NA,NA,NA,NA,NA,NA,NA,NA,NA,NA
"101","2019-11-21 10:08:43-03","IBt","SP","12047","S","Plantae",NA,NA,"Malpighiaceae","Heteropterys","anomala","Heteropterys anomala glandulifera","Nied.","Isosyntype","Edwall, G","CGG1804",NA,"Brasil","São Paulo","Ubatuba","Capoeira. Morro da Prainha","-45.0699996948242","-23.4300003051758",NA,"Trepadeira, flores amarelas","SP000207","SP000207","Niedenzu, F","1892","05","02","glandulifera","1928",NA,NA,NA,NA,"34265","auto",NA,NA,NA,NA,NA,NA,NA
"102","2019-11-21 10:08:54-03","IBt","SP","151706","S","Plantae",NA,NA,"Malpighiaceae","Heteropterys","patens","Heteropterys patens","(Griseb.) A.Juss.",NA,"Araújo, S; Pereira, E","518",NA,"Brasil","Rio de Janeiro",NA,"Serra dos Órgãos, Barreira",NA,NA,NA,NA,"SP018923","SP018923","Amorim, AM","1946","05","28",NA,"2003",NA,NA,NA,NA,NA,NA,NA,NA,NA,NA,NA,NA,NA
"103","2019-11-21 10:08:54-03","IBt","SP","470876","S","Plantae",NA,NA,"Malpighiaceae","Heteropterys","patens","Heteropterys patens","(Griseb.) A.Juss.",NA,"Forzza, RC; Silva, J; Hmeljeviski, KV; Saraiva, DP","5804",NA,"Brasil","Espírito Santo","Água Doce do Norte","estrada para o morro das torres","-40.993056","-18.573611",NA,NA,NA,NA,NA,"2010","03","12",NA,NA,NA,NA,"-40.993056","-18.573611",NA,NA,NA,"578","578",NA,NA,NA,NA
"104","2019-11-21 10:08:54-03","IBt","SP","337330","S","Plantae",NA,NA,"Malpighiaceae","Heteropterys","patens","Heteropterys patens","(Griseb.) A.Juss.",NA,"Giordano, LC; Bovini, MG; Braga, JMA","2164",NA,"Brasil","Rio de Janeiro","Macaé","Frade, Crubixás","-41.7868995666504","-22.3708000183105",NA,NA,"SP018916",NA,"Amorim, AM","1997","05","06",NA,"2003",NA,NA,NA,NA,"47209","auto",NA,"1350","1350",NA,NA,NA,NA
"105","2019-11-21 10:08:54-03","IBt","SP","367625","S","Plantae",NA,NA,"Malpighiaceae","Heteropterys","patens","Heteropterys patens","(Griseb.) A.Juss.",NA,"Pereira, CEB","204",NA,"Brasil","Rio de Janeiro","Nova Friburgo","Rio Bonito de Cima, Sítio São Jerônimo","-42.5311012268066","-22.2819004058838",NA,NA,"SP018913",NA,"Amorim, AM","1995","07","12",NA,"2003",NA,NA,NA,NA,"33190","auto",NA,NA,NA,NA,NA,NA,NA
"106","2019-11-21 10:08:54-03","IBt","SP","367611","S","Plantae",NA,NA,"Malpighiaceae","Heteropterys","patens","Heteropterys patens","(Griseb.) A.Juss.",NA,"Silva, IM","378",NA,"Brasil","Rio de Janeiro","Nova Iguaçu","REBIO do Tinguá, Estrada do Ouro","-43.451099395752","-22.7591991424561",NA,NA,"SP018919",NA,NA,"1995","07","12",NA,"2003",NA,NA,NA,NA,"25743","auto",NA,NA,NA,NA,NA,NA,NA
"107","2019-11-21 10:08:54-03","IBt","SP","367612","S","Plantae",NA,NA,"Malpighiaceae","Heteropterys","patens","Heteropterys patens","(Griseb.) A.Juss.",NA,"Somner, GV; et al.","788",NA,"Brasil","Rio de Janeiro","Nova Iguaçu","Reserva Biológica de Tinguá, estrada para Boa Esperança, após a entrada da REBIO","-43.451099395752","-22.7591991424561",NA,NA,"SP018914","SP018914","Amorim, AM","1994","02","10",NA,"2003",NA,NA,NA,NA,"25743","auto",NA,NA,NA,NA,NA,NA,NA
"108","2019-11-21 10:08:54-03","IBt","SP","396952","S","Plantae",NA,NA,"Malpighiaceae","Heteropterys","patens","Heteropterys patens","(Griseb.) A.Juss.",NA,"Silva Neto, SJ","26",NA,"Brasil","Rio de Janeiro","Nova Iguaçu","Reserva Biológica do Tinguá, Caminho de Boa Esperança a Tinguá","-43.451099395752","-22.7591991424561",NA,NA,"SP018927",NA,"Amorim, AM","1993","05","31",NA,"2003",NA,NA,NA,NA,"25743","auto",NA,NA,NA,NA,NA,NA,NA
"109","2019-11-21 10:08:54-03","IBt","SP","366594","S","Plantae",NA,NA,"Malpighiaceae","Heteropterys","patens","Heteropterys patens","(Griseb.) A.Juss.",NA,"Braga, JMA","6316",NA,"Brasil","Rio de Janeiro","Rio das Ostras","Reserva Biológica da União","-41.9449996948242","-22.5268993377686",NA,NA,"SP018921","SP018921","Amorim, AM","2000","09","27",NA,"2003",NA,NA,NA,NA,"17620","auto",NA,NA,NA,NA,NA,NA,NA
"110","2019-11-21 10:08:54-03","IBt","SP","396949","S","Plantae",NA,NA,"Malpighiaceae","Heteropterys","patens","Heteropterys patens","(Griseb.) A.Juss.",NA,"Oliveira, CAL","1019",NA,"Brasil","Rio de Janeiro","Rio de Janeiro","Alto da Boa Vista. Estrada da Vista Chinesa km 2. Reser. Flor. Est. Vista Chinesa, vertente sul, caminho para gruta Geonoma acima da caixa d'água","-43.2075004577637","-22.9027996063232",NA,NA,"SP018928",NA,"Amorim, AM","1995","06","05",NA,"2003",NA,NA,NA,NA,"57442","auto",NA,NA,NA,NA,NA,NA,NA
"111","2019-11-21 10:08:54-03","IBt","SP","396950","S","Plantae",NA,NA,"Malpighiaceae","Heteropterys","patens","Heteropterys patens","(Griseb.) A.Juss.",NA,"Amorim, AM; Oliveira, CAL","3216",NA,"Brasil","Rio de Janeiro","Rio de Janeiro","Arredores do Parque Nacional da Tijuca. Morro do Cochrane, no topo do morro em trilha de acesso para Vista Chinesa","-43.2075004577637","-22.9027996063232",NA,NA,"SP018929",NA,"Amorim, AM","1999","12","21",NA,"2003",NA,NA,NA,NA,"57442","auto",NA,NA,NA,NA,NA,NA,NA
"112","2019-11-21 10:08:54-03","IBt","SP","151686","S","Plantae",NA,NA,"Malpighiaceae","Heteropterys","patens","Heteropterys patens","(Griseb.) A.Juss.",NA,"Sucre, D","8512",NA,"Brasil","Rio de Janeiro","Rio de Janeiro","Morro Queimado","-43.2075004577637","-22.9027996063232",NA,NA,"SP018924",NA,"Amorim, AM","1972","02","24",NA,"2003",NA,NA,NA,NA,"57442","auto",NA,"600","650",NA,NA,NA,NA
"113","2019-11-21 10:08:54-03","IBt","SP","367607","S","Plantae",NA,NA,"Malpighiaceae","Heteropterys","patens","Heteropterys patens","(Griseb.) A.Juss.",NA,"Oliveira, CAL","1270",NA,"Brasil","Rio de Janeiro","Rio de Janeiro","Serra da Carioca, Topo do Morro do Cochrane, Parque Nacional da Tijuca","-43.2075004577637","-22.9027996063232",NA,NA,"SP018920",NA,"Amorim, AM","1997","02","26",NA,"2003",NA,NA,NA,NA,"57442","auto",NA,NA,NA,NA,NA,NA,NA
"114","2019-11-21 10:08:54-03","IBt","SP","151696","S","Plantae",NA,NA,"Malpighiaceae","Heteropterys","patens","Heteropterys patens","(Griseb.) A.Juss.",NA,"Sucre, D","7520",NA,"Brasil","Rio de Janeiro","Rio de Janeiro","Subida para o Pico da Tijuca","-43.2075004577637","-22.9027996063232",NA,NA,"SP018922",NA,"Amorim, AM","1971","03","18",NA,"2003",NA,NA,NA,NA,"57442","auto",NA,NA,NA,NA,NA,NA,NA
"115","2019-11-21 10:08:54-03","IBt","SP","8371","S","Plantae",NA,NA,"Malpighiaceae","Heteropterys","patens","Heteropterys patens acuminata","Nied.","Lectotype","Gehrt, A","s.n.",NA,"Brasil","São Paulo","Santo André","Alto da Serra, descida da Serra Velha","-46.5299987792969","-23.6599998474121",NA,"Trepadeira de flor amarela","SP000243","SP000243","Niedenzu, F","1923","05","08","acuminata","1928",NA,NA,NA,NA,"27258","auto",NA,NA,NA,NA,NA,NA,NA
"116","2019-11-21 10:08:54-03","IBt","SP","298426","S","Plantae",NA,NA,"Malpighiaceae","Heteropterys","patens","Heteropterys patens","(Griseb.) A.Juss.",NA,"Furlan, A; et al.","416",NA,"Brasil","São Paulo","Ubatuba","Estrada da Casa da Farinha","-45.0699996948242","-23.4300003051758",NA,NA,"SP018925",NA,"Amorim, AM","1988","04","09",NA,"2003",NA,NA,NA,NA,"34265","auto",NA,NA,NA,NA,NA,NA,NA
"117","2019-11-21 10:08:54-03","IBt","SP","367642","S","Plantae",NA,NA,"Malpighiaceae","Heteropterys","patens","Heteropterys patens","(Griseb.) A.Juss.",NA,"Amorim, AM; Forzza, RC","3383",NA,"Brasil","São Paulo","Ubatuba","Picinguaba, Estrada da Casa da Farinha","-45.0699996948242","-23.4300003051758",NA,NA,"SP018917",NA,"Amorim, AM","2000","05","06",NA,"2003",NA,NA,NA,NA,"34265","auto",NA,NA,NA,NA,NA,NA,NA
"118","2019-11-21 10:08:54-03","IBt","SP","298425","S","Plantae",NA,NA,"Malpighiaceae","Heteropterys","patens","Heteropterys patens","(Griseb.) A.Juss.",NA,"Garcia, FCP; et al.","135",NA,"Brasil","São Paulo","Ubatuba","Picinguaba, Estrada da Casa da Farinha","-45.0699996948242","-23.4300003051758",NA,NA,"SP018926",NA,"Amorim, AM","1988","09","04",NA,"2003",NA,NA,NA,NA,"34265","auto",NA,NA,NA,NA,NA,NA,NA
"119","2019-11-21 10:08:54-03","IBt","SP","367609","S","Plantae",NA,NA,"Malpighiaceae","Heteropterys","patens","Heteropterys patens","(Griseb.) A.Juss.",NA,"Takahashi, A; Bencke, CSC","132",NA,"Brasil","São Paulo","Ubatuba","Picinguaba, Estrada da Casa da Farinha","-45.0699996948242","-23.4300003051758",NA,NA,"SP018915","SP018915","Amorim, AM","1995","07","31",NA,"2003",NA,NA,NA,NA,"34265","auto",NA,NA,NA,NA,NA,NA,NA
"120","2019-11-21 10:08:54-03","IBt","SP","367610","S","Plantae",NA,NA,"Malpighiaceae","Heteropterys","patens","Heteropterys patens","(Griseb.) A.Juss.",NA,"Garcia, FCP; et al.","430",NA,"Brasil","São Paulo","Ubatuba","Picinguaba, Estrada da Casa da Farinha","-45.0699996948242","-23.4300003051758",NA,NA,"SP018918",NA,"Amorim, AM","1989","09","02",NA,"2003",NA,NA,NA,NA,"34265","auto",NA,NA,NA,NA,NA,NA,NA
"121","2014-09-23 10:58:32-03","G","G","G00352997","S","Plantae",NA,NA,"Malpighiaceae","Heteropterys","anomala","Heteropterys anomala","A. Juss.","ISOTYPUS of Heteropterys anomala A. Juss.","Blanchet, J. S.","2089","AMERIQUE DU SUD","Brazil","Bahia",NA,NA,"-41.99722222","-12.18305556",NA,"Coordinate uncertainty: Precision at the level of departement/region Image URL: No picture available on the institution's web site","G00352997",NA,"Anderson, W. R.",NA,NA,NA,NA,"1993","01","01","-41.99722222","-12.18305556",NA,NA,NA,NA,NA,NA,NA,NA,NA
