"record_id","modified","institutionCode","collectionCode","catalogNumber","basisOfRecord","kingdom","phylum","order","family","genus","specificEpithet","scientificName","scientificNameAuthorship","identifiedBy","recordedBy","recordNumber","year","month","day","continentOcean","country","stateProvince","locality","decimalLongitude","decimalLatitude","preparationType","occurrenceRemarks","barcode","imagecode","county","minimumElevationInMeters","maximumElevationInMeters","yearIdentified","monthIdentified","verbatimLongitude","verbatimLatitude","coordinatePrecision","geoFlag","dayIdentified","fieldNumber","individualCount","class","typeStatus","relatedCatalogItem"
"1","2021-03-15 16:37:00-03","NY","NYBG","1758885","PreservedSpecimen","Plantae","Magnoliophyta","Poales","Cyperaceae","Scleria","virgata","Scleria virgata","Steud.","W. W. Thomas","M. R. de V. Barbosa","3232","2008","05","27","South America","Brazil","Paraíba","Mataraca. Millennium Inorganic Chemicals Mineração Ltda.","-34.9786","-6.4936","sheet","<a href='http://sweetgum.nybg.org/science/vh/specimen_details.php?irn=2013778' target='other'> <mi>dwc_moreinfo</mi></a>","NY01758885","NY01758885_01",NA,NA,NA,NA,NA,NA,NA,NA,NA,NA,NA,NA,NA,NA,NA
"2","2021-03-15 16:37:00-03","NY","NYBG","636653","PreservedSpecimen","Plantae","Magnoliophyta","Poales","Cyperaceae","Scleria","virgata","Scleria virgata","Steud.","W. W. Thomas","M. Sobral","4650","1986","03","23","South America","Brazil","Espírito Santo","Reserva Florestal da CVRD. Linhares Esp. Santo.","-39.961174","-19.138199","sheet","N.o de Registro 1348 Reserva Florestal da C.V.R.D. <a href='http://sweetgum.nybg.org/science/vh/specimen_details.php?irn=735676' target='other'> <mi>dwc_moreinfo</mi></a>","NY00636653","NY00636653_01",NA,NA,NA,NA,NA,NA,NA,NA,NA,NA,NA,NA,NA,NA,NA
"3","2021-03-15 16:37:00-03","NY","NYBG","686449","PreservedSpecimen","Plantae","Magnoliophyta","Poales","Cyperaceae","Scleria","virgata","Scleria virgata","Steud.","W. W. Thomas","W. W. Thomas","8999",NA,NA,NA,"South America","Brazil","Bahia","Road from Olivença to Serra das Trempes, 6km from Olivença.","-39.05","-14.98","sheet","<a href='http://sweetgum.nybg.org/science/vh/specimen_details.php?irn=834218' target='other'> <mi>dwc_moreinfo</mi></a>","NY00686449","NY00686449_01","Ilhéus",NA,NA,NA,NA,NA,NA,NA,NA,NA,NA,NA,NA,NA,NA
"4","2021-03-15 16:37:00-03","NY","NYBG","636655","PreservedSpecimen","Plantae","Magnoliophyta","Poales","Cyperaceae","Scleria","virgata","Scleria virgata","Steud.","W. W. Thomas","W. W. Thomas","10371","1994","02","12","South America","Brazil","Bahia","6.1 km west of Olivença on road to Maruim.","-39.03","-14.9778","sheet","= WT 10383 <a href='http://sweetgum.nybg.org/science/vh/specimen_details.php?irn=735678' target='other'> <mi>dwc_moreinfo</mi></a>","NY00636655","NY00636655_01","Ilhéus",NA,NA,NA,NA,NA,NA,NA,NA,NA,NA,NA,NA,NA,NA
"5","2021-03-15 16:37:00-03","NY","NYBG","636652","PreservedSpecimen","Plantae","Magnoliophyta","Poales","Cyperaceae","Scleria","virgata","Scleria virgata","Steud.",NA,"M. Alves","1908","2000","02","02","South America","Brazil","Bahia","Estrada Maraú-Saquaíra, a 3 Km de Maraú.","-38.9253","-14.1061","sheet","<a href='http://sweetgum.nybg.org/science/vh/specimen_details.php?irn=735680' target='other'> <mi>dwc_moreinfo</mi></a>","NY00636652","NY00636652_01","Maraú",NA,NA,NA,NA,NA,NA,NA,NA,NA,NA,NA,NA,NA,NA
"6","2021-03-15 16:37:00-03","NY","NYBG","686448","PreservedSpecimen","Plantae","Magnoliophyta","Poales","Cyperaceae","Scleria","virgata","Scleria virgata","Steud.","W. W. Thomas","L. A. Mattos Silva","1689","1983","04","26","South America","Brazil","Bahia","Ramal que liga a Estação Hidromineral de Olivença ao Pov. Vila Brasil, km 6.","-39.0367895","-14.9815678","sheet","<a href='http://sweetgum.nybg.org/science/vh/specimen_details.php?irn=834217' target='other'> <mi>dwc_moreinfo</mi></a>","NY00686448","NY00686448_01","Ilhéus",NA,NA,NA,NA,NA,NA,NA,NA,NA,NA,NA,NA,NA,NA
"7","2021-03-15 16:37:00-03","NY","NYBG","02674837","PreservedSpecimen","Plantae","Magnoliophyta","Poales","Cyperaceae","Scleria","virgata","Scleria virgata","Steud.",NA,"W. W. Thomas","16624","2016","09","23","South America","Brazil","Espírito Santo","Mata Fria. ca. 8 km W of Santa Teresa on ES-261, ca. 200 m E of turn-off to Vale Tabocas; dirt road in forest on S side of ES-261.","-40.6844","-19.93183","Sheet","<a href='http://sweetgum.nybg.org/science/vh/specimen_details.php?irn=3677141' target='other'> <mi>dwc_moreinfo</mi></a>","NY02674837","NY02674837_01","Santa Teresa","845","845",NA,NA,NA,NA,NA,NA,NA,NA,NA,NA,NA,NA
"8","2021-03-15 16:37:00-03","NY","NYBG","636654","PreservedSpecimen","Plantae","Magnoliophyta","Poales","Cyperaceae","Scleria","virgata","Scleria virgata","Steud.","W. W. Thomas","W. W. Thomas","9259","1992","05","14","South America","Brazil","Bahia","Ca. 3 km W of Nova Esperança, W edge of Reserva Estadual Wenceslau Guimarães","-39.7222222","-13.6138889","sheet","<a href='http://sweetgum.nybg.org/science/vh/specimen_details.php?irn=735674' target='other'> <mi>dwc_moreinfo</mi></a>","NY00636654","NY00636654_01","Wenceslau Guimaraes","500","600",NA,NA,NA,NA,NA,NA,NA,NA,NA,NA,NA,NA
"9","2021-03-15 16:37:00-03","NY","NYBG","02674842","PreservedSpecimen","Plantae","Magnoliophyta","Poales","Cyperaceae","Scleria","virgata","Scleria virgata","Steud.",NA,"W. W. Thomas","16614","2016","09","21","South America","Brazil","Espírito Santo","Estação Biologica da Caixa d'Água. (or São Lourenço), west side of the town of Santa Teresa on ES-261 to Tabocas. Along trail upstream to intact forest.","-40.60789","-19.92883","Sheet","<a href='http://sweetgum.nybg.org/science/vh/specimen_details.php?irn=3677133' target='other'> <mi>dwc_moreinfo</mi></a>","NY02674842","NY02674842_01","Santa Teresa","672","783",NA,NA,NA,NA,NA,NA,NA,NA,NA,NA,NA,NA
"10","2021-03-15 16:37:00-03","NY","NYBG","636656","PreservedSpecimen","Plantae","Magnoliophyta","Poales","Cyperaceae","Scleria","virgata","Scleria virgata","Steud.","W. W. Thomas","W. W. Thomas","10383","1994","02","14","South America","Brazil","Bahia","19.8 km west of Olivença on road to Vila Brasil.","-39.1133","-14.9642","sheet","= WT 10371, DNA sample <a href='http://sweetgum.nybg.org/science/vh/specimen_details.php?irn=735679' target='other'> <mi>dwc_moreinfo</mi></a>","NY00636656","NY00636656_01","Ilhéus",NA,NA,NA,NA,NA,NA,NA,NA,NA,NA,NA,NA,NA,NA
"11","2021-03-15 16:37:00-03","NY","NYBG","661330","PreservedSpecimen","Plantae","Magnoliophyta","Poales","Cyperaceae","Scleria","virgata","Scleria virgata","Steud.","W. W. Thomas","H. S. Irwin","20762","1968","02","24","South America","Brazil","Minas Gerais","Disturbed slope forest, Serra do Espinhaço, at Lapinha, ca. 18 km N. of Sêrro on road (MG 2) to Diamantina.","-43.55","-18.55","sheet","<a href='http://sweetgum.nybg.org/science/vh/specimen_details.php?irn=735675' target='other'> <mi>dwc_moreinfo</mi></a>","NY00661330","NY00661330_01",NA,"1200","1200",NA,NA,NA,NA,NA,NA,NA,NA,NA,NA,NA,NA
"12","2021-03-15 16:37:00-03","NY","NYBG","01481990","PreservedSpecimen","Plantae","Magnoliophyta","Poales","Cyperaceae","Scleria","virgata","Scleria virgata","Steud.","A. C. Araújo","T. M. Koyama","13688","1970","02","06","South America","Brazil","Rio de Janeiro","Itatiaia, Parque Nacional, Maromba.","-44.60984","-22.334516","sheet","<a href='http://sweetgum.nybg.org/science/vh/specimen_details.php?irn=1763142' target='other'> <mi>dwc_moreinfo</mi></a>","NY01481990","NY01481990_01",NA,"1500","1500",NA,NA,NA,NA,NA,NA,NA,NA,NA,NA,NA,NA
"13","2021-03-15 16:37:00-03","NY","NYBG","01807027","PreservedSpecimen","Plantae","Magnoliophyta","Poales","Cyperaceae","Scleria","virgata","Scleria virgata","Steud.","W. W. Thomas","W. W. Thomas","13472","2003","03","22","South America","Brazil","Bahia","6.6 km SW of Olivença on road to Maruim, them 2.1 km S on farm road","-39.0211","-14.9822","sheet","<a href='http://sweetgum.nybg.org/science/vh/specimen_details.php?irn=677812' target='other'> <mi>dwc_moreinfo</mi></a>","NY01807027","NY01807027_01","Ilhéus","100","100",NA,NA,NA,NA,NA,NA,NA,NA,NA,NA,NA,NA
"14","2021-03-15 16:37:00-03","NY","NYBG","01481989","PreservedSpecimen","Plantae","Magnoliophyta","Poales","Cyperaceae","Scleria","virgata","Scleria virgata","Steud.","A. C. Araújo","T. M. Koyama","13688","1970","02","06","South America","Brazil","Rio de Janeiro","Itatiaia, Parque Nacional, Maromba.","-44.60984","-22.334516","sheet","<a href='http://sweetgum.nybg.org/science/vh/specimen_details.php?irn=1410471' target='other'> <mi>dwc_moreinfo</mi></a>","NY01481989","NY01481989_01",NA,"1500","1500",NA,NA,NA,NA,NA,NA,NA,NA,NA,NA,NA,NA
"15","2021-03-15 16:37:00-03","NY","NYBG","02674846","PreservedSpecimen","Plantae","Magnoliophyta","Poales","Cyperaceae","Scleria","virgata","Scleria virgata","Steud.",NA,"W. W. Thomas","16620","2016","09","23","South America","Brazil","Espírito Santo","W from Santa Teresa on ES-261 then N on road towards Vale Tabocas to Alto Tabocas, to the forest of the families Arnit and Loss","-40.73242","-19.925","Sheet","<a href='http://sweetgum.nybg.org/science/vh/specimen_details.php?irn=3677137' target='other'> <mi>dwc_moreinfo</mi></a>","NY02674846","NY02674846_01","Santa Teresa","640","640",NA,NA,NA,NA,NA,NA,NA,NA,NA,NA,NA,NA
"16","2021-03-15 16:37:00-03","NY","NYBG","02674844","PreservedSpecimen","Plantae","Magnoliophyta","Poales","Cyperaceae","Scleria","virgata","Scleria virgata","Steud.",NA,"W. W. Thomas","16622","2016","09","23","South America","Brazil","Espírito Santo","Mata Fria. ca. 8 km W of Santa Teresa on ES-261, ca. 200 m E of turn-off to Vale Tabocas; dirt road in forest on S side of ES-261.","-40.6844","-19.93183","Sheet","<a href='http://sweetgum.nybg.org/science/vh/specimen_details.php?irn=3677139' target='other'> <mi>dwc_moreinfo</mi></a>","NY02674844","NY02674844_01","Santa Teresa","845","845",NA,NA,NA,NA,NA,NA,NA,NA,NA,NA,NA,NA
"17","2021-03-15 16:37:00-03","NY","NYBG","686447","PreservedSpecimen","Plantae","Magnoliophyta","Poales","Cyperaceae","Scleria","virgata","Scleria virgata","Steud.","W. W. Thomas","W. W. Thomas","8999",NA,NA,NA,"South America","Brazil","Bahia","Road from Olivença to Serra das Trempes, 6km from Olivença.","-39.05","-14.98","sheet","<a href='http://sweetgum.nybg.org/science/vh/specimen_details.php?irn=735671' target='other'> <mi>dwc_moreinfo</mi></a>","NY00686447","NY00686447_01","Ilhéus",NA,NA,NA,NA,NA,NA,NA,NA,NA,NA,NA,NA,NA,NA
"18","2021-03-15 16:37:00-03","NY","NYBG","02683216","PreservedSpecimen","Plantae","Magnoliophyta","Poales","Cyperaceae","Scleria","virgata","Scleria virgata","Steud.",NA,"E. J. Lucas","636","2006","11","23","South America","Brazil","Minas Gerais","Fazenda Santa Rita, trilha do córrego.","-42.0567","-20.7603","sheet","<a href='http://sweetgum.nybg.org/science/vh/specimen_details.php?irn=2944937' target='other'> <mi>dwc_moreinfo</mi></a>","NY02683216","NY02683216_01","Faria Lemos","550","550",NA,NA,NA,NA,NA,NA,NA,NA,NA,NA,NA,NA
"19","2021-03-15 16:37:00-03","NY","NYBG","1146832","PreservedSpecimen","Plantae","Magnoliophyta","Poales","Cyperaceae","Scleria","virgata","Scleria virgata","Steud.","W. W. Thomas","W. W. Thomas","14494","2005","04","28","South America","Brazil","Bahia","Fazenda Palmeiras, 7.5 km W of BR-101 (at Ventania, 5 km N of Rio Jequitinhonha) on road to Caiubí, then 4 - 5 km S.","-39.6322","-15.9206","sheet","<a href='http://sweetgum.nybg.org/science/vh/specimen_details.php?irn=977205' target='other'> <mi>dwc_moreinfo</mi></a>","NY01146832","NY01146832_01","Itapebi","320","420",NA,NA,NA,NA,NA,NA,NA,NA,NA,NA,NA,NA
"20","2021-03-30 12:52:18-03","EAO","IAN","85886","PreservedSpecimen","Plantae","Monocotiledônea",NA,"Cyperaceae","Scleria","virgata","Scleria virgata","Steud.",NA,"Black, GA","17787","1954","12","01","Southern America","Brasil","Rio","Serra Mauá, Parque Itatiáia.",NA,NA,NA,NA,"IAN085886",NA,NA,NA,NA,"2018","09",NA,NA,NA,NA,NA,NA,NA,NA,NA,NA
"21","2020-11-04 11:05:57-03","ESALQ","ESA","37809","PreservedSpecimen","Plantae","Magnoliophyta",NA,"Cyperaceae","Scleria","trigonocarpa","Scleria trigonocarpa",NA,NA,"Souza, V.C.; Souza, J.P.; Duarte, A.R.; Miyagi, P.H.","18181.0","1997","06","14",NA,"Brasil","Mato Grosso","Fazenda Arinos. Floresta Ciliar.","-56.32","-13.52",NA,"Erva, ca. 1,5 m alt.; espiguetas verdes.","ESA037809","ESA037809","São José do Rio Claro",NA,NA,NA,NA,"-56.32","-13.52",NA,NA,NA,NA,NA,NA,NA,NA
"22","2020-11-04 11:05:57-03","ESALQ","ESA","37810","PreservedSpecimen","Plantae","Magnoliophyta",NA,"Cyperaceae","Scleria","trigonocarpa","Scleria trigonocarpa",NA,"Souza, V.C.","Souza, V.C.; Souza, J.P.; Duarte, A.R.; Miyagi, P.H.","17523.0","1997","06","09",NA,"Brasil","Mato Grosso","Beira do Córrego Falcão. 65 km NE (em linha reta) de Tapurah. Estrada para Projeto Ipiranga. Mata ciliar","-56.5416984558105","-12.7849998474121",NA,"Erva, ca. 1,5 m alt.; espiguetas castanhas.","ESA037810","ESA037810","Tapurah",NA,NA,NA,NA,NA,NA,"190293","auto",NA,NA,NA,NA,NA,NA
"23","2020-11-04 11:05:57-03","ESALQ","ESA","24720","PreservedSpecimen","Plantae","Magnoliophyta",NA,"Cyperaceae","Scleria","virgata","Scleria virgata","(Nees) Steud.","Muniz, C.F.S.","Souza, V.C.; Rodrigues, R.R.; Arzolla, F.A.R.P.; Ivanauskas, N.M.; Souza, J.P.; Scalon, V.R.; Farah, F.T.; Mazine, F.F.; Sanches, I.D.; Paiva, G.A.; L.M.Campos, Dias, A.S.; V.Pereira, Cordeiro, L.E.; Rodrigues, A.G.; Guskuma, M.","9149.0","1995","09","05",NA,"Brasil","São Paulo","Cachoeira do Sapatu. Mata Atlântica.","-48.0999984741211","-24.5200004577637",NA,"Erva prostrada; espiguetas castanho-esverdeadas. Beira de mata.","ESA024720","ESA024720","Eldorado",NA,NA,NA,NA,NA,NA,"38804","auto",NA,NA,NA,NA,NA,NA
"24","2020-11-04 11:05:57-03","ESALQ","ESA","25095","PreservedSpecimen","Plantae","Magnoliophyta",NA,"Cyperaceae","Scleria","virgata","Scleria virgata","(Nees) Steud.","Muniz, C.F.S.","Souza, V.C.; Rodrigues, R.R.; Arzolla, F.A.R.P.; Ivanauskas, N.M.; Souza, J.P.; Scalon, V.R.; Farah, F.T.; Mazine, F.F.; Sanches, I.D.; Paiva, G.A.; L.M.Campos, Dias, A.S.; V.Pereira, Cordeiro, L.E.; Rodrigues, A.G.; Guskuma, M.","8999.0","1995","09","03",NA,"Brasil","São Paulo","Parque Estadual de Jacupiranga, Núcleo da Caverna do Diabo. Trilha entre a Cachoeira do Araçá e a área conhecida como descampado. Área de rochas calcáreas. Mata Atlântica","-48.0999984741211","-24.5200004577637",NA,"Erva prostrada; espiguetas verdes. Subosque.","ESA025095","ESA025095","Eldorado",NA,NA,NA,NA,NA,NA,"38804","auto",NA,NA,NA,NA,NA,NA
"25","2019-02-15 11:38:54-02","IPA","IPA","55687","S","Plantae","Plantae",NA,"Cyperaceae","Scleria","virgata","Scleria virgata","Steud.","Luceño, M.","Vanzela, A.L.L.","02","1994","07","16","Southern America","Brasil","São Paulo",NA,"-48.5900001525879","-24.5799999237061",NA,NA,"IPA0055687",NA,"Iporanga",NA,NA,NA,NA,NA,NA,"38740","auto",NA,NA,NA,NA,NA,NA
"26","2020-02-10 17:48:51-03","UNICAMP","UEC","16609","S","Plantae","Liliopsida",NA,"Cyperaceae","Scleria","virgata","Scleria virgata","Steub.","Muniz, CFS","Davis, PH; Shepherd, GJ; Sakane, M; et al.","D.60861","1976","09","09",NA,"Brazil","São Paulo","6-10 km from Caverna do Diabo to Eldorado.","-48.400278","-24.643333",NA,"Steep rain forest, on clay soil. Large clumps 1-1,5 m. inf. very lax.","UEC075787","UEC075787","Eldorado","100","200","1982","05","-48.400278","-24.643333",NA,NA,NA,NA,NA,NA,NA,NA
"27","2021-03-01 16:19:44-03","UNICAMP","UEC","16594","S","Plantae","Liliopsida",NA,"Cyperaceae","Scleria","virgata","Scleria virgata","Steub.","Thomas, WW","Cruz, ND; Shepherd, GJ; et al.","6259","1977","11","17",NA,"Brazil","Minas Gerais","Beira da mata e campo rupestre.",NA,NA,NA,"Semi trepadeira até 3m.","UEC075705","UEC075705",NA,NA,NA,"2014","02",NA,NA,NA,NA,NA,NA,NA,NA,NA,NA
"28","2021-03-01 16:19:44-03","UNICAMP","UEC","88396","S","Plantae","Liliopsida",NA,"Cyperaceae","Scleria","virgata","Scleria virgata","Steub.","Thomas, WW","Souza, VC; Rodrigues, RR; Arzolla, FARDP; Ivanauskas, NM; Souza, JP; Scalon, VR","9149","1995","09","05",NA,"Brazil","São Paulo","Cachoeira do Sapatu","-48.400278","-24.639444",NA,"Erva prostrada; espiguetas castanho-esverdeadas.; Mata Atlântica. Beira de mata.","UEC075556","UEC075556","Eldorado",NA,NA,"2014","02","-48.400278","-24.639444",NA,NA,NA,NA,NA,NA,NA,NA
"29","2020-04-22 16:26:25-03","UFPB","JPB","39992","PreservedSpecimen","Plantae","Angiosperma","Monocotyledon","Cyperaceae","Scleria","virgata","Scleria virgata","(Ness) Steud.","Thomas, WW","Barbosa, MR; Silva, CS; Galdino, YP; Lima, IB; Lima, JR; Gadelha Neto, PC; Thomas, WW","3232","2008","05","27","Southern America","Brasil","Paraíba","Millennium Inorganic Chemicals Mineração Ltda","-34.978611","-6.493611",NA,"; DESC: Na beira de um riacho no tabuleiro.","JPB0039992","JPB0039992","Mataraca",NA,NA,"2008","05","-34.978611","-6.493611",NA,NA,"27",NA,NA,NA,NA,NA
"30","2020-04-22 16:26:25-03","UFPB","JPB","63509","PreservedSpecimen","Plantae","Angiosperma","Monocotyledon","Cyperaceae","Scleria","virgata","Scleria virgata","(Ness) Steud.",NA,"Thomas, WW; Barbosa, MR; Cruz, TA","16614","2016","09","21","Southern America","Brasil","Espírito Santo","Estação Biologica da Caixa d'Água, (or São Lourenço), west side of the town of Santa Teresa on ES-261 to Tabocas. Along trail upstream to intact forest.","-40.60789","-19.92883",NA,"; HABITAT: Near forest edge. .Intact and disturbed submontane tropical forest on rocky slope and broad flood plain.; DESC: To 1.5 m tall; Inflorescence green.","JPB0063509",NA,"Santa Teresa","672","783",NA,NA,"-40.60789","-19.92883",NA,NA,NA,NA,NA,NA,NA,NA
"31","2020-04-22 16:26:25-03","UFPB","JPB","63514","PreservedSpecimen","Plantae","Angiosperma","Monocotyledon","Cyperaceae","Scleria","virgata","Scleria virgata","(Ness) Steud.",NA,"Thomas, WW; Barbosa, MR","16620","2016","09","23","Southern America","Brasil","Espírito Santo","W from Santa Teresa on ES-261 then N on road towards Vale Tabocas to Alto Tabocas, to the forest of the families Arnit and Loss","-40.73242","-19.925",NA,"; HABITAT: .Partially disturbed semi-deciduous forest.; DESC: Clumped, with congested rhizomes; leaves grayish-green.","JPB0063514",NA,"Santa Teresa","640","640",NA,NA,"-40.73242","-19.925",NA,NA,NA,NA,NA,NA,NA,NA
"32","2020-04-22 16:26:25-03","UFPB","JPB","63516","PreservedSpecimen","Plantae","Angiosperma","Monocotyledon","Cyperaceae","Scleria","virgata","Scleria virgata","(Ness) Steud.",NA,"Thomas, WW; Barbosa, MR","16622","2016","09","23","Southern America","Brasil","Espírito Santo","Mata Fria, ca. 8 km W of Santa Teresa on ES-261, ca. 200 m E of turn-off to Vale Tabocas; dirt road in forest on S side of ES-261.","-40.6844","-19.93183",NA,"; HABITAT: At side of path in partial shade. .Intact and disturbed tropical submontane forest along path, with large openings of bamboo that had recently flowered and died.; DESC: Clumped with congested rhizomes, leaves grayish-green.","JPB0063516",NA,"Santa Teresa","845","845",NA,NA,"-40.6844","-19.93183",NA,NA,NA,NA,NA,NA,NA,NA
"33","2020-04-22 16:26:25-03","UFPB","JPB","63518","PreservedSpecimen","Plantae","Angiosperma","Monocotyledon","Cyperaceae","Scleria","virgata","Scleria virgata","(Ness) Steud.",NA,"Thomas, WW; Barbosa, MR","16624","2016","09","23","Southern America","Brasil","Espírito Santo","Mata Fria, ca. 8 km W of Santa Teresa on ES-261, ca. 200 m E of turn-off to Vale Tabocas; dirt road in forest on S side of ES-261.","-40.6844","-19.93183",NA,"; HABITAT: In open areas. .Intact and disturbed tropical submontane forest along path, with large openings of bamboo that had recently flowered and died.; DESC: Arching to 2 m.","JPB0063518",NA,"Santa Teresa","845","845",NA,NA,"-40.6844","-19.93183",NA,NA,NA,NA,NA,NA,NA,NA
"34","2019-11-06 09:54:55-03","UFOP","OUPR","20378","PreservedSpecimen","Plantae",NA,NA,"Cyperaceae","Scleria","virgata","Scleria virgata","Strench.","Viana, P.L.","Borges, R.A.X.","135","2004","07","03",NA,"Brasil","Minas Gerais","Serra do Ribeiro","-43.5080986022949","-20.2875003814697",NA,"Erva. Campo rupestre",NA,NA,"Ouro Preto",NA,NA,"2005","04",NA,NA,"44599","auto",NA,NA,NA,NA,NA,NA
"35","2020-12-21 16:22:38-03","MBM","MBM","284898","PreservedSpecimen","Plantae",NA,NA,"Cyperaceae","Scleria","virgata","Scleria virgata","Steud.","Thomas, W.W.","Thomas, W.W.; et al.; et al.","10371","1994","02","12","Southern America","Brazil","Bahia","Rodovia para Maruím","-39.0494003295898","-14.7889003753662",NA,NA,"MBM284898","MBM284898","Ilhéus",NA,NA,NA,NA,NA,NA,"61245","auto",NA,NA,NA,NA,NA,NA
"36","2020-12-21 16:22:38-03","MBM","MBM","247448","PreservedSpecimen","Plantae",NA,NA,"Cyperaceae","Scleria","virgata","Scleria virgata","Steud.",NA,"Alves, M.; et al.; et al.","1908","2000","02","02","Southern America","Brazil","Bahia","Estrada Maraú - Saquaíra","-39.0147018432617","-14.103099822998",NA,NA,"MBM247448","MBM247448","Maraú",NA,NA,NA,NA,NA,NA,"47076","auto",NA,NA,NA,NA,NA,NA
"37","2020-12-21 16:22:38-03","MBM","MBM","58504","PreservedSpecimen","Plantae",NA,NA,"Cyperaceae","Scleria","virgata","Scleria virgata","Steud.","Strong, M.T.","Hatschbach, G.","40870","1978","01","24","Southern America","Brazil","Minas Gerais","Senador Mourão","-43.6002998352051","-18.2493991851807",NA,NA,"MBM058504","MBM058504","Diamantina",NA,NA,NA,NA,NA,NA,"101169","auto",NA,NA,NA,NA,NA,NA
"38","2020-12-21 16:22:38-03","MBM","MBM","402287","PreservedSpecimen","Plantae",NA,NA,"Cyperaceae","Scleria","virgata","Scleria virgata","Steud.","Cordeiro, J.","Nardin, E.C.; Pacheco, G.; Silva, M.A.; Pacheco, G.; Silva, M.A.","s.n.","2015","10","02","Southern America","Brazil","São Paulo",NA,"-45.8800010681152","-23.1700000762939",NA,"Herbácea.; Transição entre Floresta Estacional Semidecidual e Floresta Ombrófila Densa.","MBM402287","MBM402287","São José dos Campos",NA,NA,"2015","10",NA,NA,"39297","auto",NA,NA,NA,NA,NA,NA
"39","2019-11-01 15:28:12-03","PUC-RIO","FCAB","1176","PreservedSpecimen","Plantae",NA,"Angiospermae","Cyperaceae","Scleria","trigonocarpa","Scleria trigonocarpa","Boeckeler",NA,"P. Capell S.J.","s.n.","1952","03",NA,NA,"Brasil","Rio de Janeiro",NA,"-42.5311012268066","-22.2819004058838",NA,"Sinônimo relevante: Scleria virgata (Nees) Steud.","001176",NA,"Nova Friburgo",NA,NA,NA,NA,NA,NA,"33190","auto",NA,NA,NA,NA,NA,NA
"40","2015-09-19 18:51:02-03","MNHN","RECOLNAT_MNHN_P","P00169733","PreservedSpecimen",NA,NA,NA,"Cyperaceae","Scleria","virgata","Scleria virgata","Steud.",NA,"Weddell, H.A.",NA,"1843",NA,NA,NA,"Brésil",NA,"environs de Rio de Janeiro",NA,NA,"hb","<a href='http://coldb.mnhn.fr/catalognumber/mnhn/p/p00169733' target='other'> <mi>dwc_moreinfo</mi></a>","P00169733","P00169733_01",NA,NA,NA,NA,NA,NA,NA,NA,NA,NA,"343",NA,NA,NA,NA
"41","2020-12-11 11:43:54-03","UFMG","BHCB","19525","PreservedSpecimen","Plantae","Monocotyledon",NA,"Cyperaceae","Scleria","virgata","Scleria virgata","(Nees) Steud.",NA,"Stehmann, JR; Braga, PIS","s.n.","1991","11","22","Southern America","Brasil","Minas Gerais",NA,"-42.1391983032227","-19.7896995544434",NA,NA,NA,NA,"Caratinga",NA,NA,NA,NA,NA,NA,"49886","auto",NA,NA,NA,NA,NA,NA
"42","2020-12-11 11:43:54-03","UFMG","BHCB","28743","PreservedSpecimen","Plantae","Monocotyledon",NA,"Cyperaceae","Scleria","virgata","Scleria virgata","(Nees) Steud.",NA,NA,"s.n.",NA,NA,NA,"Southern America","Brasil","Minas Gerais","Parque Estadual do Rio Doce","-42.7322006225586","-19.7122001647949",NA,NA,NA,NA,"Marliéria",NA,NA,NA,NA,NA,NA,"28215","auto",NA,NA,NA,NA,NA,NA
"43","2020-12-11 11:43:54-03","UFMG","BHCB","498","PreservedSpecimen","Plantae","Monocotyledon",NA,"Cyperaceae","Scleria","virgata","Scleria virgata","(Nees) Steud.",NA,"Schwacke, CAW","s.n.","1904",NA,NA,"Southern America","Brasil","Minas Gerais","Serra de Antônio Pereira.","-43.5080986022949","-20.2875003814697",NA,NA,NA,NA,"Ouro Preto",NA,NA,NA,NA,NA,NA,"44599","auto",NA,NA,NA,NA,NA,NA
"44","2020-12-11 11:43:54-03","UFMG","BHCB","15860","PreservedSpecimen","Plantae","Monocotyledon",NA,"Cyperaceae","Scleria","virgata","Scleria virgata","(Nees) Steud.",NA,"Braga, MMN; et al.","247","1988","10","06","Southern America","Brasil","Minas Gerais","Serra do Caraça","-43.4152984619141","-19.959400177002",NA,"Campo rupestre; Herbáceo; Brácteas rosas; Frutos verdes",NA,NA,"Santa Bárbara",NA,NA,NA,NA,NA,NA,"33136","auto",NA,NA,NA,NA,NA,NA
"45","2013-04-09 08:26:00-03","MO","MOBOT","100582542","PreservedSpecimen","Plantae",NA,NA,"Cyperaceae","Scleria","virgata","Scleria virgata","Steud.","A.C. Araújo","Tetsuo M. Koyama|Marieluise Koyama|Paulo G. Windisch","Koyama 13688","1970","2","6","South America","Brazil","Rio de Janeiro","Itatiaia, Parque Nacional, Maromba.",NA,NA,NA,NA,NA,NA,NA,"1500.00000000",NA,NA,NA,NA,NA,NA,NA,NA,NA,"1",NA,NA,NA
"46","2008-05-27 22:02:00-03","MO","MOBOT","1446371","PreservedSpecimen","Plantae",NA,NA,"Cyperaceae","Scleria","virgata","Scleria virgata","Steud.","G. Davidse, 1999 (MO)","D.A. Folli","Folli 2406","1994","8","25","South America","Brazil","Espírito Santo","Linhares; Reserva Florestal de Linhares. Capim em beira de brejo, próximo a Lagoa do Sabiá em Canto Mata Ciliar; selva.",NA,NA,NA,NA,NA,NA,NA,NA,NA,NA,NA,NA,NA,NA,NA,NA,NA,NA,NA,NA,NA
"47","2012-10-02 16:16:00-03","MO","MOBOT","2254634","PreservedSpecimen","Plantae",NA,NA,"Cyperaceae","Scleria","virgata","Scleria virgata","Steud.",NA,"Rosa Guaglianone|S. Gattuso","Guaglianone 2504","1990","9","27","South America","Argentina","Misiones","Parque Nacional Iguazú","-54.45","-25.6833333",NA,NA,NA,NA,"Iguazú",NA,NA,NA,NA,NA,NA,NA,NA,NA,NA,"1",NA,NA,NA
"48","2012-10-03 10:35:00-03","MO","MOBOT","2295304","PreservedSpecimen","Plantae",NA,NA,"Cyperaceae","Scleria","virgata","Scleria virgata","Steud.",NA,"Ricardo O. Vanni|et al.","Vanni 3156","1993","12","2","South America","Argentina","Misiones","Parque Nacional Iguazú","-54.45","-25.6833333",NA,NA,NA,NA,"Iguazú",NA,NA,NA,NA,NA,NA,NA,NA,NA,NA,"1",NA,NA,NA
"49","2012-10-05 16:12:00-03","MO","MOBOT","2430453","PreservedSpecimen","Plantae",NA,NA,"Cyperaceae","Scleria","virgata","Scleria virgata","Steud.",NA,"O. Ahumada","Ahumada 6658","1993","12","17","South America","Argentina","Misiones","Parque Nacional Iguazú","-54.45","-25.6833333",NA,NA,NA,NA,"Iguazú",NA,NA,NA,NA,NA,NA,NA,NA,NA,NA,"1",NA,NA,NA
"50","2009-07-31 17:15:00-03","MO","MOBOT","2905359","PreservedSpecimen","Plantae",NA,NA,"Cyperaceae","Scleria","virgata","Scleria virgata","Steud.","W. Thomas","Howard S. Irwin|H. Maxwell|Dieter C. Wasshausen","Irwin 20762","1968","2","24","South America","Brazil","Minas Gerais","Shade. Disturbed slope forest. Serra do Espinhaço, at Lapinha, ca. 18 km N. of Sêrro on road (MG 2) to Diamantina.",NA,NA,NA,NA,NA,NA,NA,"1200.00000000",NA,NA,NA,NA,NA,NA,NA,NA,NA,NA,NA,NA,NA
"51","2008-05-27 22:02:00-03","MO","MOBOT","3136814","PreservedSpecimen","Plantae",NA,NA,"Cyperaceae","Scleria","virgata","Scleria virgata","Steud.",NA,"W. Wayt Thomas","Thomas 10371","1994","2","12","South America","Brazil","Bahia","Mun. Ilhéus. 6.1 km west of Olivença on road to Maruim. Restinga forest, somewhat disturbed.","-39.03527","-14.97777",NA,NA,NA,NA,NA,NA,NA,NA,NA,NA,NA,NA,NA,NA,NA,NA,NA,NA,NA
"52","2019-02-19 04:30:00-03","MO","MOBOT","3136815","PreservedSpecimen","Plantae",NA,NA,"Cyperaceae","Scleria","virgata","Scleria virgata","Steud.",NA,"C.F.P. Martius","Martius s.n.","1817",NA,NA,"South America","Brazil",NA,NA,NA,NA,NA,NA,NA,NA,NA,NA,NA,NA,NA,NA,NA,NA,NA,NA,NA,NA,NA,NA,NA
"53","2008-05-27 22:02:00-03","MO","MOBOT","3136817","PreservedSpecimen","Plantae",NA,NA,"Cyperaceae","Scleria","virgata","Scleria virgata","Steud.","W. Thomas","W. Wayt Thomas","Thomas 10383","1994","2","14","South America","Brazil","Bahia","Mun. Ilhéus. 19.8 km west of Olivença on road to Vila Brasil. Disturbed restinga forest.","-39.11333","-14.96416",NA,NA,NA,NA,NA,NA,NA,NA,NA,NA,NA,NA,NA,NA,NA,NA,NA,NA,NA
"54","2018-09-12 14:48:07-03","UNIOESTE","UNOP","5143","S","Plantae",NA,NA,"Cyperaceae","Scleria","virgata","Scleria virgata","(Nees) Steud.","Araújo, A.C.","Caxambu, M.G.; et al.; et al.","1887","2007","04","03",NA,"Brasil","Paraná","Buraco do Padre .","-49.969467","-25.173617",NA,"Erva ciófila. Em barranco. - Relevo: suave-ondulado - Vegetação: Estepe (Campos Gerais).",NA,NA,"Ponta Grossa","878","878","2008","05","-49.969467","-25.173617",NA,NA,NA,NA,NA,NA,NA,NA
"55","2020-07-10 09:45:36-03","MBML","MBML-HERBARIO","16204",NA,"Plantae",NA,NA,"Cyperaceae","Scleria","virgata","Scleria virgata","Steud.","W. Thomas/2016","L. Kollmann; et al","5555","2002","02","19",NA,"Brasil","Espírito Santo","Reserva Biológica Augusto Ruschi - Nova Lombardia","-40.553056","-19.9075",NA,"Capoeirão. Erva 3m. Frutos verdes.","MBML016204","MBML016204","Santa Teresa",NA,NA,NA,NA,"40W33'11","19S54'27",NA,NA,NA,NA,NA,NA,NA,NA
"56","2020-07-10 09:45:36-03","MBML","MBML-HERBARIO","18980",NA,"Plantae",NA,NA,"Cyperaceae","Scleria","virgata","Scleria virgata","Steud.","W. Thomas/2016","L. Kollmann","5854","2002","12","16",NA,"Brasil","Espírito Santo","Rio Nove","-40.645833","-19.981944",NA,"Planta 4m. Brácteas avermelhadas.","MBML018980","MBML018980","Santa Maria de Jetibá",NA,NA,NA,NA,"40W38'45","19S58'55",NA,NA,NA,NA,NA,NA,NA,NA
"57","2021-02-25 10:11:32-03","CVRD","CVRD","1348","PreservedSpecimen","Plantae","Magnoliophyta","Poales","Cyperaceae","Scleria","virgata","Scleria virgata","Steud.","Wayt Thomas","Sobral, M.","4650","1988","03","23","América do Sul","BRASIL","ES","Erva em beira de mata.","-40.0722007751465","-19.3910999298096",NA,"<ll>dwc_commonname:</ll> Junco de cobra","CVRD001348",NA,"Linhares",NA,NA,"1995","12",NA,NA,"48094","auto","16",NA,NA,"Liliopsida",NA,NA
"58","2021-02-25 10:11:32-03","CVRD","CVRD","5043","PreservedSpecimen","Plantae","Magnoliophyta","Poales","Cyperaceae","Scleria","virgata","Scleria virgata","Steud.","Gerrit Davidse","Folli, D.A.","2406","1994","10","25","América do Sul","BRASIL","ES","Capim em beira do brejo, próximo a Lagoa do Sabiá em Canto Grande.","-40.0722007751465","-19.3910999298096",NA,"<ll>dwc_commonname:</ll> Junco de cobra","CVRD005043","CVRD005043","Linhares",NA,NA,"2001","06",NA,NA,"48094","auto","25",NA,NA,"Liliopsida",NA,NA
"59","2021-02-25 10:11:32-03","CVRD","CVRD","4433","PreservedSpecimen","Plantae","Magnoliophyta","Poales","Cyperaceae","Scleria","virgata","Scleria virgata","Steud.","Domingos A. Folli","Folli, D.A.","1890","1993","06","06","América do Sul","BRASIL","ES","Próximo ao aceiro. Canto Grande.","-40.0722007751465","-19.3910999298096",NA,"<ll>dwc_commonname:</ll> Junco de cobra","CVRD004433",NA,"Linhares",NA,NA,"2004","04",NA,NA,"48094","auto","26",NA,NA,"Liliopsida",NA,NA
"60","2021-03-01 11:55:59-03","UFPE","UFP","27835","PreservedSpecimen","Plantae",NA,"Poales","Cyperaceae","Scleria","virgata","Scleria virgata","Steud.",NA,"Alves, M; Araújo, A; Thomas W.; Jardim J.; Santana S.; Torke, EB","1908","2000","02","02",NA,"Brasil","Bahia",NA,"-39.0147018432617","-14.103099822998",NA,"Planta com rizoma tuberoso, aquenios brancos.; Planta com rizoma tuberoso, aquenios brancos.","UFP027835",NA,"Maraú",NA,NA,NA,NA,NA,NA,"47076","auto",NA,NA,NA,NA,NA,NA
"61","2020-09-25 10:43:22-03","UFPE","UFP","10652","PreservedSpecimen","Plantae",NA,"Poales","Cyperaceae","Scleria","virgata","Scleria virgata","Steud.","Luceño, M","Vanzela, ALL","02","1994","07","16",NA,"Brasil","São Paulo",NA,"-48.5900001525879","-24.5799999237061",NA,NA,"UFP010652",NA,"Iporanga",NA,NA,"1994","10",NA,NA,"38740","auto",NA,NA,NA,NA,NA,NA
"62","2021-03-01 11:55:59-03","UFPE","UFP","37710","PreservedSpecimen","Plantae",NA,"Poales","Cyperaceae","Scleria","virgata","Scleria virgata","Steud.","Araújo, AC","D.A.Folli","1890","1993","06","06",NA,"Brasil","Espírito Santo",NA,"-40.0722007751465","-19.3910999298096",NA,"Terrestre, herbáceo. Botão verde claro. Flor branca. Exsudação incolor. Fruto maduro e imaturo verdes claro.; Terrestre, herbáceo. Botão verde claro. Flor branca. Exsudação incolor. Fruto maduro e imaturo verdes claro.","UFP037710",NA,"Linhares",NA,NA,"2007",NA,NA,NA,"48094","auto",NA,NA,NA,NA,NA,NA
"63","2020-09-12 05:00:02-03","US","US","3356764","PreservedSpecimen","Plantae",NA,"Cyperales","Cyperaceae","Scleria","virgata","Scleria virgata","(Nees) Steud.",NA,"H. S. Irwin, H. Maxwell & D. C. Wasshausen","20762","1968","2","24","South America - Neotropics","Brazil","Minas Gerais","Planalto do Brasil, Serra do Espinhaco. Slope forest, Serra do Espinhaco, at Lapinha, Minas Gerais, ca. 18km N. of Serro on road (MG 2) to Diamantina.",NA,NA,NA,NA,"US02099354","US02099354_01",NA,"1200",NA,NA,NA,NA,NA,NA,NA,NA,NA,"1","Monocotyledonae",NA,NA
"64","2020-09-12 05:00:02-03","US","US","3239250","PreservedSpecimen","Plantae",NA,"Cyperales","Cyperaceae","Scleria","virgata","Scleria virgata","(Nees) Steud.",NA,"W. W. Thomas, A. Carvalho & L. Clark","10383","1994","2","14","South America - Neotropics","Brazil","Bahia","Mun. Ilhues. 19.8 km west of Olivenca on road to Vila Brasil.","-39.1133","-14.9642",NA,NA,"US02099351","US02099351_01",NA,NA,NA,NA,NA,NA,NA,NA,NA,NA,NA,"1","Monocotyledonae",NA,NA
"65","2020-09-12 05:00:02-03","US","US","3278425","PreservedSpecimen","Plantae",NA,"Cyperales","Cyperaceae","Scleria","virgata","Scleria virgata","(Nees) Steud.",NA,"W. W. Thomas, J. R. Pirani, J. Kallunki & I. Cordeiro","10371","1994","2","12","South America - Neotropics","Brazil","Bahia","Mun. Ilheus. 6.1 km west of Olivenca on road to Maruim.","-39.0353","-14.9778",NA,NA,"US02099352","US02099352_01",NA,NA,NA,NA,NA,NA,NA,NA,NA,NA,NA,"1","Monocotyledonae",NA,NA
"66","2020-09-12 05:00:02-03","US","US","3305951","PreservedSpecimen","Plantae",NA,"Cyperales","Cyperaceae","Scleria","virgata","Scleria virgata","(Nees) Steud.",NA,"W. W. Thomas, A. M. Amorim & P. Gasson","8999","1992","2","1","South America - Neotropics","Brazil","Bahia","Mun. Ilheus. Road from Olivenca to Serra das Trempes, 6 km from Olivenca. Atlantic coast forest.",NA,NA,NA,NA,"US02099353","US02099353_01",NA,NA,NA,NA,NA,NA,NA,NA,NA,NA,NA,"1","Monocotyledonae",NA,NA
"67","2019-11-13 11:18:56-03","USP","SPF","165251","PreservedSpecimen","Plantae",NA,NA,"Cyperaceae","Scleria","virgata","Scleria virgata","(Nees) Steud.","Guaglianone, ER","Guaglianone, ER","2133","1988","12","09","Southern America","Argentina","Misiones","Parque Nacional Iguazú",NA,NA,NA,NA,"SPF00165251",NA,NA,NA,NA,"1989",NA,NA,NA,NA,NA,NA,NA,NA,NA,NA,NA
"68","2019-11-13 11:18:56-03","USP","SPF","110459","PreservedSpecimen","Plantae",NA,NA,"Cyperaceae","Scleria","virgata","Scleria virgata","(Nees) Steud.","Anônimo","Souza, VC","9149","1995","09","05",NA,"Brasil","São Paulo","Cachoeira do Sapatu.","-48.0999984741211","-24.5200004577637",NA,NA,"SPF00110459",NA,"Eldorado",NA,NA,NA,NA,NA,NA,"38804","auto",NA,NA,NA,NA,NA,NA
"69","2019-11-13 11:18:56-03","USP","SPF","106531","PreservedSpecimen","Plantae",NA,NA,"Cyperaceae","Scleria","virgata","Scleria virgata","(Nees) Steud.","Anônimo","Sano, PT","127","1995","06","03",NA,"Brasil","São Paulo","Fazenda Itaporan.","-44.7700004577637","-22.5300006866455",NA,NA,"SPF00106531",NA,"Queluz","1100","1100",NA,NA,NA,NA,"14382","auto",NA,NA,NA,NA,NA,NA
"70","2019-09-04 19:55:06-03","F","FMNH-SEEDPLANTS",NA,"PreservedSpecimen","Plantae","Spermatophyta",NA,"Cyperaceae","Hypoporum","virgatum","Hypoporum virgatum",NA,NA,"C. F. P. von Martius",NA,NA,NA,NA,"South America","Brazil",NA,NA,"-52.8731","-10.8339",NA,NA,NA,NA,NA,NA,NA,NA,NA,NA,NA,NA,NA,NA,NA,NA,"Monocotyledoneae","Type [status unknown]",NA
"71","2020-07-23 12:04:46-03","CEPLAC","CEPEC","106978","PreservedSpecimen","Plantae",NA,NA,"Cyperaceae","Scleria","virgata","Scleria virgata",NA,"W. W. Thomas","A. M. Amorim","4608","2004","12","29",NA,"Brasil","Bahia","Estrada Itanhaém a Batinga, c.a 16Km. Ramal a direita, dando acesso a Faz. Pedra Grande, de Prop. Etevaldo R. da Silva.","-40.426111","-17.138056",NA,NA,NA,NA,"ITANHAÉM",NA,NA,NA,NA,"40W25'34","17S8'17",NA,NA,NA,NA,NA,NA,NA,"30/12/2006"
"72","2020-07-23 12:04:46-03","CEPLAC","CEPEC","106765","PreservedSpecimen","Plantae",NA,NA,"Cyperaceae","Scleria","virgata","Scleria virgata",NA,"W. W. Thomas","A. M. Amorim","4256","2004","08","18",NA,"Brasil","Bahia","Estação Ecológica do pau-brasil. (ESPAB).","-39.202222","-16.419167",NA,NA,NA,NA,"PORTO SEGURO",NA,NA,NA,NA,"39W12'8","16S25'9",NA,NA,NA,NA,NA,NA,NA,"30/12/2006"
"73","2020-07-23 12:04:46-03","CEPLAC","CEPEC","111785","PreservedSpecimen","Plantae",NA,NA,"Cyperaceae","Scleria","virgata","Scleria virgata",NA,"W. W. Thomas","Amorim, A. M.","5890","2006","04","22",NA,"Brasil","Minas Gerais","Povoado de Talismã, Fazenda Duas Barras, Reserva Alto Cariri. Trilha do sul que sai em Santa Maria do Salto.","-40.054444","-16.403611",NA,"Material em sílica-gel. Foto: W. Thomas.",NA,NA,"SANTA MARIA DO SALTO","950","950",NA,NA,"40W3'16","16S24'13",NA,NA,NA,NA,NA,NA,NA,NA
"74","2020-07-23 12:04:46-03","CEPLAC","CEPEC","120770","PreservedSpecimen","Plantae",NA,NA,"Cyperaceae","Scleria","virgata","Scleria virgata",NA,"W. W. Thomas","W. W. Thomas","14494","2005","04","28",NA,"Brasil","Bahia","Fazenda Palmeiras, 7.5Km W BR-101 (e Ventania, 5Km N Rio Jequitinhonha) na Rod. p/ Caiubí, depois 4-5Km ao S.","-39.632222","-15.920556",NA,NA,NA,NA,"ITAPEBÍ",NA,NA,NA,NA,"39W37'56","15S55'14",NA,NA,NA,NA,NA,NA,NA,NA
"75","2020-07-23 12:04:46-03","CEPLAC","CEPEC","126669","PreservedSpecimen","Plantae",NA,NA,"Cyperaceae","Scleria","virgata","Scleria virgata",NA,"W. W. Thomas","Daneu, L.","177","2009","09","22",NA,"Brasil","Bahia","Parque Nacional do Pau Brasil.","-39.25","-16.5",NA,NA,NA,NA,"PORTO SEGURO","100","100",NA,NA,"39W15'","16S30'",NA,NA,NA,NA,NA,NA,NA,NA
"76","2020-07-23 12:04:46-03","CEPLAC","CEPEC","140912","PreservedSpecimen","Plantae",NA,NA,"Cyperaceae","Scleria","virgata","Scleria virgata",NA,"W. W. Thomas","Marinho, L.C.","678","2014","02","16",NA,"Brasil","Bahia","Serra ao lado do Morro do Pescoço, entrando pela Faz. Novo Horizonte e passando pela propriedade do Sr. Ailton.","-39.583333","-16.983333",NA,"Tratado com álcool.",NA,NA,"ITAMARAJÚ",NA,NA,NA,NA,"39W35'","16S59'",NA,NA,NA,NA,NA,NA,NA,NA
"77","2020-07-23 12:04:46-03","CEPLAC","CEPEC","55106","PreservedSpecimen","Plantae",NA,NA,"Cyperaceae","Scleria","virgata","Scleria virgata",NA,"W. W. Thomas","W. W. Thomas","8999","1992","02","01",NA,"Brasil","Bahia","6Km da Rod. Olivença/Serra das Trempes.","-39.05","-14.983333",NA,NA,NA,NA,"ILHÉUS",NA,NA,NA,NA,"39W3'","14S59'",NA,NA,NA,NA,NA,NA,NA,"28/02/2000"
"78","2020-07-23 12:04:46-03","CEPLAC","CEPEC","55605","PreservedSpecimen","Plantae",NA,NA,"Cyperaceae","Scleria","virgata","Scleria virgata",NA,"W. W. Thomas","W. W. Thomas","9259","1998","10","17",NA,"Brasil","Bahia","3Km ao W de Nova Esperança, ao W da Res. Estadual da cidade.","-39.716667","-13.6",NA,NA,NA,NA,"WENCESLAU GUIMARÃES",NA,NA,NA,NA,"39W43'","13S36'",NA,NA,NA,NA,NA,NA,NA,"28/02/2000"
"79","2020-07-23 12:04:46-03","CEPLAC","CEPEC","61492","PreservedSpecimen","Plantae",NA,NA,"Cyperaceae","Scleria","virgata","Scleria virgata",NA,"W. W. Thomas","W. W. Thomas","10383","1965","07","17",NA,"Brasil","Bahia","19.8Km ao W de Olivença, Rod. p/ Vila Brasil.","-39.113333","-14.964167",NA,NA,NA,NA,"ILHÉUS",NA,NA,NA,NA,"39W6'48","14S57'51",NA,NA,NA,NA,NA,NA,NA,"28/02/2000"
"80","2020-07-23 12:04:46-03","CEPLAC","CEPEC","61521","PreservedSpecimen","Plantae",NA,NA,"Cyperaceae","Scleria","virgata","Scleria virgata",NA,"W. W. Thomas","W. W. Thomas","10371","1994","02","12",NA,"Brasil","Bahia","6.1m ao W de Olivença, Rod. p/ Maruim.","-39.035278","-14.977778",NA,NA,NA,NA,"ILHÉUS",NA,NA,NA,NA,"39W2'7","14S58'40",NA,NA,NA,NA,NA,NA,NA,"28/02/2000"
"81","2020-07-23 12:04:46-03","CEPLAC","CEPEC","84126","PreservedSpecimen","Plantae",NA,NA,"Cyperaceae","Scleria","virgata","Scleria virgata",NA,"M. Alves","M. Alves","1908","2002","02","02",NA,"Brasil","Bahia","3Km na estrada Marau/Saquaíra.","-38.925278","-14.106111",NA,NA,NA,NA,"MARAÚ",NA,NA,NA,NA,"38W55'31","14S6'22",NA,NA,NA,NA,NA,NA,NA,"30/12/2000"
"82","2020-07-23 12:04:46-03","CEPLAC","CEPEC","85318","PreservedSpecimen","Plantae",NA,NA,"Cyperaceae","Scleria","virgata","Scleria virgata",NA,"W. W. Thomas","M. Alves","1868","2000","02","01",NA,"Brasil","Bahia","BR-030, Km 33,5 a leste de Ubaitaba.","-39.126389","-14.236111",NA,"rizoma curtíssimo",NA,NA,"MARAÚ",NA,NA,NA,NA,"39W7'35","14S14'10",NA,NA,NA,NA,NA,NA,NA,"30/12/2007"
"83","2020-07-23 12:04:46-03","CEPLAC","CEPEC","99780","PreservedSpecimen","Plantae",NA,NA,"Cyperaceae","Scleria","virgata","Scleria virgata",NA,"W. W. Thomas","W. W. Thomas","13472","2003","03","22",NA,"Brasil","Bahia","6.6Km ao SW de Olivença, Rod. p/ Maruim, depois 2.1Km ao S da Rodovia.","-39.021111","-14.982222",NA,NA,NA,NA,"ILHÉUS",NA,NA,NA,NA,"39W1'16","14S58'56",NA,NA,NA,NA,NA,NA,NA,"30/12/2006"
"84","2020-07-23 12:04:46-03","CEPLAC","CEPEC","31150","PreservedSpecimen","Plantae",NA,NA,"Cyperaceae","Scleria","virgata","Scleria virgata",NA,"W. W. Thomas","L. A. Mattos-Silva","1689","1993","01","31",NA,"Brasil","Bahia","Ramal liga a Est. Hidromineral de Olivença/Vila Brasil, Km 6.","-39.0494003295898","-14.7889003753662",NA,NA,NA,NA,"ILHÉUS",NA,NA,NA,NA,NA,NA,"61245","auto",NA,NA,NA,NA,NA,"28/02/2000"
"85","2019-11-01 15:14:42-03","UnB","UB",NA,"PreservedSpecimen","Plantae","Monocotyledonae",NA,"Cyperaceae","Scleria","virgata","Scleria virgata","(Nees) Steud.","Eiten, LT","Schwacke","41830",NA,NA,NA,"Southern America","Brasil",NA,NA,NA,NA,NA,NA,"UB0012089","UB0012089 UB0012089_1",NA,NA,NA,"1972",NA,NA,NA,NA,NA,NA,NA,NA,NA,NA,NA
"86","2019-11-01 15:14:42-03","UnB","UB",NA,"PreservedSpecimen","Plantae","Monocotyledonae",NA,"Cyperaceae","Scleria","virgata","Scleria virgata","(Nees) Steud.","Thomas, W","Irwin, HS; Maxwell, H; Wasshausen, DC","20762","1968","02","24","Southern America","Brasil","Minas Gerais","Serra do Espinhaço, at Lapinha, Minas Gerais, ca. 18 km N of Sêrro on road (MG 2) to Diamantina",NA,NA,NA,"Culms to ca. 2 m tall; Shade. Disturbed slope forest","UB0012088","UB0012088",NA,"1200","1200","1994",NA,NA,NA,NA,NA,NA,NA,NA,NA,NA,NA
"87","2019-11-01 15:14:42-03","UnB","UB",NA,"PreservedSpecimen","Plantae","Monocotyledonae",NA,"Cyperaceae","Scleria","virgata","Scleria virgata","(Nees) Steud.","Schneider, L","Vieira, JN","39","1950","09",NA,"Southern America","Brasil","Espírito Santo","Norte do Rio Doce",NA,NA,NA,"Em mata do Rio São Gabriel","UB0012099","UB0012099",NA,NA,NA,NA,NA,NA,NA,NA,NA,NA,NA,NA,NA,NA,NA
"88","2019-11-01 15:14:42-03","UnB","UB",NA,"PreservedSpecimen","Plantae","Monocotyledonae",NA,"Cyperaceae","Scleria","virgata","Scleria virgata","(Nees) Steud.","Schneider, L","Irwin, HS; Harley, RM; Onishi, E","29172","1971","01","26","Southern America","Brasil","Minas Gerais","Base of Serra da Caraça",NA,NA,NA,"Arching, to ca. 2.5 m long; Shaded thickets. Wooded valley","UB0012141","UB0012141",NA,"1500","1750","2018","11",NA,NA,NA,NA,NA,NA,NA,NA,NA,NA
"89","2019-11-01 15:14:42-03","UnB","UB","181664","PreservedSpecimen","Plantae","Monocotyledonae",NA,"Cyperaceae","Scleria","virgata","Scleria virgata","(Nees) Steud.","Schneider, L","Eiten, G; Eiten, LT","6447","1965","10",NA,"Southern America","Brasil","Rio de Janeiro","Itatiaia National Park. At. ''Maromba'', along path to waterfalls.","-44.4467010498047","-22.468900680542",NA,"All specimens of this nº taken from one clump.; Well-developed secondary forest in narrow creek valley.","UB0012413","UB0012413","Resende","1150","1150","2018","11",NA,NA,"36089","auto",NA,NA,NA,NA,NA,NA
"90","2019-11-01 15:14:42-03","UnB","UB",NA,"PreservedSpecimen","Plantae","Monocotyledonae",NA,"Cyperaceae","Scleria","virgata","Scleria virgata","(Nees) Steud.","Schneider, L","Brade, AC; Duarte, AP","18058","1946","05","10","Southern America","Brasil","Espírito Santo","Alto Limoeiro","-40.855598449707","-19.8019008636475",NA,NA,"UB0012098","UB0012098","Itaguaçu",NA,NA,"2018","11",NA,NA,"26990","auto",NA,NA,NA,NA,NA,NA
"91","2019-11-01 15:14:42-03","UnB","UB",NA,"PreservedSpecimen","Plantae","Monocotyledonae",NA,"Cyperaceae","Scleria","virgata","Scleria virgata","(Nees) Steud.","Schneider, L","Góes, OC; Dionísio","1090","1973","12",NA,"Southern America","Brasil","Rio de Janeiro","Retiro","-43.1786003112793","-22.5049991607666",NA,"Ambiente úmido","UB0012104","UB0012104","Petrópolis",NA,NA,"2018","11",NA,NA,"36524","auto",NA,NA,NA,NA,NA,NA
"92","2018-02-26 18:32:17-03","UFMT","UFMT","28274","S","Plantae",NA,NA,"Cyperaceae","Scleria","trigonocarpa","Scleria trigonocarpa","(Nees) Steud.","Souza, V.C.","Souza, V.C.; Souza, J.P.; Duarte, A.R.; Miyagi, P.H.","17623","1997","06","09",NA,"Brasil","Mato Grosso","Beira do Córrego Falcão. 65 Km NE ( em linha reta) de Tapurah. Estrada para Projeto Ipiranga.","-56.1","-12.283333",NA,"Erva, ca. 1,5 m de altura, epsiguetas castanhas.; Mata ciliar.",NA,NA,"Tapurah",NA,NA,"1998",NA,"-56.1","-12.283333",NA,NA,NA,NA,NA,NA,NA,NA
"93","2018-02-26 18:32:17-03","UFMT","UFMT","28273","S","Plantae",NA,NA,"Cyperaceae","Scleria","trigonocarpa","Scleria trigonocarpa","(Nees) Steud.","Souza, V.C.","Souza, V.C.; Souza, J.P.; Duarte, A.R.; Miyagi, P.H.","18181","1997","06","14",NA,"Brasil","Mato Grosso","Fazenda Arinos.","-56.5","-13.866667",NA,"Erva, ca. 1,5 m de altura, epsiguetas verdes.; Floretsa ciliar.",NA,NA,"São José do Rio Claro",NA,NA,"1998",NA,"-56.5","-13.866667",NA,NA,NA,NA,NA,NA,NA,NA
"94","2021-02-08 12:51:44-03","UFRGS","ICN","131550","S","Plantae","Monocotyledon",NA,"Cyperaceae","Scleria","cf. virgata","Scleria cf. virgata","(Nees) Steud.",NA,"Longhi-Wagner, HM","3954","1997","02","25","América do Sul","Brasil","GO","estrada para São Jorge","-47.5099983215332","-14.1324996948242",NA,"campo úmido arenoso, brejoso","ICN00010726","ICN00010726","Alto Paraíso de Goiás",NA,NA,NA,NA,NA,NA,"44724","auto",NA,NA,NA,NA,NA,NA
"95","2021-02-08 12:51:47-03","UFRGS","ICN","153749","S","Plantae","Monocotyledon",NA,"Cyperaceae","Scleria","virgata","Scleria virgata","Steud.","Araujo, AC","Caxambu, MG; et al.","1887","2007","04","03","América do Sul","Brasil","PR","Buraco do Padre","-50.1618995666504","-25.0949993133545",NA,"Doação do herbário HCF; Erva ciófila.; Em barranco. Relevo: ondulado. Vegetação: Estepe (campos gerais). Latitude: 25°10' 25, 2'' S. Longitude: 49°58' 10,8'' W.","ICN00010725","ICN00010725 ICN00010725_1","Ponta Grossa","878","878",NA,NA,NA,NA,"46557","auto",NA,NA,NA,NA,NA,NA
"96","2021-02-08 12:51:47-03","UFRGS","ICN","066828","S","Plantae","Monocotyledon",NA,"Cyperaceae","Scleria","virgata","Scleria virgata","Steud.","Araújo, AC","Sobral, M","4650",NA,NA,NA,"América do Sul","Brasil","ES","Reserva de Florestas Rio Doce","-40.0722007751465","-19.3910999298096",NA,"Erva, frutos maduros brancos.; Em beira de mato.","ICN00010724","ICN00010724","Linhares",NA,NA,NA,NA,NA,NA,"48094","auto",NA,NA,NA,NA,NA,NA
"97","2020-10-08 08:53:10-03","IBt","SP","338012","S","Plantae",NA,NA,"Cyperaceae","Scleria","virgata","Scleria virgata","Steud.",NA,"Martinelli, G","10860","1985","05","07",NA,"Brasil","Espírito Santo",NA,"-40.6591987609863","-20.3633003234863",NA,NA,NA,NA,"Domingos Martins",NA,NA,NA,NA,NA,NA,"48150","auto",NA,NA,NA,NA,NA,NA
"98","2021-01-11 11:19:59-03","IBt","SP","474063","S","Plantae",NA,NA,"Cyperaceae","Scleria","virgata","Scleria virgata","Steud.",NA,"Hatschbach, G","40870","1978","01","24",NA,"Brasil","Minas Gerais",NA,"-43.6002998352051","-18.2493991851807",NA,NA,NA,NA,"Diamantina",NA,NA,NA,NA,NA,NA,"101169","auto",NA,NA,NA,NA,NA,NA
"99","2019-11-21 10:03:33-03","IBt","SP","205549","S","Plantae",NA,NA,"Cyperaceae","Scleria","virgata","Scleria virgata","Steud.","Muniz, CFS","Koyama, T; Koyama, M; Windisch, PG","13688","1970","02","06",NA,"Brasil","Rio de Janeiro","Parque Nacional do Itatiaia","-44.5633010864258","-22.4960994720459",NA,NA,NA,NA,"Itatiaia","1500","1500",NA,NA,NA,NA,"19648","auto",NA,NA,NA,NA,NA,NA
"100","2020-07-16 10:05:36-03","IBt","SP","290516","S","Plantae",NA,NA,"Cyperaceae","Scleria","virgata","Scleria virgata","Steud.",NA,"Souza, VC","9149","1995","09","05",NA,"Brasil","São Paulo",NA,"-48.0999984741211","-24.5200004577637",NA,NA,NA,NA,"Eldorado",NA,NA,NA,NA,NA,NA,"38804","auto",NA,NA,NA,NA,NA,NA
"101","2020-07-02 08:40:07-03","IBt","SP","286684","S","Plantae",NA,NA,"Cyperaceae","Scleria","virgata","Scleria virgata","Steud.",NA,"Souza, VC","8999","1995","09","03",NA,"Brasil","São Paulo","Parque Estadual de Jacupiranga","-48.0999984741211","-24.5200004577637",NA,NA,NA,NA,"Eldorado",NA,NA,NA,NA,NA,NA,"38804","auto",NA,NA,NA,NA,NA,NA
"102","2019-11-21 10:03:33-03","IBt","SP","198143","S","Plantae",NA,NA,"Cyperaceae","Scleria","virgata","Scleria virgata","Steud.",NA,"Forero, E","7691","1980","08","31",NA,"Brasil","São Paulo","Pontal da Lagoinha. Rodovia São Paulo - Ubatuba","-45.0699996948242","-23.4300003051758",NA,NA,NA,NA,"Ubatuba",NA,NA,NA,NA,NA,NA,"34265","auto",NA,NA,NA,NA,NA,NA
