"record_id","modified","institutionCode","collectionCode","catalogNumber","basisOfRecord","kingdom","family","genus","specificEpithet","scientificName","scientificNameAuthorship","identifiedBy","recordedBy","year","month","day","country","stateProvince","county","locality","decimalLongitude","decimalLatitude","verbatimLongitude","verbatimLatitude","barcode","imagecode","phylum","order","recordNumber","continentOcean","minimumElevationInMeters","maximumElevationInMeters","preparationType","occurrenceRemarks","class","yearIdentified","monthIdentified","dayIdentified","coordinatePrecision","geoFlag","typeStatus","individualCount","fieldNumber"
"1","2021-04-05 14:24:59-03","UNESC","CRI","7359","PreservedSpecimen","Plantae","Asteraceae","Pamphalea","araucariophila","Pamphalea araucariophila","Cabrera","J. L. Waechter","Robson dos Santos; Vanilde Citadini Zanette & Alexandre S. Klein","2001","11","18","Brasil","Santa Catarina","Praia Grande","Aparados da Serra.","-49.950556","-29.197222","49º57'2''W","29º11'50''S","CRI001125","CRI001125",NA,NA,NA,NA,NA,NA,NA,NA,NA,NA,NA,NA,NA,NA,NA,NA,NA
"2","2021-03-15 16:37:00-03","NY","NYBG","779216","PreservedSpecimen","Plantae","Asteraceae","Pamphalea","araucariophila","Pamphalea araucariophila","Cabrera","H. E. Robinson","R. A. Wasum","1999","10","11","Brazil","Rio Grande do Sul","Sao Francisco de Paula","Mun. Sao Francisco de Paula-Linha Sao Paulo","-50.5833","-29.4483",NA,NA,"NY00779216","NY00779216_01","Magnoliophyta","Asterales","168","South America","800","800","sheet","<a href='http://sweetgum.nybg.org/science/vh/specimen_details.php?irn=261091' target='other'> <mi>dwc_moreinfo</mi></a>",NA,NA,NA,NA,NA,NA,NA,NA,NA
"3","2021-03-15 16:37:00-03","NY","NYBG","779217","PreservedSpecimen","Plantae","Asteraceae","Pamphalea","araucariophila","Pamphalea araucariophila","Cabrera","M. Sobral","M. Sobral","1983","12",NA,"Brazil","Rio Grande do Sul","Cambará do Sul","Faxinal, Cambará do Sul","-50.143208","-29.047894",NA,NA,"NY00779217","NY00779217_01","Magnoliophyta","Asterales","2789","South America",NA,NA,"sheet","<a href='http://sweetgum.nybg.org/science/vh/specimen_details.php?irn=261090' target='other'> <mi>dwc_moreinfo</mi></a>",NA,NA,NA,NA,NA,NA,NA,NA,NA
"4","2021-02-18 09:28:53-03","UNESP-IBB","BOTU","11829","PreservedSpecimen","Plantae","Asteraceae","Pamphalea","araucariophila","Pamphalea araucariophila","Cabrera",NA,"Sobral, M.","1983","12",NA,"Brasil","Rio Grande do Sul","Faxinal","Cambará do Sul",NA,NA,"9999","9999","BOTU011829",NA,NA,NA,"2789",NA,NA,NA,NA,"Erva em interior de mata, capítulos amarelos",NA,NA,NA,NA,NA,NA,NA,NA,NA
"5","2019-02-15 11:34:24-02","IPA","IPA","89169","S","Plantae","Asteraceae","Pamphalea","araucariophila","Pamphalea araucariophila","Cabrera","Moraes, M.D. de","Moraes, M.D. de","2006","11","11","Brasil","Santa Catarina",NA,"24 km ao sul de Lages, margem de córrego.",NA,NA,NA,NA,"IPA0089169","IPA0089169","Plantae",NA,"830","Southern America",NA,NA,NA,"Flores brancas.; Matinha com araucarias, árvores com tillandsia usneoides. Solo úmido com avencas e samambaias.",NA,NA,NA,NA,NA,NA,NA,NA,NA
"6","2019-08-27 13:27:45-03","IAP","PACA-AGP","62952","PreservedSpecimen","Plantae","Compositae","Pamphalea","araucariophila","Pamphalea araucariophila","Cabrera","Emrich-Rambo","Camargo, O. R.","1958","01","20","Brasil","RS","Bom Jesus","Lageadinho","-50.4166984558105","-28.6678009033203",NA,NA,"PACA062952",NA,"Magnoliophyta","Asterales","3116",NA,NA,NA,NA,"VULNERÁVEL Habitat: in araucarieto Fenofase: flor","Magnoliatae","1958","09","24","55856","auto",NA,NA,NA
"7","2019-08-27 13:27:45-03","IAP","PACA-AGP","99440","PreservedSpecimen","Plantae","Compositae","Pamphalea","araucariophila","Pamphalea araucariophila","Cabrera","N.I. Matzembacher","Bottega kerber, K.T.","2004","12","20","Brasil","RS","Cambará do Sul","Parque Nacional dos Aparados da Serra","-50.133333","-29.033333","50°08'W","29°02'S","PACA099440",NA,"Magnoliophyta","Asterales","57",NA,NA,NA,NA,"Hasu Habitat: terrestre","Magnoliatae","2005","07","11",NA,NA,NA,NA,NA
"8","2019-08-27 13:27:45-03","IAP","PACA-AGP","103079","PreservedSpecimen","Plantae","Compositae","Pamphalea","araucariophila","Pamphalea araucariophila","Cabrera",NA,"Kerber, K.T.B.","2005",NA,NA,"Brasil","RS","Cambará do Sul",NA,"-50.1446990966797","-29.0478000640869",NA,NA,"PACA103079",NA,"Magnoliophyta","Asterales","305",NA,NA,NA,NA,NA,"Magnoliatae",NA,NA,NA,"30776","auto",NA,NA,NA
"9","2019-08-27 13:27:45-03","IAP","PACA-AGP","51098","PreservedSpecimen","Plantae","Compositae","Pamphalea","araucariophila","Pamphalea araucariophila","Cabrera","Emrich-Rambo","Sehnem, A.","1951","01","13","Brasil","RS","Garibaldi","Salto Ventoso","-51.5335998535156","-29.2560997009277",NA,NA,"PACA051098",NA,"Magnoliophyta","Asterales","5555",NA,NA,NA,NA,"VULNERÁVEL Habitat: n rupestribus ad rivum Fenofase: flor","Magnoliatae","1954","07","05","25074","auto",NA,NA,NA
"10","2019-08-27 13:27:45-03","IAP","PACA-AGP","2183","PreservedSpecimen","Plantae","Compositae","Pamphalea","araucariophila","Pamphalea araucariophila","Cabrera","Emrich-Rambo","Rambo, B.","1935","12","27","Brasil","RS","Montenegro","Campestre","-51.4611015319824","-29.6886005401611",NA,NA,"PACA002183","PACA002183","Magnoliophyta","Asterales",NA,NA,NA,NA,NA,"VULNERÁVEL&nf;PARATYPUS. Habitat: in araucarieto ad aquam Fenofase: flor","Magnoliatae","1954","07","05","21601","auto","Paratipo",NA,NA
"11","2019-08-27 13:27:45-03","IAP","PACA-AGP","29813","PreservedSpecimen","Plantae","Compositae","Pamphalea","araucariophila","Pamphalea araucariophila","Cabrera","Emrich-Rambo","Rambo, B.","1935","12","27","Brasil","RS","Montenegro","Campestre","-51.4611015319824","-29.6886005401611",NA,NA,"PACA029813",NA,"Magnoliophyta","Asterales",NA,NA,NA,NA,NA,"VULNERÁVEL Habitat: in araucarieto ad aquam Fenofase: flor","Magnoliatae","1954","07","05","21601","auto",NA,NA,NA
"12","2019-08-27 13:27:45-03","IAP","PACA-AGP","4526","PreservedSpecimen","Plantae","Compositae","Pamphalea","araucariophila","Pamphalea araucariophila","Cabrera","Emrich-Rambo","Rambo, B.","1941","02","06","Brasil","RS","São Francisco de Paula","Cambará","-50.5835990905762","-29.4480991363525",NA,NA,"PACA004526",NA,"Magnoliophyta","Asterales",NA,NA,NA,NA,NA,"VULNERÁVEL Habitat: in araucarieto humido umbroso Fenofase: flor","Magnoliatae","1954","07","05","76715","auto",NA,NA,NA
"13","2019-08-27 13:27:45-03","IAP","PACA-AGP","54709","PreservedSpecimen","Plantae","Compositae","Pamphalea","araucariophila","Pamphalea araucariophila","Cabrera","Emrich-Rambo","Rambo, B.","1954","01","01","Brasil","RS","São Francisco de Paula","Fazenda Englert","-50.5835990905762","-29.4480991363525",NA,NA,"PACA054709",NA,"Magnoliophyta","Asterales",NA,NA,NA,NA,NA,"VULNERÁVEL&nf;SEM MATERIAL Habitat: ad rivum in subpaludosis Fenofase: flor","Magnoliatae","1954","07","05","76715","auto",NA,NA,NA
"14","2019-08-27 13:27:45-03","IAP","PACA-AGP","100265","PreservedSpecimen","Plantae","Compositae","Pamphalea","araucariophila","Pamphalea araucariophila","Cabrera","J. Mauhs","Mauhs, J.","1994","10","27","Brasil","RS","São Francisco de Paula","FLONA","-50.5835990905762","-29.4480991363525",NA,NA,"PACA100265",NA,"Magnoliophyta","Asterales",NA,NA,NA,NA,NA,"HASU 14191 Habitat: ambiente degradado Hábito: erva","Magnoliatae","2004",NA,NA,"76715","auto",NA,NA,NA
"15","2019-08-27 13:27:45-03","IAP","PACA-AGP","87445","PreservedSpecimen","Plantae","Compositae","Pamphalea","araucariophila","Pamphalea araucariophila","Cabrera","J. Mauhs","Mauhs, J.","1994","10","27","Brasil","RS","São Francisco de Paula","Floresta Nacional","-50.5835990905762","-29.4480991363525",NA,NA,"PACA087445",NA,"Magnoliophyta","Asterales",NA,NA,NA,NA,NA,"VULNERÁVEL&nf;HASU 14191 Habitat: em ambiente degradado","Magnoliatae",NA,NA,NA,"76715","auto",NA,NA,NA
"16","2019-08-27 13:27:45-03","IAP","PACA-AGP","56829","PreservedSpecimen","Plantae","Compositae","Pamphalea","araucariophila","Pamphalea araucariophila","Cabrera","Emrich-Rambo","Rambo, B.","1955","02","16","Brasil","RS","São Francisco de Paula","Taimbezinho","-50.5835990905762","-29.4480991363525",NA,NA,"PACA056829",NA,"Magnoliophyta","Asterales",NA,NA,NA,NA,NA,"VULNERÁVEL Habitat: in ipso barathro Fenofase: flor","Magnoliatae","1955","04","07","76715","auto",NA,NA,NA
"17","2019-08-27 13:27:45-03","IAP","PACA-AGP","4301","PreservedSpecimen","Plantae","Compositae","Pamphalea","araucariophila","Pamphalea araucariophila","Cabrera","Emrich-Rambo","Rambo, B.","1941","02","07","Brasil","RS","São Francisco de Paula","Taimbezinho","-50.5835990905762","-29.4480991363525",NA,NA,"PACA004301",NA,"Magnoliophyta","Asterales",NA,NA,NA,NA,NA,"VULNERÁVEL Habitat: in araucarieto humido umbroso Fenofase: flor","Magnoliatae","1954","07","05","76715","auto",NA,NA,NA
"18","2019-08-27 13:27:45-03","IAP","PACA-AGP","36269","PreservedSpecimen","Plantae","Compositae","Pamphalea","araucariophila","Pamphalea araucariophila","Cabrera","Emrich-Rambo","Rambo, B.","1948","02",NA,"Brasil","RS","São Francisco de Paula","Cambara","-50.5835990905762","-29.4480991363525",NA,NA,"PACA036269",NA,"Magnoliophyta","Asterales",NA,NA,NA,NA,NA,"VULNERÁVEL Habitat: in araucarieto humido umbroso Fenofase: flor","Magnoliatae","1954","07","05","76715","auto",NA,NA,NA
"19","2019-08-27 13:27:45-03","IAP","PACA-AGP","4286","PreservedSpecimen","Plantae","Compositae","Pamphalea","araucariophila","Pamphalea araucariophila","Cabrera","Emrich-Rambo","Rambo, B.","1941","02","08","Brasil","RS","São Francisco de Paula","Fazenda Englert","-50.5835990905762","-29.4480991363525",NA,NA,"PACA004286",NA,"Magnoliophyta","Asterales",NA,NA,NA,NA,NA,"VULNERÁVEL Habitat: in araucarieto humido umbroso Fenofase: flor","Magnoliatae","1954","08","05","76715","auto",NA,NA,NA
"20","2019-08-27 13:27:45-03","IAP","PACA-AGP","90810","PreservedSpecimen","Plantae","Compositae","Pamphalea","araucariophila","Pamphalea araucariophila","Cabrera","C. Mondin","Mauhs, J.","1993","11","06","Brasil","RS","São Francisco de Paula","FLONA","-50.5835990905762","-29.4480991363525",NA,NA,"PACA090810",NA,"Magnoliophyta","Asterales",NA,NA,NA,NA,NA,"capítulos brancos x amarelos. HASU 9879. Habitat: estrada entre mato nativo Hábito: erva","Magnoliatae","1994","06","09","76715","auto",NA,NA,NA
"21","2019-08-27 13:27:45-03","IAP","PACA-AGP","94184","PreservedSpecimen","Plantae","Compositae","Pamphalea","araucariophila","Pamphalea araucariophila","Cabrera","J. Mauhs","Mauhs, J.","2002","11","29","Brasil","RS","São Francisco de Paula","Floresta Nacional","-50.5835990905762","-29.4480991363525",NA,NA,"PACA094184",NA,"Magnoliophyta","Asterales",NA,NA,NA,NA,NA,"Habitat: Caminho entre mata com araucária","Magnoliatae","2002","12","29","76715","auto",NA,NA,NA
"22","2019-08-27 13:27:45-03","IAP","PACA-AGP","86030","PreservedSpecimen","Plantae","Compositae","Pamphalea","araucariophila","Pamphalea araucariophila","Cabrera","R.A. Wasum","R.A. Wasum","1995","12","14","Brasil","RS","São Francisco de Paula","Floresta Nacional","-50.5835990905762","-29.4480991363525",NA,NA,"PACA086030",NA,"Magnoliophyta","Asterales",NA,NA,"830","830",NA,"VULNERÁVEL&nf;HUCS 18658 Habitat: interior de mata","Magnoliatae",NA,NA,NA,"76715","auto",NA,NA,NA
"23","2019-08-27 13:27:45-03","IAP","PACA-AGP","49335","PreservedSpecimen","Plantae","Compositae","Pamphalea","araucariophila","Pamphalea araucariophila","Cabrera","Emrich-Rambo","Rambo, B.","1950","12","18","Brasil","RS","São Francisco de Paula","Taimbezinho","-50.5835990905762","-29.4480991363525",NA,NA,"PACA049335","PACA049335","Magnoliophyta","Asterales",NA,NA,NA,NA,NA,"VULNERÁVEL&nf;ISOTYPUS. Habitat: in araucarieto humido umbroso Fenofase: flor","Magnoliatae","1954","07","05","76715","auto","Isotipo",NA,NA
"24","2019-08-27 13:27:45-03","IAP","PACA-AGP","9299","PreservedSpecimen","Plantae","Compositae","Pamphalea","araucariophila","Pamphalea araucariophila","Cabrera","Emrich-Rambo","Rambo, B.","1942","01","25","Brasil","RS","Tupanciretã","p. Toropi","-53.8358001708984","-29.0806007385254",NA,NA,"PACA009299",NA,"Magnoliophyta","Asterales",NA,NA,NA,NA,NA,"VULNERÁVEL Habitat: ad flumen in humidis dumetosis Fenofase: flor","Magnoliatae","1954","07","05","59498","auto",NA,NA,NA
"25","2021-03-01 16:24:55-03","UNICAMP","UEC","192979","S","Plantae","Asteraceae","Pamphalea","araucariophila","Pamphalea araucariophila","Cabrera","Monge, M","Monge, M; Meyer, FS; Volet, DP","2014","04","20","Brazil","Rio Grande do Sul","Cambará do Sul","Parque Nacional Aparados da Serra. Próximo a sede do parque, pastagem entre a sede e o estacionamento. Próximo do início da fenda do canyon Itaimbezinho","-50.131944","-29.267306","-50.131944","-29.267306","UEC149180","UEC149180","Magnoliopsida",NA,"2878",NA,"954","954",NA,"Erva, ereta, 30 cm de altura, vegetativo.; Campo úmido.",NA,NA,NA,NA,NA,NA,NA,NA,NA
"26","2021-03-01 16:24:55-03","UNICAMP","UEC","192979","S","Plantae","Asteraceae","Pamphalea","araucariophila","Pamphalea araucariophila","Cabrera","Monge, M","Monge, M; Meyer, FS; Volet, DP","2014","04","20","Brazil","Rio Grande do Sul","Cambará do Sul","Parque Nacional Aparados da Serra. Próximo a sede do parque, pastagem entre a sede e o estacionamento. Próximo do início da fenda do canyon Itaimbezinho","-50.131944","-29.267306","-50.131944","-29.267306","UEC149180","UEC149180","Magnoliopsida",NA,"2878",NA,"954","954",NA,"Erva, ereta, 30 cm de altura, vegetativo.; Campo úmido.",NA,NA,NA,NA,NA,NA,NA,NA,NA
"27","2021-03-01 16:24:55-03","UNICAMP","UEC","192979","S","Plantae","Asteraceae","Pamphalea","araucariophila","Pamphalea araucariophila","Cabrera","Monge, M","Monge, M; Meyer, FS; Volet, DP","2014","04","20","Brazil","Rio Grande do Sul","Cambará do Sul","Parque Nacional Aparados da Serra. Próximo a sede do parque, pastagem entre a sede e o estacionamento. Próximo do início da fenda do canyon Itaimbezinho","-50.131944","-29.267306","-50.131944","-29.267306","UEC149180","UEC149180","Magnoliopsida",NA,"2878",NA,"954","954",NA,"Erva, ereta, 30 cm de altura, vegetativo.; Campo úmido.",NA,NA,NA,NA,NA,NA,NA,NA,NA
"28","2021-03-01 16:24:55-03","UNICAMP","UEC","144650","S","Plantae","Asteraceae","Pamphalea","araucariophila","Pamphalea araucariophila","Cabrera","Moraes, MD","Moraes, MD","2006","11","11","Brazil","Santa Catarina",NA,"24 km ao sul de Lages.",NA,NA,NA,NA,"UEC086971","UEC086971","Magnoliopsida",NA,"830",NA,NA,NA,NA,"Flores brancas.&nf;; Matinha com araucárias, árvores com Tillandsia usneoides, solo úmido com avencas e samambaias, margem de córrego.",NA,NA,NA,NA,NA,NA,NA,NA,NA
"29","2021-03-01 16:24:55-03","UNICAMP","UEC","36737","S","Plantae","Asteraceae","Pamphalea","araucariophila","Pamphalea araucariophila","Cabrera","Sobral, M","Sobral, M","1984","10","31","Brazil","Rio Grande do Sul","Cambará do Sul","Faxinal.","-50.1446990966797","-29.0478000640869",NA,NA,"UEC086970","UEC086970","Magnoliopsida",NA,"3184",NA,NA,NA,NA,"Erva; capítulos brancos.; Campo, nas proximidades de um curso d'água.",NA,"1984","10",NA,"30776","auto",NA,NA,NA
"30","2019-01-17 11:24:34-02","PUCRS","MPUC","20398","S","Plantae","Asteraceae","Pamphalea","araucariophila","Pamphalea araucariophila","Cabrera","L. Eggers",NA,"2004","01","04","Brasil","RS","São Francisco de Paula","CPCN Pró-Mata","-50.5835990905762","-29.4480991363525",NA,NA,NA,NA,NA,"Asterales",NA,"South America",NA,NA,NA,"Trabalho de Fitossociologia da Vegetação Campestre do CPCN Pró-Mata","Magnoliopsida","2004","01","01","76715","auto",NA,"1",NA
"31","2019-11-08 08:50:01-03","FURB","FURB","50334","PreservedSpecimen","Plantae","Asteraceae","Pamphalea","araucariophila","Pamphalea araucariophila","Cabrera","Funez, L.A.","Funez, L.A.; Trevisan, R.; Ferreira, J.P.R. & Venturi, S.","2014","11","04","Brasil","Santa Catarina","Garuva","Alto Quiriri.","-48.9544444","-26.0391666","-48.9544444","-26.0391666","FURB50334","FURB50334",NA,NA,"4038",NA,"1200","1200",NA,NA,NA,"2015",NA,NA,NA,NA,NA,NA,NA
"32","2020-10-14 09:59:19-03","FURB","FURB","64323","PreservedSpecimen","Plantae","Asteraceae","Pamphalea","araucariophila","Pamphalea araucariophila","Cabrera","Funez, L.A.","Funez, L.A.; Costa-Rezende, D.H., Ribeiro-Nardes, W., Kossmann, T., Kassner-Filho, A., Bones, F.L.V.","2019","01","25","Brasil","Santa Catarina","Urubici","Próximo à parcela TNR-1300 (PELD-PPBio). Parque Nacional de São Joaquim","-49.6133333","-28.1461111","-49.6133333","-28.1461111","FURB64323","FURB64323",NA,NA,"8578",NA,"1300","1300",NA,"Flores brancas Habitat: Borda da floresta Habito: Erva",NA,"2019","01","25",NA,NA,NA,NA,NA
"33","2021-03-16 17:51:02-03","UCS","HUCS","01074","PreservedSpecimen","Plantae","Asteraceae","Pamphalea","araucariophila","Pamphalea araucariophila","Cabrera","Rambo et Cristobal","Sehnem, A.","1951","01","13","Brasil","Rio Grande do Sul",NA,"Salto Ventoso",NA,NA,NA,NA,NA,NA,"Angiospermae","Asterales","s.n.",NA,NA,NA,NA,"Inst. Bot. de Nordeste, Corrientes&nf;Coleção ASSL - 5555; Inter petras ad cataractam",NA,"1985","07",NA,NA,NA,NA,NA,NA
"34","2021-03-16 17:51:02-03","UCS","HUCS","06451","PreservedSpecimen","Plantae","Asteraceae","Pamphalea","araucariophila","Pamphalea araucariophila","Cabrera","Platt, F.H.","Wasum, R.A.","1989","11","23","Brasil","Rio Grande do Sul","Caxias do Sul","Ana Rech - Faxinal","-51.1794013977051","-29.1681003570557",NA,NA,NA,NA,"Angiospermae","Asterales","s.n.",NA,NA,NA,NA,"Em beira do caminho - interior da mata",NA,"2014","08","25","49662","auto",NA,NA,NA
"35","2021-03-16 17:51:02-03","UCS","HUCS","04849","PreservedSpecimen","Plantae","Asteraceae","Pamphalea","araucariophila","Pamphalea araucariophila","Cabrera","Platt, F.H.","Wasum, R.A.","1988","09","09","Brasil","Rio Grande do Sul","Caxias do Sul","Ana Rech - Faxinal","-51.1794013977051","-29.1681003570557",NA,NA,NA,NA,"Angiospermae","Asterales","s.n.",NA,NA,NA,NA,"Erva - beira da estrada",NA,"2014","08","25","49662","auto",NA,NA,NA
"36","2021-03-16 17:51:02-03","UCS","HUCS","04730","PreservedSpecimen","Plantae","Asteraceae","Pamphalea","araucariophila","Pamphalea araucariophila","Cabrera","Platt, F.H.","Wasum, R.A.","1988","10","22","Brasil","Rio Grande do Sul","Caxias do Sul","Ana Rech - Faxinal","-51.1794013977051","-29.1681003570557",NA,NA,NA,NA,"Angiospermae","Asterales","s.n.",NA,NA,NA,NA,"Erva com capítulos brancos",NA,"2014","08","25","49662","auto",NA,NA,NA
"37","2021-03-16 17:51:02-03","UCS","HUCS","04694","PreservedSpecimen","Plantae","Asteraceae","Pamphalea","araucariophila","Pamphalea araucariophila","Cabrera","Platt, F.H.","Wasum, R.A.","1988","10","22","Brasil","Rio Grande do Sul","Caxias do Sul","Ana Rech - Faxinal","-51.1794013977051","-29.1681003570557",NA,NA,NA,NA,"Angiospermae","Asterales","s.n.",NA,NA,NA,NA,"Erva - interior da mata - capítulos brancos",NA,"2014","08","25","49662","auto",NA,NA,NA
"38","2021-03-16 17:51:02-03","UCS","HUCS","18658","PreservedSpecimen","Plantae","Asteraceae","Pamphalea","araucariophila","Pamphalea araucariophila","Cabrera","Robinson, H.","Wasum, R.A.","1995","12","14","Brasil","Rio Grande do Sul","São Francisco de Paula","Floresta Nacional","-50.5835990905762","-29.4480991363525",NA,NA,NA,NA,"Angiospermae","Asterales","s.n.",NA,NA,NA,NA,"No solo, interior da mata",NA,"2002","04",NA,"76715","auto",NA,NA,NA
"39","2021-03-16 17:51:02-03","UCS","HUCS","10279","PreservedSpecimen","Plantae","Asteraceae","Pamphalea","araucariophila","Pamphalea araucariophila","Cabrera","Robinson, H.","Wasum, R.A.","1994","10","29","Brasil","Rio Grande do Sul","São Francisco de Paula","Floresta Nacional I","-50.5835990905762","-29.4480991363525",NA,NA,NA,NA,"Angiospermae","Asterales","s.n.",NA,NA,NA,NA,"Em beira do caminho",NA,"1995","01",NA,"76715","auto",NA,NA,NA
"40","2021-03-16 17:51:02-03","UCS","HUCS","43335","PreservedSpecimen","Plantae","Asteraceae","Pamphalea","araucariophila","Pamphalea araucariophila","Cabrera","Platt, F.H.","Stehmann, J.R.","1985","10","13","Brasil","Rio Grande do Sul","Caçapava do Sul","Guaritas","-53.4914016723633","-30.5121994018555",NA,NA,NA,NA,"Angiospermae","Asterales","681",NA,NA,NA,NA,"Erva; Esbranquiçada; Espécie ameaçada de extinçao(vunerável). Doação ICN 064324; Borda da mata",NA,"2014","07",NA,"50525","auto",NA,NA,NA
"41","2021-03-16 17:51:02-03","UCS","HUCS","14025","PreservedSpecimen","Plantae","Asteraceae","Pamphalea","araucariophila","Pamphalea araucariophila","Cabrera","Robinson, H.","Wasum, R.A.","1999","10","11","Brasil","Rio Grande do Sul","São Francisco de Paula","Linha São Paulo","-50.5835990905762","-29.4480991363525",NA,NA,NA,NA,"Angiospermae","Asterales","168",NA,NA,NA,NA,"No solo, em beira do caminho",NA,"2000","02",NA,"76715","auto",NA,NA,NA
"42","2019-11-25 12:11:37-03","UFSM","SMDB","5372","S","Plantae","Asteraceae","Pamphalea","araucariophila","Pamphalea araucariophila","Cabrera.","Mondin, C","Ritter, M R",NA,NA,NA,"Brasil","Rio Grande do Sul","Cambará do Sul","Mais ou menos 7 km de Cambará para a Rocinha junto","-50.1446990966797","-29.0478000640869",NA,NA,"SMDB005372","SMDB005372",NA,NA,"750",NA,NA,NA,NA,NA,NA,NA,NA,NA,"30776","auto",NA,NA,NA
"43","2021-02-11 16:52:58-03","UFSM","SMDB","6028","S","Plantae","Asteraceae","Pamphalea","araucariophila","Pamphalea araucariophila","Labill.","Záchia, R.A; Bastos-Záchia, N.R","Záchia, R.A","1996","09","14","Brasil","Rio Grande do Sul","São Borja",NA,"-56.0043983459473","-28.6606006622314",NA,NA,"SMDB006028","SMDB006028",NA,NA,"023980",NA,NA,NA,NA,NA,NA,NA,NA,NA,"75549","auto",NA,NA,NA
"44","2019-11-25 12:11:37-03","UFSM","SMDB","5361","S","Plantae","Asteraceae","Pamphalea","araucariophila","Pamphalea araucariophila","Cabrera.","Mondin, C","Ritter, M R",NA,NA,NA,"Brasil","Rio Grande do Sul","Cambará do Sul","Mais ou menos 15 km de S. F. de Paula","-50.1446990966797","-29.0478000640869",NA,NA,"SMDB005361","SMDB005361",NA,NA,"741",NA,NA,NA,NA,NA,NA,NA,NA,NA,"30776","auto",NA,NA,NA
"45","2020-12-21 16:16:49-03","MBM","MBM","91825","PreservedSpecimen","Plantae","Asteraceae","Pamphalea","araucariophila","Pamphalea araucariophila","Cabrera","Sobral, M.","Sobral, M.; Stehmann, J.R.; Stehmann, J.R.","1983","12",NA,"Brazil","Rio Grande do Sul","Cambará do Sul","Faxinal.","-50.1446990966797","-29.0478000640869",NA,NA,"MBM091825","MBM091825",NA,NA,"2789","Southern America",NA,NA,NA,"Erva, capítulos amarelos.; Em interior de mata.",NA,"1983","12",NA,"30776","auto",NA,NA,NA
"46","2020-12-21 16:16:49-03","MBM","MBM","178316","PreservedSpecimen","Plantae","Asteraceae","Pamphalea","araucariophila","Pamphalea araucariophila","Cabrera","Jarenkow, J.A.","Jarenkow, J.A.","1988","12","01","Brazil","Rio Grande do Sul","Canguçu","Rio Camaquã","-52.6755981445312","-31.3950004577637",NA,NA,"MBM178316","MBM178316",NA,NA,"1065","Southern America",NA,NA,NA,"Erva. Capítulos brancos.; Mata de galeria. Interior de mata.",NA,"1995","06",NA,"68702","auto",NA,NA,NA
"47","2020-12-21 16:16:49-03","MBM","MBM","173310","PreservedSpecimen","Plantae","Asteraceae","Pamphalea","araucariophila","Pamphalea araucariophila","Cabrera","Robinson, H.","Wasum, R.","1994","10","29","Brazil","Rio Grande do Sul","São Franciso de Paula","Floresta Nacional I",NA,NA,NA,NA,"MBM173310","MBM173310",NA,NA,"10279","Southern America",NA,NA,NA,"Em beira do caminho.",NA,"1995","01",NA,NA,NA,NA,NA,NA
"48","2020-12-21 16:16:49-03","MBM","MBM","42751","PreservedSpecimen","Plantae","Asteraceae","Pamphalea","araucariophila","Pamphalea araucariophila","Cabrera","Hatschbach, G.","Rambo, B.","1950","12","19","Brazil","Rio Grande do Sul","Taimbé",NA,NA,NA,NA,NA,"MBM042751","MBM042751",NA,NA,"49335","Southern America",NA,NA,NA,"Flore albo.; In araucarieto umbroso, humido.",NA,"1958",NA,NA,NA,NA,NA,NA,NA
"49","2020-12-21 16:16:49-03","MBM","MBM","253766","PreservedSpecimen","Plantae","Asteraceae","Pamphalea","araucariophila","Pamphalea araucariophila","Cabrera","Hatschbach, G.","Hatschbach, G.; Carvi, A.C.; Barboza, E.; Carvi, A.C.; Barboza, E.","2000","12","07","Brazil","Santa Catarina","Urubici",NA,"-49.5917015075684","-28.0149993896484",NA,NA,"MBM253766","MBM253766",NA,NA,"71598","Southern America",NA,NA,NA,"Ereta, flor alva.; Brejo.",NA,"2001",NA,NA,"30102","auto",NA,NA,NA
"50","2020-12-21 16:16:49-03","MBM","MBM","12020","PreservedSpecimen","Plantae","Asteraceae","Pamphalea","araucariophila","Pamphalea araucariophila","Cabrera","Hatschbach, G.","Hatschbach, G.","1969","10","11","Brazil","Paraná","Piraquara",NA,"-49.0633010864258","-25.4416999816895",NA,NA,"MBM012020","MBM012020",NA,NA,"22433","Southern America",NA,NA,NA,"Flor alva.; Orla da matinha.",NA,"1972","03",NA,"12577","auto",NA,NA,NA
"51","2020-12-21 16:16:49-03","MBM","MBM","190618","PreservedSpecimen","Plantae","Asteraceae","Pamphalea","araucariophila","Pamphalea araucariophila","Cabrera","Hatschbach, G.","Imaguire, N.","1968","04","23","Brazil","Paraná","Piraquara","Fazenda Experimental de Agronomia","-49.0633010864258","-25.4416999816895",NA,NA,"MBM190618",NA,NA,NA,"2002","Southern America",NA,NA,NA,NA,NA,NA,NA,NA,"12577","auto",NA,NA,NA
"52","2020-12-21 16:16:49-03","MBM","MBM","248762","PreservedSpecimen","Plantae","Asteraceae","Pamphalea","araucariophila","Pamphalea araucariophila","Cabrera","Robinson, H.","Wasum, R.","1999","10","11","Brazil","Rio Grande do Sul","São Francisco de Paula",NA,"-50.5835990905762","-29.4480991363525",NA,NA,"MBM248762","MBM248762",NA,NA,"168","Southern America",NA,NA,NA,"No solo, em beira do caminho.",NA,"2000","02",NA,"76715","auto",NA,NA,NA
"53","2020-12-21 16:16:49-03","MBM","MBM","173310","PreservedSpecimen","Plantae","Asteraceae","Pamphalea","araucariophila","Pamphalea araucariophila","Cabrera","Robinson, H.","Wasum, R.; et al.; et al.","1994","10","29","Brazil","Rio Grande do Sul","São Francisco de Paula","Floresta Nacional São Francisco de Paula","-50.5835990905762","-29.4480991363525",NA,NA,"MBM173310","MBM173310",NA,NA,"s.n.","Southern America",NA,NA,NA,NA,NA,NA,NA,NA,"76715","auto",NA,NA,NA
"54","2020-12-21 16:16:49-03","MBM","MBM","263279","PreservedSpecimen","Plantae","Asteraceae","Pamphalea","araucariophila","Pamphalea araucariophila","Cabrera","Hatschbach, G.","Hatschbach, G.; Carvi, A.C.; Barboza, E.; Carvi, A.C.; Barboza, E.","2001","11","08","Brazil","Santa Catarina","Urubici",NA,"-49.5917015075684","-28.0149993896484",NA,NA,"MBM263279","MBM263279",NA,NA,"72472","Southern America",NA,NA,NA,"Ereta, flor alva.; Campo, solo turfoso e úmido. Próximo ao alto da Serra.",NA,"2001",NA,NA,"30102","auto",NA,NA,NA
"55","2015-09-04 07:27:24-03","MNHN","RECOLNAT_MNHN_P","P03737139","PreservedSpecimen",NA,"Asteraceae","Pamphalea","araucariophila","Pamphalea araucariophila","Cabrera",NA,"Ule, E.","1891","1","1","Brasil","Santa Catarina",NA,"Estado de Sta. Catharina. Azima da Serra Geral. Santa Catarina, Sul, Brasil, América do Sul",NA,NA,NA,NA,"P03737139","P03737139_01",NA,NA,NA,NA,NA,NA,"hb",". . <a href='http://coldb.mnhn.fr/catalognumber/mnhn/p/p03737139' target='other'> <mi>dwc_moreinfo</mi></a>",NA,NA,NA,NA,NA,NA,NA,NA,"1804"
"56","2020-08-31 08:53:05-03","INPA","INPA","127907","S","Plantae","Asteraceae","Pamphalea","araucariophila","Pamphalea araucariophila","Cabrera",NA,"Sobral, MEG","1984","10","31","Brasil","Rio Grande do Sul","Cambará do Sul","Faxinal, Faxinal.","-50.1446990966797","-29.0478000640869",NA,NA,"INPA0127907","INPA0127907 INPA0127907_e","Dicotyledon Asterids","Asterales","3184","Southern America",NA,NA,NA,NA,NA,NA,NA,NA,"30776","auto",NA,NA,NA
"57","2020-06-25 16:06:07-03","FUVATES","HVAT","3393","PreservedSpecimen","Plantae","Asteraceae","Pamphalea","araucariophila","Pamphalea araucariophila","Cabrera","A. Schneider","M. Grings","2008","04","07","Brasil","Rio Grande do Sul","Canguçu",NA,"-52.675556","-31.395","-52º40'32''W","-31º23'42''S","HVAT00003393",NA,NA,NA,"986",NA,NA,NA,NA,"Duplicata do registro ICN 163243; Erva, flores brancas",NA,"2008","04","07",NA,NA,NA,NA,NA
"58","2019-11-07 11:43:57-03","FUVATES","HVAT","1661","PreservedSpecimen","Plantae","Asteraceae","Pamphalea","araucariophila","Pamphalea araucariophila","Cabrera","E. Freitas","E. Freitas","2004","12","02","Brasil","Rio Grande do Sul","São Francisco de Paula","Pró Mata.","-50.583611","-29.448056","-50º35'1''W","-29º26'53''S","HVAT00001661",NA,NA,NA,"s.n.",NA,NA,NA,NA,"Coletada na margem de um córrego, em campo de ambiente úmido. (RS 020, Km 110)",NA,"2004","12","02",NA,NA,NA,NA,NA
"59","2021-01-26 14:12:26-03","CPACT","ECT","6487","PreservedSpecimen","Plantae","Asteraceae","Pamphalea","araucariophila","Pamphalea araucariophila","Cabrera","R.Záchia, N.R.B.Záchia","R.Záchia","1996","09","14","Brasil","Rio Grande do Sul","São Borja","Estrada das Bonitas.","-56.0043983459473","-28.6606006622314",NA,NA,"ECT0006487",NA,"Embryophyta",NA,"2398",NA,NA,NA,NA,NA,NA,NA,NA,NA,"75549","auto",NA,NA,NA
"60","2020-09-12 05:00:02-03","US","US","3571391","PreservedSpecimen","Plantae","Asteraceae","Pamphalea","araucariophila","Pamphalea araucariophila","Cabrera","Robinson, H. E., (US)","R. Wasum","1999","10","11","Brazil",NA,NA,"Mun. Sao Francisco de Paula-Linha Sao Paulo",NA,NA,NA,NA,NA,NA,NA,"Asterales","168","South America","800",NA,NA,NA,"Dicotyledonae",NA,NA,NA,NA,NA,NA,"1",NA
"61","2019-05-06 11:53:50-03","UFU","HUFU","26392","S","Plantae","Asteraceae","Pamphalea","araucariophila","Pamphalea araucariophila","Cabrera","Hatschbach, G.","Hatschbach, G.; Cervi, A.C. & Barbosa, E.","2001","11","08","Brasil","Santa Catarina","Urubici","Próximo ao alto da serra, Rod. SC - 420.","-49.5917015075684","-28.0149993896484",NA,NA,"HUFU00048940","HUFU00048940",NA,NA,"72472",NA,NA,NA,NA,"Ereta, flor alva.; Campo, solo turfoso e úmido.",NA,"2001",NA,NA,"30102","auto",NA,NA,NA
"62","2020-08-20 20:38:13-03","UFSC","FLOR","59763","PreservedSpecimen","Plantae","Asteraceae","Pamphalea","araucariophila","Pamphalea araucariophila","Cabrera","Funez, L.A.","Funez, L.A.; Trevisan, R.; Ferreira, J.P.R. & Venturi, S.","2014","11","04","Brasil","Santa Catarina","Campo Alegre","Campos do Quiriri.","-48.953333","-26.036667","48º57'12''W","26º2'12''S","FLOR0059763","FLOR0059763",NA,"Asterales","4083",NA,NA,NA,NA,"erva, flores brancas",NA,"2014",NA,NA,NA,NA,NA,NA,NA
"63","2020-08-20 20:38:13-03","UFSC","FLOR","40295","PreservedSpecimen","Plantae","Asteraceae","Pamphalea","araucariophila","Pamphalea araucariophila","Cabrera","Mattos, J.","Mattos, J.; Mattos, N.","1986","10","22","Brasil","Rio Grande do Sul","Caçapava do Sul","Cerca de 5 KM de Caçapava do Sul, na rodovia (de terra) Porto Alegre, Caçapava.","-53.4914016723633","-30.5121994018555",NA,NA,"FLOR0040295",NA,NA,"Asterales","31668",NA,NA,NA,NA,"flor branca",NA,"1989",NA,NA,"50525","auto",NA,NA,NA
"64","2020-08-20 14:55:15-03","UFSC","FLOR","9375","PreservedSpecimen","Plantae","Asteraceae","Pamphalea","araucariophila","Pamphalea araucariophila","Cabrera","Mondin, C.","Falkenberg, D.B.","1985","10","12","Brasil","Rio Grande do Sul","Caçapava do Sul","Guaritas.","-53.4914016723633","-30.5121994018555",NA,NA,"FLOR0009375",NA,NA,"Asterales","2732",NA,NA,NA,NA,NA,NA,"1994","10","12","50525","auto",NA,NA,NA
"65","2020-08-20 20:38:13-03","UFSC","FLOR","25881","PreservedSpecimen","Plantae","Asteraceae","Pamphalea","araucariophila","Pamphalea araucariophila","Cabrera","Jarenkow, J.A.","Jarenkow, J.A.","1988","12","01","Brasil","Rio Grande do Sul","Canguçu","Próximo à ponte da BR 392 sobre o rio Camaquã.","-52.6755981445312","-31.3950004577637",NA,NA,"FLOR0025881",NA,NA,"Asterales","1065",NA,NA,NA,NA,"erva, flor capítulos brancos",NA,"1995",NA,NA,"68702","auto",NA,NA,NA
"66","2021-02-08 12:36:49-03","UFRGS","ICN","175733","S","Plantae","Asteraceae","Pamphalea","araucariophila","Pamphalea araucariophila","Cabrera","Platt, FH","Seger, GDS","2012","11","06","Brasil","RS","São Francisco de Paula","Floresta Nacional (FLONA-SFP)","-50.390556","-29.4225","-50.390556","-29.4225",NA,NA,"Dicotyledon",NA,"765","América do Sul",NA,NA,NA,"Flores alvas, ca. de 0,8m, Muitos indivíduos em maioria florescendo; Borda de floresta nativa com estrada em área úmida",NA,"2014","07",NA,NA,NA,NA,NA,NA
"67","2021-02-08 12:36:49-03","UFRGS","ICN","194389","S","Plantae","Asteraceae","Pamphalea","araucariophila","Pamphalea araucariophila","Cabrera","Platt, FH","Platt, FH","2014","01","24","Brasil","RS","Cambará do Sul","Parque Nacional dos Aparados da Serra, na Hospedaria (na época fechada por problemas de infraestrutura).","-50.088333","-29.183056","-50.088333","-29.183056",NA,NA,"Dicotyledon",NA,"s.n.","América do Sul","940","940",NA,"Poucos indivíduos (n=9) distribuídos em pequena área (3m2).; Na borda da Mata, na face voltada para a estrada.",NA,"2014","01","24",NA,NA,NA,NA,NA
"68","2021-02-08 12:36:49-03","UFRGS","ICN","064324","S","Plantae","Asteraceae","Pamphalea","araucariophila","Pamphalea araucariophila","Cabrera","Platt, FH","Stehmann, JR","1985","10","13","Brasil","RS","Caçapava do Sul","Guaritas","-53.4914016723633","-30.5121994018555",NA,NA,NA,NA,"Dicotyledon",NA,"681","América do Sul",NA,NA,NA,"Espécie ameaçada de extinção (Vulnerável).; Erva; fl. Esbranquiçada.; Em borda de mata.",NA,"2014","07",NA,"50525","auto",NA,NA,NA
"69","2021-02-08 12:36:49-03","UFRGS","ICN","061707","S","Plantae","Asteraceae","Pamphalea","araucariophila","Pamphalea araucariophila","Cabrera","Platt, FH","Stehmann, JR","1984","12","24","Brasil","RS","Cambará do Sul","Faxinal","-50.1446990966797","-29.0478000640869",NA,NA,NA,NA,"Dicotyledon",NA,"462","América do Sul",NA,NA,NA,"Espécie ameaçada de extinção (Vulnerável).; Erva com flores brancas.; Em banhado.",NA,"2014","07",NA,"30776","auto",NA,NA,NA
"70","2021-02-08 12:36:49-03","UFRGS","ICN","173467","S","Plantae","Asteraceae","Pamphalea","araucariophila","Pamphalea araucariophila","Cabrera","Pasini, E","Pasini, E; Schneider, AA; Baumhardt, E; Dal Ri, L","2010","12","10","Brasil","RS","Cambará do Sul","Parque dos Aparados da Serra","-50.1446990966797","-29.0478000640869",NA,NA,NA,NA,"Dicotyledon",NA,"832","América do Sul","950","950",NA,"Em borda de mata com araucária, junto a banhado",NA,NA,NA,NA,"30776","auto",NA,NA,NA
"71","2021-02-08 12:36:49-03","UFRGS","ICN","163243","S","Plantae","Asteraceae","Pamphalea","araucariophila","Pamphalea araucariophila","Cabrera","Platt, FH","Grings, M","2008","04","07","Brasil","RS","Canguçu","Projetos de Assentamento Da Costa e Guajuviras","-52.6755981445312","-31.3950004577637",NA,NA,NA,NA,"Dicotyledon",NA,"986","América do Sul",NA,NA,NA,"erva com flores brancas; em interior de floresta de galeria do rio Camaquã",NA,"2014","07",NA,"68702","auto",NA,NA,NA
"72","2021-02-08 12:36:49-03","UFRGS","ICN","116102","S","Plantae","Asteraceae","Pamphalea","araucariophila","Pamphalea araucariophila","Cabrera","Platt, FH","Jarenkow, JA","1988","12","01","Brasil","RS","Canguçu","próximo a ponte sobre o rio Camaquã na BR 392","-52.6755981445312","-31.3950004577637",NA,NA,NA,NA,"Dicotyledon",NA,"1065","América do Sul",NA,NA,NA,"Espécie ameaçada de extinção (Vulnerável).; Erva no interior da mata, capítulos brancos; mata de galeria.",NA,"2014","07",NA,"68702","auto",NA,NA,NA
"73","2021-02-08 12:36:49-03","UFRGS","ICN","081207","S","Plantae","Asteraceae","Pamphalea","araucariophila","Pamphalea araucariophila","Cabrera","Platt, FH","Sonia Eisinger; Bruno Irgang","1985","09","26","Brasil","RS","Jaguari",NA,"-54.689998626709","-29.4974994659424",NA,NA,NA,NA,"Dicotyledon",NA,"s.n.","América do Sul",NA,NA,NA,NA,NA,"2014","07",NA,"27649","auto",NA,NA,NA
"74","2021-02-08 12:36:49-03","UFRGS","ICN","124846","S","Plantae","Asteraceae","Pamphalea","araucariophila","Pamphalea araucariophila","Cabrera","Platt, FH","Sobral, M; et al.",NA,NA,NA,"Brasil","RS","São Francisco de Paula",NA,"-50.5835990905762","-29.4480991363525",NA,NA,NA,NA,"Dicotyledon",NA,"8883","América do Sul",NA,NA,NA,"Espécie ameaçada de extinção (Vulnerável).; erva; capítulos brancos.; Região de mata ombrófila densa altomontana (mata nebular); em campo seco, à beira de mata.",NA,"2014","07",NA,"76715","auto",NA,NA,NA
"75","2021-02-08 12:36:49-03","UFRGS","ICN","110355","S","Plantae","Asteraceae","Pamphalea","araucariophila","Pamphalea araucariophila","Cabrera","Platt, FH","Mondin, CA; et al.","1994","10","20","Brasil","RS","São Francisco de Paula","ca. De 15 km da cidade em direção a Tainhas","-50.5835990905762","-29.4480991363525",NA,NA,NA,NA,"Dicotyledon",NA,"973","América do Sul",NA,NA,NA,"Espécie ameaçada de extinção (Vulnerável).; Em beira de mata, junto ao riacho.",NA,"2014","07",NA,"76715","auto",NA,NA,NA
"76","2021-02-08 12:36:49-03","UFRGS","ICN","158757","S","Plantae","Asteraceae","Pamphalea","araucariophila","Pamphalea araucariophila","Cabrera","Platt, FH","Silva, FM","2004","12","02","Brasil","RS","São Francisco de Paula","RS 020","-50.5835990905762","-29.4480991363525",NA,NA,NA,NA,"Dicotyledon",NA,"s.n.","América do Sul",NA,NA,NA,"próximo a um capão de araucária, na beira de um córrego",NA,"2014","07",NA,"76715","auto",NA,NA,NA
"77","2021-02-08 12:36:49-03","UFRGS","ICN","009429","S","Plantae","Asteraceae","Pamphalea","araucariophila","Pamphalea araucariophila","Cabrera","Platt, FH","Lindeman, JC; Lindeman, FM; Porto, ML; Giardi, AM","1971","12","04","Brasil","RS","Bom Jesus","cabeceira do Rio das Antas","-50.4166984558105","-28.6678009033203",NA,NA,NA,NA,"Dicotyledon",NA,"s.n.","América do Sul",NA,NA,NA,"Espécie ameaçada de extinção (Vulnerável).; Flórulas brancas, centro amarelo de gema 2y 8/10.; Pinhal degradado.",NA,"2014","07",NA,"55856","auto",NA,NA,NA
"78","2021-02-08 12:36:49-03","UFRGS","ICN","007381","S","Plantae","Asteraceae","Pamphalea","araucariophila","Pamphalea araucariophila","Cabrera","Platt, FH","Ferreira, A; Irgang, BE","1969","12","18","Brasil","RS","Bom Jesus","perto de Ausentes","-50.4166984558105","-28.6678009033203",NA,NA,NA,NA,"Dicotyledon",NA,"s.n.","América do Sul",NA,NA,NA,"Espécie ameaçada de extinção (Vulnerável).; Cascata; úmido.",NA,"2014","07",NA,"55856","auto",NA,NA,NA
"79","2021-02-08 12:36:49-03","UFRGS","ICN","103317","S","Plantae","Asteraceae","Pamphalea","araucariophila","Pamphalea araucariophila","Cabrera","Platt, FH","Matzenbacher, NI","1993","12","03","Brasil","RS","Caçapava do Sul",NA,"-53.4914016723633","-30.5121994018555",NA,NA,NA,NA,"Dicotyledon",NA,"s.n.","América do Sul",NA,NA,NA,"Espécie ameaçada de extinção (Vulnerável).",NA,"2014","07",NA,"50525","auto",NA,NA,NA
"80","2021-02-08 12:36:49-03","UFRGS","ICN","092752","S","Plantae","Asteraceae","Pamphalea","araucariophila","Pamphalea araucariophila","Cabrera","Platt, FH","Irgang, BE; et al.","1984","09","26","Brasil","RS","Caçapava do Sul","Passo do Cação Rio Camaquã","-53.4914016723633","-30.5121994018555",NA,NA,NA,NA,"Dicotyledon",NA,"s.n.","América do Sul",NA,NA,NA,"Espécie ameaçada de extinção (Vulnerável).; Erva.",NA,"2014","07",NA,"50525","auto",NA,NA,NA
"81","2021-02-08 12:36:49-03","UFRGS","ICN","007365","S","Plantae","Asteraceae","Pamphalea","araucariophila","Pamphalea araucariophila","Cabrera","Platt, FH","Ferreira, A; Irgang, BE","1969","12","20","Brasil","RS","Cambará do Sul",NA,"-50.1446990966797","-29.0478000640869",NA,NA,NA,NA,"Dicotyledon",NA,"s.n.","América do Sul",NA,NA,NA,"Beira de riacho",NA,"2014","07",NA,"30776","auto",NA,NA,NA
"82","2021-02-08 12:36:49-03","UFRGS","ICN","112157","S","Plantae","Asteraceae","Pamphalea","araucariophila","Pamphalea araucariophila","Cabrera","Platt, FH","Mondin, C; et al.","1994","10","20","Brasil","RS","Cambará do Sul","DA cidade em direção a Tainhas junto à ponte","-50.1446990966797","-29.0478000640869",NA,NA,NA,NA,"Dicotyledon",NA,"980","América do Sul",NA,NA,NA,"na mata de araucária",NA,"2014","07",NA,"30776","auto",NA,NA,NA
"83","2021-02-08 12:36:49-03","UFRGS","ICN","088549","S","Plantae","Asteraceae","Pamphalea","araucariophila","Pamphalea araucariophila","Cabrera","Platt, FH","Sobral, M; Stehmann, JR",NA,NA,NA,"Brasil","RS","Cambará do Sul","Faxinal","-50.1446990966797","-29.0478000640869",NA,NA,NA,NA,"Dicotyledon",NA,"2789","América do Sul",NA,NA,NA,"Espécie ameaçada de extinção (Vulnerável).; Capítulos amarelos.; Em interior de mata.",NA,"2014","07",NA,"30776","auto",NA,NA,NA
"84","2021-02-08 12:36:49-03","UFRGS","ICN","062703","S","Plantae","Asteraceae","Pamphalea","araucariophila","Pamphalea araucariophila","Cabrera","Platt, FH","Sobral, M",NA,NA,NA,"Brasil","RS","Cambará do Sul","Faxinal","-50.1446990966797","-29.0478000640869",NA,NA,NA,NA,"Dicotyledon",NA,"3184","América do Sul",NA,NA,NA,"Espécie ameaçada de extinção (Vulnerável).; Erva com capítulos brancos.; Em campo próxima a um curso de água.",NA,"2014","07",NA,"30776","auto",NA,NA,NA
"85","2021-02-08 12:36:49-03","UFRGS","ICN","106678","S","Plantae","Asteraceae","Pamphalea","araucariophila","Pamphalea araucariophila","Cabrera","Platt, FH","Ritter, MR","1994","10","20","Brasil","RS","Cambará do Sul","mais ou menos 7 km de Cambará para Rocinha junto a ponte do rio Camisas","-50.1446990966797","-29.0478000640869",NA,NA,NA,NA,"Dicotyledon",NA,"750","América do Sul",NA,NA,NA,"Espécie ameaçada de extinção (Vulnerável).",NA,"2014","07",NA,"30776","auto",NA,NA,NA
"86","2021-02-08 12:36:49-03","UFRGS","ICN","186079","S","Plantae","Asteraceae","Pamphalea","araucariophila","Pamphalea araucariophila","Cabrera","Platt, FH","Platt, FH","2014","01","24","Brasil","RS","Cambará do Sul","Parque Nacional dos Aparados da Serra, na Hospedaria (na época fechada por problemas de infraestrutura).","-50.1446990966797","-29.0478000640869",NA,NA,NA,NA,"Dicotyledon",NA,"s.n.","América do Sul","940","940",NA,"VU: B2b(iii,iv)c(ii); No Capão, na face voltada para a estrada, foram observados 9 (nove) indivíduos, dos quais 2 (dois) foram coletados/herborizados.; Na borda de Capão de Mata, na face voltada para a estrada (localizado à direita da Hospedaria, qua",NA,"2014","01","24","30776","auto",NA,NA,NA
"87","2021-02-08 12:36:49-03","UFRGS","ICN","021831","S","Plantae","Asteraceae","Pamphalea","araucariophila","Pamphalea araucariophila","Cabrera","Platt, FH","Pellizzaro, P; et al.","1972","12","28","Brasil","RS","Canela","Caracol Parque Estadual Vale abaixo das cachoeiras","-50.815601348877","-29.3656005859375",NA,NA,NA,NA,"Dicotyledon",NA,"s.n.","América do Sul",NA,NA,NA,"trans. 12.54; Erva; Sobre rochas abaixo da cascata",NA,"2014","07",NA,"16452","auto",NA,NA,NA
"88","2021-02-08 12:36:49-03","UFRGS","ICN","116503","S","Plantae","Asteraceae","Pamphalea","araucariophila","Pamphalea araucariophila","Cabrera","Platt, FH","Ritter, MR","1999","11","27","Brasil","RS","Maquiné","primeira cascata do rio Forqueta","-50.2071990966797","-29.6749992370605",NA,NA,NA,NA,"Dicotyledon",NA,"1102","América do Sul",NA,NA,NA,"Local bastante úmido na base da cascata",NA,"2014","07",NA,"28094","auto",NA,NA,NA
"89","2021-02-08 12:36:49-03","UFRGS","ICN","110392","S","Plantae","Asteraceae","Pamphalea","araucariophila","Pamphalea araucariophila","Cabrera","Platt, FH","Sobral, M",NA,NA,NA,"Brasil","RS","Santo Antônio da Patrulha","Alto Rio dos Sinos","-50.5196990966797","-29.8174991607666",NA,NA,NA,NA,"Dicotyledon",NA,"s.n.","América do Sul",NA,NA,NA,"Espécie ameaçada de extinção (Vulnerável).",NA,"2014","07",NA,"29157","auto",NA,NA,NA
"90","2021-02-08 12:36:49-03","UFRGS","ICN","129562","S","Plantae","Asteraceae","Pamphalea","araucariophila","Pamphalea araucariophila","Cabrera","Platt, FH","De Marchi; T.C.; Budke; J.; Matzenbacher; N","2003","10","30","Brasil","RS","São Francisco de Paula",NA,"-50.5835990905762","-29.4480991363525",NA,NA,NA,NA,"Dicotyledon",NA,"108","América do Sul",NA,NA,NA,"Espécie ameaçada de extinção (Vulnerável).; Em beira de córrego.",NA,"2014","07",NA,"76715","auto",NA,NA,NA
"91","2021-02-08 12:36:49-03","UFRGS","ICN","112797","S","Plantae","Asteraceae","Pamphalea","araucariophila","Pamphalea araucariophila","Cabrera","Platt, FH","Matzenbacher, NI","1996","12","11","Brasil","RS","São Francisco de Paula","na estrada para Tainhas a 20 km de São Francisco","-50.5835990905762","-29.4480991363525",NA,NA,NA,NA,"Dicotyledon",NA,"2220","América do Sul",NA,NA,NA,"Espécie ameaçada de extinção (Vulnerável).; Num córrego a beira da rodovia.",NA,"2014","07",NA,"76715","auto",NA,NA,NA
"92","2021-02-08 12:36:49-03","UFRGS","ICN","146954","S","Plantae","Asteraceae","Pamphalea","araucariophila","Pamphalea araucariophila","Cabrera","Platt, FH","Lima, LF; Matzenbacher, NI","2006","11","14","Brasil","RS","São José dos Ausentes","Silveira aroio do Louco","-50.0657997131348","-28.7483005523682",NA,NA,NA,NA,"Dicotyledon",NA,"357","América do Sul","900","900",NA,"Espécie ameaçada de extinção (Vulnerável).; Banhado interior de mata",NA,"2014","07",NA,"42598","auto",NA,NA,NA
"93","2019-10-04 16:06:41-03","MCN-FZBRS","HAS","47674","PreservedSpecimen","Plantae","Asteraceae","Pamphalea","araucariophila","Pamphalea araucariophila","Cabrera","Senna, R. M.","Senna, R.M.","2009","11",NA,"Brasil","Rio Grande do Sul","Caraá","Fraga, APA Municipal de Caraá","-50.435001373291","-29.7900009155273",NA,NA,"HAS0047674",NA,"Magnoliophyta",NA,"1451",NA,NA,NA,NA,"erva, afloramento rochoso em frente a cachoeira",NA,NA,NA,NA,"21250","auto",NA,NA,NA
"94","2019-10-04 16:06:41-03","MCN-FZBRS","HAS","45504","PreservedSpecimen","Plantae","Asteraceae","Pamphalea","araucariophila","Pamphalea araucariophila","Cabrera","Senna, R. M.","Senna, R.M.","2005","11",NA,"Brasil","Rio Grande do Sul","São Francisco de Paula (Jaquirana - RS)","Campos de Cima da Serra; Passo do S, Parque Estadual do Tainhas.",NA,NA,NA,NA,"HAS0045504",NA,"Magnoliophyta",NA,"1134",NA,NA,NA,NA,"mata; erva, margaridinha-dos-pinhais",NA,NA,NA,NA,NA,NA,NA,NA,NA
"95","2019-10-04 16:06:41-03","MCN-FZBRS","HAS","4922","PreservedSpecimen","Plantae","Asteraceae","Pamphalea","araucariophila","Pamphalea araucariophila","Cabr.","Platt, F.H.","Lindeman, J.C.","1971","12",NA,"Brasil","Rio Grande do Sul","Rio das Antas","Cabeceira do Rio das Antas",NA,NA,NA,NA,"HAS0004922",NA,"Magnoliophyta",NA,"s.n.",NA,NA,NA,NA,"pinha degradado; flórulas brancas; centro amarelo de gema 2y 8/4",NA,"2014","08","18",NA,NA,NA,NA,NA
"96","2020-08-26 10:47:58-03","MCN-FZBRS","HAS","95091","PreservedSpecimen","Plantae","Asteraceae","Pamphalea","araucariophila","Pamphalea araucariophila","Cabr.","Senna, R.M.","Nilson, A.","2005","06",NA,"Brasil","Rio Grande do Sul","São Francisco de Paula","Contendas; Est. Ecol. Estadual de Aratinga","-50.5835990905762","-29.4480991363525",NA,NA,"HAS0095091",NA,"Magnoliophyta",NA,"1175",NA,NA,NA,NA,"Erva em banhado.",NA,"2006","01","06","76715","auto",NA,NA,NA
"97","2019-10-04 16:06:41-03","MCN-FZBRS","HAS","63929","PreservedSpecimen","Plantae","Asteraceae","Pamphalea","araucariophila","Pamphalea araucariophila","Cabr.","Platt, FH.","Mattos, J.","1957","01",NA,"Brasil","Santa Catarina","São Joaquim",NA,"-49.9317016601562","-28.2938995361328",NA,NA,"HAS0063929",NA,"Magnoliophyta",NA,"4084",NA,NA,NA,NA,"margaridinha-dos-pinhais; Na mata, erva delgada; .",NA,"2014","08","18","48290","auto",NA,NA,NA
"98","2019-10-04 16:06:41-03","MCN-FZBRS","HAS","63936","PreservedSpecimen","Plantae","Asteraceae","Pamphalea","araucariophila","Pamphalea araucariophila","Cabr.","Platt, F.H.","Mattos, J.","1961","10",NA,"Brasil","Santa Catarina","São Joaquim","Capoeira.","-49.9317016601562","-28.2938995361328",NA,NA,"HAS0063936",NA,"Magnoliophyta",NA,"9328",NA,NA,NA,NA,NA,NA,"2014","08","18","48290","auto",NA,NA,NA
"99","2019-10-04 16:06:41-03","MCN-FZBRS","HAS","63928","PreservedSpecimen","Plantae","Asteraceae","Pamphalea","araucariophila","Pamphalea araucariophila","Cabr.","Platt, FH.","Mattos, J.","1954","02",NA,"Brasil","Santa Catarina","São Joaquim","Granja Invernada","-49.9317016601562","-28.2938995361328",NA,NA,"HAS0063928",NA,"Magnoliophyta",NA,"1404",NA,NA,NA,NA,"margaridinha-dos-pinhais; Ca. de 40 cm .",NA,"2014","08","18","48290","auto",NA,NA,NA
"100","2019-10-04 16:06:41-03","MCN-FZBRS","HAS","63927","PreservedSpecimen","Plantae","Asteraceae","Pamphalea","araucariophila","Pamphalea araucariophila","Cabrera","Mondin, C.","Mattos, J.","1956","01",NA,"Brasil","Santa Catarina","São Joaquim","Invernadinha.","-49.9317016601562","-28.2938995361328",NA,NA,"HAS0063927",NA,"Magnoliophyta",NA,"2846",NA,NA,NA,NA,"margaridinha-dos-pinhais; No mato; .",NA,"1993","07",NA,"48290","auto",NA,NA,NA
"101","2019-10-04 16:06:41-03","MCN-FZBRS","HAS","63935","PreservedSpecimen","Plantae","Asteraceae","Pamphalea","araucariophila","Pamphalea araucariophila","Cabr.","Platt, F.H.","Mattos, J.","1958","02",NA,"Brasil","Santa Catarina","São Joaquim","Na mata.","-49.9317016601562","-28.2938995361328",NA,NA,"HAS0063935",NA,"Magnoliophyta",NA,"5462",NA,NA,NA,NA,NA,NA,"2014","08","18","48290","auto",NA,NA,NA
"102","2019-11-21 10:01:07-03","IBt","SP","201549","S","Plantae","Asteraceae","Pamphalea","araucariophila","Pamphalea araucariophila","Cabrera","Sobral, M","Sobral, M","1984","10","31","Brasil","Rio Grande do Sul","Cambará do Sul","Faxinal","-50.1446990966797","-29.0478000640869",NA,NA,NA,NA,NA,NA,"3184",NA,NA,NA,NA,NA,NA,"1984","10",NA,"30776","auto",NA,NA,NA
