"record_id","modified","institutionCode","collectionCode","catalogNumber","basisOfRecord","kingdom","phylum","order","family","genus","specificEpithet","scientificName","scientificNameAuthorship","identifiedBy","recordedBy","recordNumber","year","month","day","continentOcean","country","stateProvince","county","locality","decimalLongitude","decimalLatitude","preparationType","occurrenceRemarks","barcode","imagecode","coordinatePrecision","geoFlag","yearIdentified","monthIdentified","verbatimLongitude","verbatimLatitude","class","relatedCatalogItem","dayIdentified","minimumElevationInMeters","maximumElevationInMeters","fieldNumber","individualCount"
"1","2021-03-15 16:37:00-03","NY","NYBG","1738098","PreservedSpecimen","Plantae","Magnoliophyta","Rosales","Moraceae","Ficus","catappifolia","Ficus catappifolia","Kunth & C.D.Bouché","L.A. Gomes","A. P. do N. Prata","2705","2011","09","08","South America","Brazil","Sergipe","Santa Luzia do Itanhy","RPPN Mata do Crasto.","-37.4292","-11.4014","sheet","<a href='http://sweetgum.nybg.org/science/vh/specimen_details.php?irn=1965895' target='other'> <mi>dwc_moreinfo</mi></a>","NY01738098","NY01738098_01",NA,NA,NA,NA,NA,NA,NA,NA,NA,NA,NA,NA,NA
"2","2021-03-15 16:37:00-03","NY","NYBG","2172339","PreservedSpecimen","Plantae","Magnoliophyta","Rosales","Moraceae","Ficus","catappifolia","Ficus catappifolia","Kunth & C.D.Bouché",NA,"G. Martinelli","12347","1987","12","07","South America","Brazil","Pará","Óbidos","Campos de Ariramba, próximo do rio Jaramacarú","-55.7591289","-1.1645993","sheet","<a href='http://sweetgum.nybg.org/science/vh/specimen_details.php?irn=2321647' target='other'> <mi>dwc_moreinfo</mi></a>","NY02172339","NY02172339_01",NA,NA,NA,NA,NA,NA,NA,NA,NA,NA,NA,NA,NA
"3","2021-03-15 16:37:00-03","NY","NYBG","2172341","PreservedSpecimen","Plantae","Magnoliophyta","Rosales","Moraceae","Ficus","catappifolia","Ficus catappifolia","Kunth & C.D.Bouché",NA,"D. F. Austin","7023","1979","10","14","South America","Brazil","Amapá",NA,"Parque Florestal de Macapá","-51.21","-0.02","sheet","<a href='http://sweetgum.nybg.org/science/vh/specimen_details.php?irn=2321649' target='other'> <mi>dwc_moreinfo</mi></a>","NY02172341","NY02172341_01",NA,NA,NA,NA,NA,NA,NA,NA,NA,NA,NA,NA,NA
"4","2021-03-15 16:37:00-03","NY","NYBG","02172338","PreservedSpecimen","Plantae","Magnoliophyta","Rosales","Moraceae","Ficus","catappifolia","Ficus catappifolia","Kunth & C.D.Bouché",NA,"U. N. Maciel","286","1978","12","12","South America","Brazil","Pará","Santarém","Arredores de Pindobal. Capoeira,solo arenoso.","-54.7083015441895","-2.44305992126465","sheet","<a href='http://sweetgum.nybg.org/science/vh/specimen_details.php?irn=2321621' target='other'> <mi>dwc_moreinfo</mi></a>","NY02172338","NY02172338_01","205258","auto",NA,NA,NA,NA,NA,NA,NA,NA,NA,NA,NA
"5","2021-03-15 16:37:00-03","NY","NYBG","2172342","PreservedSpecimen","Plantae","Magnoliophyta","Rosales","Moraceae","Ficus","catappifolia","Ficus catappifolia","Kunth & C.D.Bouché",NA,"U. N. Maciel","286","1978","12","12","South America","Brazil","Pará","Santarém","Arredores de Pindobal. Capoeira,solo arenoso.","-54.7083015441895","-2.44305992126465","sheet","<a href='http://sweetgum.nybg.org/science/vh/specimen_details.php?irn=2321650' target='other'> <mi>dwc_moreinfo</mi></a>","NY02172342","NY02172342_01","205258","auto",NA,NA,NA,NA,NA,NA,NA,NA,NA,NA,NA
"6","2021-03-15 16:37:00-03","NY","NYBG","2172343","PreservedSpecimen","Plantae","Magnoliophyta","Rosales","Moraceae","Ficus","catappifolia","Ficus catappifolia","Kunth & C.D.Bouché",NA,"R. Vilhena","177","1978","12","09","South America","Brazil","Pará","Santarém","Belterra. Pindobal.","-54.7083015441895","-2.44305992126465","sheet","<a href='http://sweetgum.nybg.org/science/vh/specimen_details.php?irn=2321651' target='other'> <mi>dwc_moreinfo</mi></a>","NY02172343","NY02172343_01","205258","auto",NA,NA,NA,NA,NA,NA,NA,NA,NA,NA,NA
"7","2021-03-15 16:37:00-03","NY","NYBG","2172340","PreservedSpecimen","Plantae","Magnoliophyta","Rosales","Moraceae","Ficus","catappifolia","Ficus catappifolia","Kunth & C.D.Bouché",NA,"J. A. Ratter","5782","1987","03","19","South America","Brazil","Roraima","Alto Alegre","SEMA Ecological Station, Ilha de Maracá","-61.416667","3.366667","sheet","<a href='http://sweetgum.nybg.org/science/vh/specimen_details.php?irn=2321648' target='other'> <mi>dwc_moreinfo</mi></a>","NY02172340","NY02172340_01",NA,NA,NA,NA,NA,NA,NA,NA,NA,NA,NA,NA,NA
"8","2020-11-13 09:20:20-03","UFRJ","RFA","24348","PreservedSpecimen","Plantae",NA,NA,"Moraceae","Ficus","catappifolia","Ficus catappifolia","Kunth & C.D.Bouché",NA,"C.M. Rizzini; M.T.M. Széchy 49","219",NA,NA,NA,NA,"Brasil","Rio de Janeiro","Bom Jesus do Itabapoana","Fazenda São Jorge","-41.6796989440918","-21.1338996887207",NA,"Muitos frutos no chão","RFA46117",NA,"30210","auto",NA,NA,NA,NA,NA,NA,NA,NA,NA,NA,NA
"9","2016-10-18 16:26:35-02","UNEMAT","TANG","615","S","Plantae",NA,NA,"Moraceae","Ficus","catappifolia","Ficus catappifolia","Kunth & C.D.Bouché",NA,"Anônimo","s.n.","2006","06","07",NA,"Brasil","Mato Grosso","Barra do Bugres","Sítio Salobinha","-57.1810989379883","-15.0725002288818",NA,"folhas simples, alternas3m, arvoreta","TANG000000615",NA,"173387","auto",NA,NA,NA,NA,NA,NA,NA,NA,NA,NA,NA
"10","2021-03-30 12:45:21-03","EAO","IAN","162381","PreservedSpecimen","Plantae","Dicotiledônea",NA,"Moraceae","Ficus","catappifolia","Ficus catappifolia","Kunth & Bouch.","Berg, CC","Oldeman, B","2365","1967","01","26",NA,"Guiana Francesa",NA,NA,"Approaugue, rives entre saut Mapaou et saut Athanasse.",NA,NA,NA,"Arbre épiphyte à latex blanc. Feuilles très charnoes. Inflorescences ou infrutescences vert.","IAN162381",NA,NA,NA,"1985",NA,NA,NA,NA,NA,NA,NA,NA,NA,NA
"11","2021-03-30 12:45:21-03","EAO","IAN","181886","PreservedSpecimen","Plantae","Dicotiledônea",NA,"Moraceae","Ficus","catappifolia","Ficus catappifolia","Kunth & Bouch.",NA,"Souza, MAD de; Borgheti, F; ER; Borghetti, C","1535","2000","10","09","Southern America","Brasil","Amazonas","Maués","Orla da praia de Maués-Açú e proximidades. Área de transição ou de influência: solo arenoso de praia, algumas partes com rochas; água escurecida ou turva, vegetação típica de igapó, no interior mais para restinga. Crescendo na praia, em dossel. Ocasi","-57.7186012268066","-3.38361001014709",NA,"Árvore mata-pau ramificado da base, robusta. Sicômoros maduros verdes, pintalgados de branco.","IAN181886",NA,"447092","auto",NA,NA,NA,NA,NA,NA,NA,NA,NA,NA,NA
"12","2021-03-30 12:45:21-03","EAO","IAN","37015","PreservedSpecimen","Plantae","Dicotiledônea",NA,"Moraceae","Ficus","catappifolia","Ficus catappifolia","Kunth & Bouch.","Jr; DeWolf, GP","Pires, JM","1240","1948","08","22","Southern America","Brasil","Pará","Curralinho","Campo Natural.","-49.7952995300293","-1.81360995769501",NA,"Árvore pequena, frutos levemente arroxeados.","IAN037015","IAN037015 IAN037015_e IAN037015_e1 IAN037015_e2","76491","auto","1958","07",NA,NA,NA,NA,NA,NA,NA,NA,NA
"13","2019-10-09 11:20:56-03","UFBA","ALCB","71461","PreservedSpecimen","Plantae","Dicotyledon",NA,"Moraceae","Ficus","cattappifolia","Ficus cattappifolia","(Spreng.) Müll.Arg.","Guedes, ML","Guedes, ML; Rabelo, P; Silva, ASA da; Ramos, GUG","12062","2006","01","11","Southern America","Brasil","Bahia","Monte Santo","Nordeste","-39.316667","-10.433333",NA,"látex branco. Folhas cartáceas, discolores. Inflorescência do tipo sincônio.; Arbustiva-Arbórea","ALCB035169","ALCB035169 ALCB035169_1",NA,NA,"2006","05","-39.316667","-10.433333",NA,NA,NA,NA,NA,NA,NA
"14","2020-02-08 10:23:28-03","NBC","NL-BOTANY","U.1425910","PreservedSpecimen","Plantae",NA,"Rosales","Moraceae","Ficus","catappifolia","Ficus catappifolia","Kunth & Bouché",NA,"Mennega AMW",NA,"1974","11","13","Southern America","Surinam",NA,NA,NA,NA,NA,NA,"<a href=https://data.biodiversitydata.nl/naturalis/specimen/U.1425910 target=other class=eLink> <mi>dwc_moreinfo</mi></a>","NL-U1425910","NL-U1425910",NA,NA,NA,NA,NA,NA,"Magnoliopsidae","U 0023070",NA,NA,NA,NA,NA
"15","2020-02-08 10:23:28-03","NBC","NL-BOTANY","L.1600276","PreservedSpecimen","Plantae",NA,"Rosales","Moraceae","Ficus","catappifolia","Ficus catappifolia","Kunth & Bouché",NA,"Granville J-J de; Crozier F; Sarthou C",NA,"2004","04","17","Southern America","Guyana",NA,NA,"guyana francaise; inselbergs de la haute wanapi; extremite ouest de la savane-roche","-53.827778","2.505556",NA,"lisiere de savane roche<a href=https://data.biodiversitydata.nl/naturalis/specimen/L.1600276 target=other class=eLink> <mi>dwc_moreinfo</mi></a>","NL-L1600276","NL-L1600276",NA,NA,NA,NA,"-53.827778","2.505556","Magnoliopsidae","L 0735610",NA,NA,NA,NA,NA
"16","2020-02-08 10:23:28-03","NBC","NL-BOTANY","L.3918198","PreservedSpecimen","Plantae",NA,"Rosales","Moraceae","Ficus","catappifolia","Ficus catappifolia","Kunth & Bouché",NA,"Granville J-J de; Crozier F; Sarthou C",NA,"2004","04","17","Southern America","Guyana",NA,NA,"guyana francaise; inselbergs de la haute wanapi; extremite ouest de la savane-roche","-53.827778","2.505556",NA,"lisiere de savane roche<a href=https://data.biodiversitydata.nl/naturalis/specimen/L.3918198 target=other class=eLink> <mi>dwc_moreinfo</mi></a>","NL-L3918198","NL-L3918198",NA,NA,NA,NA,"-53.827778","2.505556","Magnoliopsidae",NA,NA,NA,NA,NA,NA
"17","2020-02-08 10:23:28-03","NBC","NL-BOTANY","L.4163632","PreservedSpecimen","Plantae",NA,"Rosales","Moraceae","Ficus","catappifolia","Ficus catappifolia","Kunth & Bouché",NA,"Sabatier D; Molino J-F",NA,"2007","03","14","Southern America","French Guiana",NA,NA,"Inselbergs de la Haute Wanapi.",NA,NA,NA,"<a href=https://data.biodiversitydata.nl/naturalis/specimen/L.4163632 target=other class=eLink> <mi>dwc_moreinfo</mi></a>","NL-L4163632","NL-L4163632",NA,NA,NA,NA,NA,NA,"Magnoliopsidae",NA,NA,NA,NA,NA,NA
"18","2020-02-08 10:23:28-03","NBC","NL-BOTANY","U 0285870","PreservedSpecimen","Plantae",NA,"Rosales","Moraceae","Ficus","catappifolia","Ficus catappifolia","Kunth & Bouché",NA,"Mennega AMW",NA,"1974","11","13","Southern America","Surinam",NA,NA,NA,NA,NA,NA,"<a href=https://data.biodiversitydata.nl/naturalis/specimen/U%20%200285870 target=other class=eLink> <mi>dwc_moreinfo</mi></a>","NL-U0285870",NA,NA,NA,NA,NA,NA,NA,"Magnoliopsidae","Uw21276",NA,NA,NA,NA,NA
"19","2020-02-08 10:23:28-03","NBC","NL-BOTANY","U.1425909","PreservedSpecimen","Plantae",NA,"Rosales","Moraceae","Ficus","catappifolia","Ficus catappifolia","Kunth & Bouché","Berg CC","Vieira MGG; et al.",NA,"1979","10","11","Southern America","Brazil","Amazonas",NA,NA,NA,NA,NA,"<a href=https://data.biodiversitydata.nl/naturalis/specimen/U.1425909 target=other class=eLink> <mi>dwc_moreinfo</mi></a>","NL-U1425909","NL-U1425909",NA,NA,NA,NA,NA,NA,"Magnoliopsidae","U 0023072",NA,NA,NA,NA,NA
"20","2020-02-08 10:23:28-03","NBC","NL-BOTANY","U.1425911","PreservedSpecimen","Plantae",NA,"Rosales","Moraceae","Ficus","catappifolia","Ficus catappifolia","Kunth & Bouché","Berg CC","Hallé F",NA,"1984","09","07","Southern America","French Guiana",NA,NA,"Arbocel.",NA,NA,NA,"<a href=https://data.biodiversitydata.nl/naturalis/specimen/U.1425911 target=other class=eLink> <mi>dwc_moreinfo</mi></a>","NL-U1425911","NL-U1425911",NA,NA,"1985","02",NA,NA,"Magnoliopsidae","U 0023065","01",NA,NA,NA,NA
"21","2020-02-08 10:23:28-03","NBC","NL-BOTANY","U.1425912","PreservedSpecimen","Plantae",NA,"Rosales","Moraceae","Ficus","catappifolia","Ficus catappifolia","Kunth & Bouché","Berg CC","Loubry D",NA,NA,NA,NA,"Southern America","French Guiana",NA,NA,NA,NA,NA,NA,"<a href=https://data.biodiversitydata.nl/naturalis/specimen/U.1425912 target=other class=eLink> <mi>dwc_moreinfo</mi></a>","NL-U1425912","NL-U1425912",NA,NA,NA,NA,NA,NA,"Magnoliopsidae","U 0023063",NA,NA,NA,NA,NA
"22","2020-02-08 10:23:28-03","NBC","NL-BOTANY","U.1425913","PreservedSpecimen","Plantae",NA,"Rosales","Moraceae","Ficus","catappifolia","Ficus catappifolia","Kunth & Bouché","Berg CC","Tostain O",NA,"1993","10","15","Southern America","French Guiana",NA,NA,NA,NA,NA,NA,"<a href=https://data.biodiversitydata.nl/naturalis/specimen/U.1425913 target=other class=eLink> <mi>dwc_moreinfo</mi></a>","NL-U1425913","NL-U1425913",NA,NA,NA,NA,NA,NA,"Magnoliopsidae","U 0023062",NA,NA,NA,NA,NA
"23","2020-02-08 10:23:28-03","NBC","NL-BOTANY","U.1425914","PreservedSpecimen","Plantae",NA,"Rosales","Moraceae","Ficus","catappifolia","Ficus catappifolia","Kunth & Bouché","Berg CC","Austin DF",NA,"1979","10","14","Southern America","Brazil","Amapá",NA,NA,NA,NA,NA,"<a href=https://data.biodiversitydata.nl/naturalis/specimen/U.1425914 target=other class=eLink> <mi>dwc_moreinfo</mi></a>","NL-U1425914","NL-U1425914",NA,NA,NA,NA,NA,NA,"Magnoliopsidae","U 0023068",NA,NA,NA,NA,NA
"24","2020-02-08 10:23:28-03","NBC","NL-BOTANY","U.1425915","PreservedSpecimen","Plantae",NA,"Rosales","Moraceae","Ficus","catappifolia","Ficus catappifolia","Kunth & Bouché",NA,"Vilhena R",NA,"1978","12","09","Southern America","Brazil","Pará",NA,NA,NA,NA,NA,"<a href=https://data.biodiversitydata.nl/naturalis/specimen/U.1425915 target=other class=eLink> <mi>dwc_moreinfo</mi></a>","NL-U1425915","NL-U1425915",NA,NA,NA,NA,NA,NA,"Magnoliopsidae","U 0023067",NA,NA,NA,NA,NA
"25","2020-02-08 10:23:28-03","NBC","NL-BOTANY","U.1425916","PreservedSpecimen","Plantae",NA,"Rosales","Moraceae","Ficus","catappifolia","Ficus catappifolia","Kunth & Bouché",NA,"Prévost M-F",NA,"1979","09","17","Southern America","French Guiana",NA,NA,NA,NA,NA,NA,"<a href=https://data.biodiversitydata.nl/naturalis/specimen/U.1425916 target=other class=eLink> <mi>dwc_moreinfo</mi></a>","NL-U1425916","NL-U1425916",NA,NA,NA,NA,NA,NA,"Magnoliopsidae","U 0023066",NA,NA,NA,NA,NA
"26","2020-02-08 10:23:28-03","NBC","NL-BOTANY","U.1425917","PreservedSpecimen","Plantae",NA,"Rosales","Moraceae","Ficus","catappifolia","Ficus catappifolia","Kunth & Bouché","Berg CC","Maciel UN; Cordeiro MR",NA,"1978","12","12","Southern America","Brazil","Pará",NA,NA,NA,NA,NA,"<a href=https://data.biodiversitydata.nl/naturalis/specimen/U.1425917 target=other class=eLink> <mi>dwc_moreinfo</mi></a>","NL-U1425917","NL-U1425917",NA,NA,NA,NA,NA,NA,"Magnoliopsidae","U 0023069",NA,NA,NA,NA,NA
"27","2020-02-08 10:23:28-03","NBC","NL-BOTANY","U.1425918","PreservedSpecimen","Plantae",NA,"Rosales","Moraceae","Ficus","catappifolia","Ficus catappifolia","Kunth & Bouché","Berg CC","Maciel UN; Cordeiro MR",NA,"1978","12","12","Southern America","Brazil","Pará",NA,NA,NA,NA,NA,"<a href=https://data.biodiversitydata.nl/naturalis/specimen/U.1425918 target=other class=eLink> <mi>dwc_moreinfo</mi></a>","NL-U1425918","NL-U1425918",NA,NA,NA,NA,NA,NA,"Magnoliopsidae","U 0023064",NA,NA,NA,NA,NA
"28","2020-02-08 10:23:28-03","NBC","NL-BOTANY","U.1425919","PreservedSpecimen","Plantae",NA,"Rosales","Moraceae","Ficus","catappifolia","Ficus catappifolia","Kunth & Bouché","Berg CC","Daly DC",NA,"1980","10","10","Southern America","Brazil","Maranhão",NA,NA,NA,NA,NA,"<a href=https://data.biodiversitydata.nl/naturalis/specimen/U.1425919 target=other class=eLink> <mi>dwc_moreinfo</mi></a>","NL-U1425919","NL-U1425919",NA,NA,NA,NA,NA,NA,"Magnoliopsidae","U 0023071",NA,NA,NA,NA,NA
"29","2020-02-08 10:23:28-03","NBC","NL-BOTANY","U.1425920","PreservedSpecimen","Plantae",NA,"Rosales","Moraceae","Ficus","catappifolia","Ficus catappifolia","Kunth & Bouché","Berg CC","Weitzman AL",NA,"1987","09","12","Southern America","French Guiana",NA,NA,NA,NA,NA,NA,"<a href=https://data.biodiversitydata.nl/naturalis/specimen/U.1425920 target=other class=eLink> <mi>dwc_moreinfo</mi></a>","NL-U1425920","NL-U1425920",NA,NA,NA,NA,NA,NA,"Magnoliopsidae","U 0023061",NA,NA,NA,NA,NA
"30","2020-02-08 10:23:28-03","NBC","NL-BOTANY","U.1425921","PreservedSpecimen","Plantae",NA,"Rosales","Moraceae","Ficus","catappifolia","Ficus catappifolia","Kunth & Bouché","Berg CC","Oldeman RAA",NA,"1967","01","26","Southern America","French Guiana",NA,NA,NA,NA,NA,NA,"<a href=https://data.biodiversitydata.nl/naturalis/specimen/U.1425921 target=other class=eLink> <mi>dwc_moreinfo</mi></a>","NL-U1425921","NL-U1425921",NA,NA,NA,NA,NA,NA,"Magnoliopsidae","U 0023060",NA,NA,NA,NA,NA
"31","2020-02-08 10:23:28-03","NBC","NL-BOTANY","U.1425922","PreservedSpecimen","Plantae",NA,"Rosales","Moraceae","Ficus","catappifolia","Ficus catappifolia","Kunth & Bouché","Berg CC","Granville J-J de",NA,"1973","07","26","Southern America","French Guiana",NA,NA,NA,NA,NA,NA,"<a href=https://data.biodiversitydata.nl/naturalis/specimen/U.1425922 target=other class=eLink> <mi>dwc_moreinfo</mi></a>","NL-U1425922","NL-U1425922",NA,NA,NA,NA,NA,NA,"Magnoliopsidae","U 0023059",NA,NA,NA,NA,NA
"32","2020-02-08 10:23:28-03","NBC","NL-BOTANY","U.1425923","PreservedSpecimen","Plantae",NA,"Rosales","Moraceae","Ficus","catappifolia","Ficus catappifolia","Kunth & Bouché","Berg CC","Granville J-J de",NA,"1973","07","26","Southern America","French Guiana",NA,NA,NA,NA,NA,NA,"<a href=https://data.biodiversitydata.nl/naturalis/specimen/U.1425923 target=other class=eLink> <mi>dwc_moreinfo</mi></a>","NL-U1425923","NL-U1425923",NA,NA,NA,NA,NA,NA,"Magnoliopsidae","U 0023058",NA,NA,NA,NA,NA
"33","2020-02-08 10:23:28-03","NBC","NL-BOTANY","U.1425924","PreservedSpecimen","Plantae",NA,"Rosales","Moraceae","Ficus","catappifolia","Ficus catappifolia","Kunth & Bouché","Berg CC","Grenand P",NA,"1978","08","15","Southern America","French Guiana",NA,NA,NA,NA,NA,NA,"<a href=https://data.biodiversitydata.nl/naturalis/specimen/U.1425924 target=other class=eLink> <mi>dwc_moreinfo</mi></a>","NL-U1425924","NL-U1425924",NA,NA,"1984","03",NA,NA,"Magnoliopsidae","U 0023057","01",NA,NA,NA,NA
"34","2021-01-14 15:31:56-03","MN","R","196028","PreservedSpecimen","Plantae",NA,NA,"Moraceae","Ficus","catappifolia","Ficus catappifolia","Kunth & C.D. Bouché",NA,"Mello Filho, L.E.","5415","1986","09","19",NA,"Brasil","Fernando de Noronha",NA,NA,NA,NA,NA,NA,NA,NA,NA,NA,NA,NA,NA,NA,NA,NA,NA,NA,NA,NA,NA
"35","2021-01-14 15:31:56-03","MN","R","171410","PreservedSpecimen","Plantae",NA,NA,"Moraceae","Ficus","catappifolia","Ficus catappifolia","Kunth & C.D. Bouché",NA,"Mello Filho, L.E.","5134","1986","05",NA,NA,"Brasil","Fernando de Noronha",NA,NA,NA,NA,NA,NA,NA,NA,NA,NA,NA,NA,NA,NA,NA,NA,NA,NA,NA,NA,NA
"36","2021-01-14 15:31:56-03","MN","R","195709","PreservedSpecimen","Plantae",NA,NA,"Moraceae","Ficus","catappifolia","Ficus catappifolia","Kunth & C.D. Bouché",NA,"Mello Filho, L.E.","5545","1991","09","04",NA,"Brasil","Rondônia",NA,NA,NA,NA,NA,"Flora Jamari (MT)",NA,NA,NA,NA,NA,NA,NA,NA,NA,NA,NA,NA,NA,NA,NA
"37","2021-01-14 15:31:56-03","MN","R","201537","PreservedSpecimen","Plantae",NA,NA,"Moraceae","Ficus","catappifolia","Ficus catappifolia","Kunth & C.D. Bouché",NA,"Mello Filho, L.E.","4615","1980","08","23",NA,"Brasil",NA,NA,NA,NA,NA,NA,NA,NA,NA,NA,NA,NA,NA,NA,NA,NA,NA,NA,NA,NA,NA,NA
"38","2021-01-17 13:47:17-03","MN","R","139259","PreservedSpecimen","Plantae",NA,NA,"Moraceae","Ficus","catappifolia","Ficus catappifolia","Kunth & C.D. Bouché","Carauta, J.P.P.","Carauta, J.P.P. 1513; Andrade, J.C. 109",NA,"1980","08","10",NA,"Brasil","Minas Gerais","Curvelo","Sucuriú","-44.4308013916016","-18.7563991546631",NA,NA,NA,NA,"57661","auto","1990","11",NA,NA,NA,NA,"14","600","600",NA,NA
"39","2015-07-02 14:03:03-03","JBP","HPL","9723","S","Plantae",NA,NA,"Moraceae","Ficus","catappifolia","Ficus catappifolia","Kunth & Bouché","H. Lorenzi","H. Lorenzi","336","1993","08","25",NA,"Brasil","SP","Jaú","Coletado nas proximidades do município de Jaú, no Posto do Obelisco (trevo), na estrada Jaú-Araraquara.","-48.55","-22.29",NA,NA,NA,NA,"24071","auto","1993","08",NA,NA,NA,NA,"25",NA,NA,NA,NA
"40","2014-09-25 12:32:37-03","FEMACT","MIRR","918","S","Plantae",NA,NA,"Moraceae","Ficus","catappifolia","Ficus catappifolia","Kunth & Bouché",NA,"Ratter, J.A.","5782","1987","03","19",NA,"Brasil","Roraima","Alto Alegre","Ilha de Maracá, SEMA Estação., Maracá Rain Forest Project&nf;Gap 13.","-61.333333","3.366667",NA,"[BARCODE = *MIRR 00918*]Maracá Rain Forest Project&nf;Gap 13. Tall terra firme forest.&nf;Falled tree 705.; Tall terra firme forest.",NA,NA,NA,NA,NA,NA,"-61.333333","3.366667",NA,NA,NA,NA,NA,NA,NA
"41","2019-02-15 11:46:04-02","IPA","IPA","44814","S","Plantae","Plantae",NA,"Moraceae","Ficus","catappifolia","Ficus catappifolia","Kunth & Bouché","Ataíde, M.","Ataide, M.","s.n.","1973","01","02","Southern America","Brasil","Alagoas","Maceió","Praia de Pajuçara","-35.7352981567383","-9.6658296585083",NA,NA,"IPA0044814",NA,"34538","auto","1973",NA,NA,NA,NA,NA,NA,NA,NA,NA,NA
"42","2019-02-15 11:46:04-02","IPA","IPA","16586","S","Plantae","Plantae",NA,"Moraceae","Ficus","catappifolia","Ficus catappifolia","Kunth & Bouché","Carauta, P.","Andrade-Lima","68-5379","1968","05","08","Southern America","Brasil","Pernambuco","Ilha de Fernando de Noronha","terrenos incultos à margem da estrada para Santo Antônio.",NA,NA,NA,"Árvore 6-7m.","IPA0016586",NA,NA,NA,"1972","01",NA,NA,NA,NA,"23",NA,NA,NA,NA
"43","2019-02-15 11:46:04-02","IPA","IPA","31005","S","Plantae","Plantae",NA,"Moraceae","Ficus","catappifolia","Ficus catappifolia","Kunth & Bouché","Ataíde, M.","Rocha, R.F.A.","182","1982","03","17","Southern America","Brasil","Alagoas","Piaçabuçu","Bonito, próximo as dunas.","-36.434398651123","-10.4055995941162",NA,"Árvore; fruto verde. Independente.; Restinga. Solo bem drenado.","IPA0031005",NA,"16123","auto","1983","10",NA,NA,NA,NA,"04",NA,NA,NA,NA
"44","2019-12-09 11:50:58-03","IECOS","HBRA","3997","S","Plantae",NA,NA,"Moraceae","Ficus","catappifolia","Ficus catappifolia","Kunth & Bouché","U. Mehlig","E. S. Oliveira","227","2009","12","17","América do Sul","Brasil","Pará","Bragança","cidade de Bragança, Mirante de São Benedito","-46.74972222","-1.04861111","exsicata","Arbusto, apresenta látex. Sicônios verdes","HBRA0002327","HBRA0002327",NA,NA,"2011","09","-46.74972222","-1.04861111",NA,NA,"04",NA,NA,NA,NA
"45","2019-11-27 13:50:39-03","UFS","ASE","19155","PreservedSpecimen","Plantae","Magnoliophyta",NA,"Moraceae","Ficus","catappifolia","Ficus catappifolia","Kunth & Bouché","Matos, E","Matos, GMA; Matos, E; Costa, SM","8","2010","01","20","Southern America","Brasil","Sergipe","Aracaju","Parque Augusto Franco","-37.071667","-10.911111",NA,"Comprimento de 6 a 10m. Lactescente (látex branco).; Comprimento de 6 a 10m. Lactescente (látex branco).","ASE0006132","ASE0006132",NA,NA,"2010","12","-37.071667","-10.911111",NA,NA,"15",NA,NA,NA,NA
"46","2019-11-27 13:50:39-03","UFS","ASE","19159","PreservedSpecimen","Plantae","Magnoliophyta",NA,"Moraceae","Ficus","catappifolia","Ficus catappifolia","Kunth & Bouché","Matos, E","Matos, E; Costa, SM;","209","2008","11","29","Southern America","Brasil","Sergipe","Aracaju","Parque da Cidade","-37.053817","-10.909542",NA,NA,"ASE0006130","ASE0006130",NA,NA,"2010","07","-37.053817","-10.909542",NA,NA,"06",NA,NA,NA,NA
"47","2019-11-27 13:50:39-03","UFS","ASE","21499","PreservedSpecimen","Plantae","Magnoliophyta",NA,"Moraceae","Ficus","catappifolia","Ficus catappifolia","Kunth & Bouché","Gomes, LA","Prata, AP; Gomes, LA; Carregosa, T; Déda, RM; Santos, E","2705","2011","08","09","Southern America","Brasil","Sergipe","Santa Luzia do Itanhy","RPPN Mata do Crasto, Borda da mata. Solo arenoso.","-37.429167","-11.401389",NA,"Árvore, ca. de 16m de altura. Látex branco. Frutos imaturos verdes.; Árvore, ca. de 16m de altura. Látex branco. Frutos imaturos verdes.; Mata Atlântica.","ASE0006137","ASE0006137",NA,NA,"2011","09","-37.429167","-11.401389",NA,NA,NA,NA,NA,NA,NA
"48","2021-03-01 16:35:50-03","UNICAMP","UEC","20070","S","Plantae","Magnoliopsida",NA,"Moraceae","Ficus","catappifolia","Ficus catappifolia","Kunth & C.D.Bouché","Bastos, NC","Austin, DF; Santos, MR; Secco, RS; Nauman, CE; Rosário, CC","7023","1979","10","14",NA,"Brazil","Amapá","Macapá","Parque Florestal de Macapá","-51.0663986206055","-0.366667002439499",NA,"Cipó estrangulante, com frutos verdes e látex, fixada sobre uma árvore. Mata secundaria bem entrada do parque.",NA,NA,"225229","auto","1980","03",NA,NA,NA,NA,"02",NA,NA,NA,NA
"49","2021-03-01 16:35:50-03","UNICAMP","UEC","90696","S","Plantae","Magnoliopsida",NA,"Moraceae","Ficus","catappifolia","Ficus catappifolia","Kunth & C.D.Bouché","Pereira, RAS","Pereira, RAS","9","1997","07","07",NA,"Brazil","São Paulo","Campinas","Unicamp, Praça da Paz do lado próximo ao Restaurante Universitário I","-47.060001373291","-22.8999996185303",NA,"Árvore 4m, DAP=20cm, hábito ereto sem raízes estrangulantes, látex abundante e muito branco, sicônios na fase C preenchidos completamente pelas galhas, coloração verde externamente e páleo internamente, sicônio levemente aveludado com brácteas do os",NA,NA,"23900","auto",NA,NA,NA,NA,NA,NA,NA,NA,NA,NA,NA
"50","2021-03-01 16:35:50-03","UNICAMP","UEC","89759","S","Plantae","Magnoliopsida",NA,"Moraceae","Ficus","catappifolia","Ficus catappifolia","Kunth & C.D.Bouché","Pereira, RAS","Pereira, RAS","9","1997","07","07",NA,"Brazil","São Paulo","Campinas","Unicamp, Praça da Paz do lado próximo ao Restaurante Universitário I","-47.060001373291","-22.8999996185303",NA,"Árvore 4m, DAP=20cm, hábito ereto sem raízes estrangulantes, látex abundante e muito branco, sicônios na fase C preenchidos completamente pelas galhas, coloração verde externamente e páleo internamente, sicônio levemente aveludado com brácteas do os",NA,NA,"23900","auto",NA,NA,NA,NA,NA,NA,NA,NA,NA,NA,NA
"51","2020-04-22 16:22:08-03","UFPB","JPB","49328","PreservedSpecimen","Plantae","Angiosperma","Dicotyledon","Moraceae","Ficus","catappifolia","Ficus catappifolia","Kunth & C.D. Bouché","Gomes, LA","Prata, AP; Gomes, LA; Carregosa-Silva, T; Déda, RM; Santos, E","2705","2011","08","09","Southern America","Brasil","Sergipe","Santa Luzia do Itanhy","RPPN Mata do Crasto, Borda da mata. Solo arenoso.","-37.429167","-11.401389",NA,"; HABITAT: Mata Atlântica.; DESC: Árvore, ca. de 16m de altura. Látex branco. Frutos imaturos verdes.","JPB0049328",NA,NA,NA,"2011","09","-37.429167","-11.401389",NA,NA,NA,NA,NA,NA,NA
"52","2021-03-16 17:54:47-03","UCS","HUCS","9397","PreservedSpecimen","Plantae","Angiospermae","Rosales","Moraceae","Ficus","catappifolia","Ficus catappifolia","Kunth & Bouché ex Kunth","Neto, S.R.","Hatschbach, G.","52594","1988","10","24",NA,"Brasil","Mato Grosso do Sul","Miranda","BR 262","-56.3782997131348","-20.2406005859375",NA,"Pantanal - pequeno capão dos terrenos mais elevados de solo enxuto",NA,NA,"92112","auto","1996","06",NA,NA,NA,NA,NA,NA,NA,NA,NA
"53","2020-12-21 16:35:54-03","MBM","MBM","302097","PreservedSpecimen","Plantae",NA,NA,"Moraceae","Ficus","catappifolia","Ficus catappifolia","Kunth & Bouche","Castro, R.M.","Forzza, R.C.; et al.; et al.","2480","2003","11","29","Southern America","Brazil","Goiás","Goiás","Rodovia Goiás - Mossâmedes","-50.1403007507324","-15.9343996047974",NA,NA,"MBM302097","MBM302097","63502","auto",NA,NA,NA,NA,NA,NA,NA,NA,NA,NA,NA
"54","2020-12-21 16:35:54-03","MBM","MBM","215738","PreservedSpecimen","Plantae",NA,NA,"Moraceae","Ficus","catappifolia","Ficus catappifolia","Kunth & Bouche","Romaniuc Neto, S.","Romaniuc Neto, S.; et al.; et al.","1333",NA,NA,NA,"Southern America","Brazil","São Paulo","Itapira","Itapira - Mogi-Mirim","-46.8199996948242","-22.4300003051758",NA,NA,"MBM215738","MBM215738","19933","auto",NA,NA,NA,NA,NA,NA,NA,NA,NA,NA,NA
"55","2015-09-05 11:37:08-03","MNHN","RECOLNAT_MNHN_P","P06752684","PreservedSpecimen",NA,NA,NA,"Moraceae","Ficus","catappifolia","Ficus catappifolia","Kunth & Bouché",NA,"Oldeman",NA,"1970","5","21",NA,"Guyane française",NA,NA,"Haut Oyapock. les Trois Sauts. Guiana Francesa",NA,NA,"hb",". . <a href='http://coldb.mnhn.fr/catalognumber/mnhn/p/p06752684' target='other'> <mi>dwc_moreinfo</mi></a>","P06752684","P06752684_01",NA,NA,NA,NA,NA,NA,NA,NA,NA,NA,NA,"B 3315",NA
"56","2015-09-05 11:37:41-03","MNHN","RECOLNAT_MNHN_P","P06752687","PreservedSpecimen",NA,NA,NA,"Moraceae","Ficus","catappifolia","Ficus catappifolia","Kunth & Bouché",NA,"Prévost, M.F.",NA,"1979","9","17",NA,"Guyane française",NA,NA,"Guyane. Cancession au pied du Montabo, île de Cayenne. Guiana Francesa",NA,NA,"hb",". . <a href='http://coldb.mnhn.fr/catalognumber/mnhn/p/p06752687' target='other'> <mi>dwc_moreinfo</mi></a>","P06752687","P06752687_01",NA,NA,NA,NA,NA,NA,NA,NA,NA,NA,NA,"791",NA
"57","2015-09-05 11:37:07-03","MNHN","RECOLNAT_MNHN_P","P06752683","PreservedSpecimen",NA,NA,NA,"Moraceae","Ficus","catappifolia","Ficus catappifolia","Kunth & Bouché",NA,"Oldeman",NA,"1970","5","21",NA,"Guyane française",NA,NA,"Haut Oyapock, les Trois Sauts. Guiana Francesa",NA,NA,"hb",". . <a href='http://coldb.mnhn.fr/catalognumber/mnhn/p/p06752683' target='other'> <mi>dwc_moreinfo</mi></a>","P06752683","P06752683_01",NA,NA,NA,NA,NA,NA,NA,NA,NA,NA,NA,"B 3315",NA
"58","2015-09-05 11:37:05-03","MNHN","RECOLNAT_MNHN_P","P06752186","PreservedSpecimen",NA,NA,NA,"Moraceae","Ficus","catappifolia","Ficus catappifolia","Kunth & Bouché",NA,"Granville, J.J.",NA,"2002","7","14",NA,"Guyane française",NA,NA,"Monts d´Arawa: Savane-roche centrale. Petite savane-roche située à 500m à l´ouest-sud-ouest de la grande savane-roche. Guiana Francesa","-53.36667","2.81667","hb",". . <a href='http://coldb.mnhn.fr/catalognumber/mnhn/p/p06752186' target='other'> <mi>dwc_moreinfo</mi></a>","P06752186","P06752186_01",NA,NA,NA,NA,NA,NA,NA,NA,NA,"200",NA,"15266",NA
"59","2015-09-05 11:37:07-03","MNHN","RECOLNAT_MNHN_P","P06752682","PreservedSpecimen",NA,NA,NA,"Moraceae","Ficus","catappifolia","Ficus catappifolia","Kunth & Bouché",NA,"Oldeman",NA,"1967","1","26",NA,"Guyane française",NA,NA,"Approuague, rives entre Saut Mapaou et Saut Athanase. Guiana Francesa",NA,NA,"hb","Office de la Recherche Scientifique et Tecnique Outre-Mer. . <a href='http://coldb.mnhn.fr/catalognumber/mnhn/p/p06752682' target='other'> <mi>dwc_moreinfo</mi></a>","P06752682","P06752682_01",NA,NA,NA,NA,NA,NA,NA,NA,NA,NA,NA,"2365",NA
"60","2015-09-05 11:37:41-03","MNHN","RECOLNAT_MNHN_P","P06752688","PreservedSpecimen",NA,NA,NA,"Moraceae","Ficus","catappifolia","Ficus catappifolia","Kunth & Bouché",NA,"Granville, J.-J. de",NA,"1973","7","26",NA,"Guyane française",NA,NA,"Rivière Petite Ouaqui = entre l´ ancien village Hubert et Saut Verdun. Guiana Francesa",NA,NA,"hb",". . <a href='http://coldb.mnhn.fr/catalognumber/mnhn/p/p06752688' target='other'> <mi>dwc_moreinfo</mi></a>","P06752688","P06752688_01",NA,NA,NA,NA,NA,NA,NA,NA,NA,NA,NA,"1930",NA
"61","2015-09-05 11:43:40-03","MNHN","RECOLNAT_MNHN_P","P06823523","PreservedSpecimen",NA,NA,NA,"Moraceae","Ficus","catappifolia","Ficus catappifolia","Kunth & Bouché",NA,"Granville, J.J.",NA,"2004","4","17",NA,"Guyane française",NA,NA,"Inselbergs de la haute Wanapi: savane roche du sud ouest. Guiana Francesa","-53.82778","2.50556","hb",". . <a href='http://coldb.mnhn.fr/catalognumber/mnhn/p/p06823523' target='other'> <mi>dwc_moreinfo</mi></a>","P06823523","P06823523_01",NA,NA,NA,NA,NA,NA,NA,NA,NA,"220",NA,"16003",NA
"62","2015-09-05 11:22:25-03","MNHN","RECOLNAT_MNHN_P","P06863670","PreservedSpecimen",NA,NA,NA,"Moraceae","Ficus","catappifolia","Ficus catappifolia","Kunth & Bouché",NA,"de Granville, J.J.|Crozier, F.|Sarthou, C.",NA,"2002","7","11",NA,"Guyane française",NA,NA,"Guyane Francaise. Monts d´Arawa: Savane-roche centrale. Pied du versant sud-est de la grande savane-roche, rive droite de la Crique. Guiana Francesa","-53.36667","2.81667","hb",". . <a href='http://coldb.mnhn.fr/catalognumber/mnhn/p/p06863670' target='other'> <mi>dwc_moreinfo</mi></a>","P06863670","P06863670_01",NA,NA,NA,NA,NA,NA,NA,NA,NA,"200",NA,"15212",NA
"63","2016-03-17 11:55:37-03","MNHN","RECOLNAT_MNHN_P","P06863841","PreservedSpecimen",NA,NA,NA,"Moraceae","Ficus","catappifolia","Ficus catappifolia","Kunth & Bouché",NA,"Tostain, O.",NA,"1993","10","15",NA,"Guyane française",NA,NA,"Guyane Francaise. Marais Leblond - Ile de Cayenne. Guiana Francesa","-52.33333","4.91667","hb",". . <a href='http://coldb.mnhn.fr/catalognumber/mnhn/p/p06863841' target='other'> <mi>dwc_moreinfo</mi></a>","P06863841","P06863841_01",NA,NA,NA,NA,NA,NA,NA,NA,NA,NA,NA,"212",NA
"64","2015-09-05 11:43:40-03","MNHN","RECOLNAT_MNHN_P","P06823524","PreservedSpecimen",NA,NA,NA,"Moraceae","Ficus","catappifolia","Ficus catappifolia","Kunth & Bouché",NA,"Granville, J.J.|Crozier, F.|Sarthou, C.",NA,"2004","4","17",NA,"Guyane française",NA,NA,"inselbergs de la haute Wanapi: Savae roche du sud ouest. Guiana Francesa","-53.82778",NA,"hb",". . <a href='http://coldb.mnhn.fr/catalognumber/mnhn/p/p06823524' target='other'> <mi>dwc_moreinfo</mi></a>","P06823524","P06823524_01",NA,NA,NA,NA,NA,NA,NA,NA,NA,NA,NA,"16003",NA
"65","2015-09-05 11:37:08-03","MNHN","RECOLNAT_MNHN_P","P06752685","PreservedSpecimen",NA,NA,NA,"Moraceae","Ficus","catappifolia","Ficus catappifolia","Kunth & Bouché",NA,"S.N.",NA,"1901","3",NA,NA,"Brasil","Rio de Janeiro","Teresópolis","Montagne d´ Organes. Teresópolis, Rio de Janeiro, Sudeste, Brasil, América do Sul","-42.9655990600586","-22.4122009277344","hb",". . <a href='http://coldb.mnhn.fr/catalognumber/mnhn/p/p06752685' target='other'> <mi>dwc_moreinfo</mi></a>","P06752685","P06752685_01","38539","auto",NA,NA,NA,NA,NA,NA,NA,NA,NA,NA,NA
"66","2019-06-06 15:39:45-03","JBB","HEPH","2104","S","Plantae","Dicotyledon","Rosales","Moraceae","Ficus","catappifolia","Ficus catappifolia","Kunth & Bouché","Romaniuc Neto, S","Duarte, AP","11017","1968","07","11","Southern America","Brasil","Minas Gerais",NA,"Base da Serra do Cipó",NA,NA,NA,NA,NA,NA,NA,NA,"1996",NA,NA,NA,NA,NA,NA,NA,NA,NA,NA
"67","2020-10-01 14:24:38-03","JBB","HEPH","6928","S","Plantae","Dicotyledon","Rosales","Moraceae","Ficus","catappifolia","Ficus catappifolia","Kunth & Bouché","Neto, SR","Salles, AEH; Augusto, MM","1552B","1989","02","27","Southern America","Brasil","Minas Gerais","Cidade de Patrocínio",NA,NA,NA,NA,NA,NA,NA,NA,NA,"1996","06",NA,NA,NA,NA,NA,NA,NA,NA,NA
"68","2020-10-01 14:24:38-03","JBB","HEPH","5153","S","Plantae","Dicotyledon","Rosales","Moraceae","Ficus","catappifolia","Ficus catappifolia","Kunth & Bouché","Romaniuc Neto, S","Heringer, EP","15280","1976","01","04","Southern America","Brasil","Goiás","Caldas Novas","Cia Termas do Rio Grande","-48.625","-17.74169921875",NA,NA,NA,NA,"36612","auto","1996",NA,NA,NA,NA,NA,NA,NA,NA,NA,NA
"69","2020-10-01 14:24:38-03","JBB","HEPH","27046","S","Plantae","Dicotyledon","Rosales","Moraceae","Ficus","catappifolia","Ficus catappifolia","Kunth & Bouché","Rosário, RF do","Rosário, RF do","4","2010","09","09","Southern America","Brasil","Goiás","Padre Bernardo","Fazenda Pé de Serra","-48.2839012145996","-15.1603002548218",NA,NA,NA,NA,"56279","auto","2010",NA,NA,NA,NA,NA,NA,"798","798",NA,NA
"70","2020-10-01 14:24:38-03","JBB","HEPH","6923","S","Plantae","Dicotyledon","Rosales","Moraceae","Ficus","catappifolia","Ficus catappifolia","Kunth & Bouché","Romaniuc Neto, S","Salles, AEH","1552A","1989","02","27","Southern America","Brasil","Minas Gerais","Patrocínio","Fazenda Chalé","-46.9925003051758","-18.9438991546631",NA,NA,NA,NA,"44638","auto","1989",NA,NA,NA,NA,NA,NA,NA,NA,NA,NA
"71","2021-03-24 17:18:04-03","UFMA","MAR","5231","S","Plantae",NA,NA,"Moraceae","Ficus","catappifolia","Ficus catappifolia","Kunth & Bouché","Silva, C. A. S da","Rocha, T. T.",NA,"2012","08",NA,NA,"Brasil","Pará","Curuçá","Ilha Ipomonga","-47.848056","-0.729167",NA,"Árvore de 5m de altura com frutos imaturos verdes",NA,NA,NA,NA,NA,NA,"47º50'53W","0º43'45S",NA,NA,NA,NA,NA,NA,NA
"72","2009-07-27 08:28:00-03","MO","MOBOT","100202701","PreservedSpecimen","Plantae",NA,NA,"Moraceae","Ficus","catappifolia","Ficus catappifolia","Kunth & Bouché","M.-F. Prévost","D. Sabatier|J.F. Molino","Sabatier 5185","2007","3","14","South America","French Guiana",NA,NA,"Inselbergs de la Haute Wanapi.",NA,NA,NA,NA,NA,NA,NA,NA,NA,NA,NA,NA,NA,NA,NA,NA,NA,NA,"1"
"73","2021-01-08 04:40:00-03","MO","MOBOT","100582270","PreservedSpecimen","Plantae",NA,NA,"Moraceae","Ficus","catappifolia","Ficus catappifolia","Kunth & Bouché","L.A. Gomes","L.A. Gomes|Bruno S. Amorim|J.L. da Costa-Lima|A. R. Lourenço|E. Santos","Gomes 2705","2011","8","9","South America","Brazil","Sergipe","Santa Luzia do Itanhy","RPPN Mata do Crasto.","-37.4291667","-11.4013889",NA,NA,NA,NA,NA,NA,NA,NA,NA,NA,NA,NA,NA,NA,NA,NA,"1"
"74","2008-05-27 22:02:00-03","MO","MOBOT","1323516","PreservedSpecimen","Plantae",NA,NA,"Moraceae","Ficus","catappifolia","Ficus catappifolia","Kunth & Bouché","M. Toledo (USZ)","M. Toledo G.|Bonifacio Mostacedo C.|T. Fredericksen","Toledo G. 733","1998","6","22","South America","Bolivia","Santa Cruz","Nuflo de Chavez","Guarayos, cerca al Campamento de BOLFOR, Aserradero La Chonta. Bosque húmedo de llanura.","-63.08333","-15.83333",NA,NA,NA,NA,NA,NA,NA,NA,NA,NA,NA,NA,NA,"400.00000000",NA,NA,NA
"75","2008-05-27 22:02:00-03","MO","MOBOT","3086178","PreservedSpecimen","Plantae",NA,NA,"Moraceae","Ficus","catappifolia","Ficus catappifolia","Kunth & Bouché","C.C. Berg","Gustavo Martinelli","Martinelli 12347","1987","12","7","South America","Brazil","Pará",NA,"Municipio de Obidos, campos de Ariramba, campinas e matas de galeria, próximo do rio Jaramacarú.",NA,NA,NA,NA,NA,NA,NA,NA,NA,NA,NA,NA,NA,NA,NA,NA,NA,NA,NA
"76","2008-05-27 22:02:00-03","MO","MOBOT","3086497","PreservedSpecimen","Plantae",NA,NA,"Moraceae","Ficus","catappifolia","Ficus catappifolia","Kunth & Bouché","C.C.Berg","Daniel F. Austin","Austin 7023","1979","10","14","South America","Brazil","Amapá",NA,"Parque Florestal de Macapá.","-51.09388","-0.04027",NA,NA,NA,NA,NA,NA,NA,NA,NA,NA,NA,NA,NA,NA,NA,NA,NA
"77","2010-06-10 13:38:00-03","MO","MOBOT","3281007","PreservedSpecimen","Plantae",NA,NA,"Moraceae","Ficus","catappifolia","Ficus catappifolia","Kunth & Bouché","J.J. de Granville","J.J. de Granville","Granville 15266","2002","7","14","South America","French Guiana",NA,NA,"Monts d'Arawa: Savane-roche centrale. Fourré de savane roche. Petite savane-roche située à 500 m à l'ouest-sud-ouest de la grande savane-roche.","-53.3666667","2.8166667",NA,NA,NA,NA,NA,NA,NA,NA,NA,NA,NA,NA,NA,"200.00000000",NA,NA,"1"
"78","2015-05-20 10:36:05-03","UFERSA","MOSS","2079","S","Plantae",NA,NA,"Moraceae","Ficus","catappifolia","Ficus catappifolia","Kunth & Bouché",NA,"Projeto Parque das Dunas","18",NA,NA,NA,"América do Sul","Brasil","Rio Grande do Norte","Natal",NA,"-35.2094","-5.795",NA,NA,NA,NA,"12751","auto",NA,NA,NA,NA,NA,NA,NA,NA,NA,NA,NA
"79","2021-01-10 20:50:40-03","INPA","INPA","157890","S","Plantae","Dicotyledon Rosids","Rosales","Moraceae","Ficus","catappifolia","Ficus catappifolia","Kunth & C.D.Bouché","Berg, CC","Martinelli, G","12347","1987","12","07","Southern America","Brasil","Pará","Óbidos","Campos de Ariramba, Campos de Ariramba, próximo do rio Jaramacarú","-56.251231","1.345069",NA,NA,"INPA0157890","INPA0157890 INPA0157890_e INPA0157890_e1",NA,NA,"1995","11","-56.251231","1.345069",NA,NA,NA,NA,NA,NA,NA
"80","2020-08-31 09:17:04-03","INPA","INPA","242973","S","Plantae","Dicotyledon Rosids","Rosales","Moraceae","Ficus","catappifolia","Ficus catappifolia","Kunth & C.D.Bouché","Luize, BG","Luize, BG","356","2011","07","19","Southern America","Brasil","Amazonas","Codajás","Paisagem Lago Badajós; Margem esquerda (Norte) Solimões; Floresta de várzea; terreno alagavel; coluna de água de 3.90 m ; Margem do canal do Lago Redondo","-62.752167","-3.444",NA,NA,"INPA0242973","INPA0242973 INPA0242973_e",NA,NA,"2011","08","-62.752167","-3.444",NA,NA,NA,NA,NA,NA,NA
"81","2020-08-31 09:17:04-03","INPA","INPA","257874","S","Plantae","Dicotyledon Rosids","Rosales","Moraceae","Ficus","catappifolia","Ficus catappifolia","Kunth & C.D.Bouché","Ramos, JF","Silva, JAC da","1775","2010","10","06","Southern America","Brasil","Amazonas","Presidente Figueiredo","Vila de Balbina., Ramal do antigo porto dos pescadores.","-59.25","-1.56",NA,NA,"INPA0257874","INPA0257874 INPA0257874_e",NA,NA,NA,NA,"-59.25","-1.56",NA,NA,NA,NA,NA,NA,NA
"82","2020-08-31 09:17:04-03","INPA","INPA","97094","S","Plantae","Dicotyledon Rosids","Rosales","Moraceae","Ficus","catappifolia","Ficus catappifolia","Kunth & C.D.Bouché","Bastos, MNC","Austin, DF","7023","1979","10","14","Southern America","Brasil","Amapá","Macapá","Fazendinha, Parque Florestal de Macapá","-51.32635","-0.126547",NA,NA,"INPA0097094","INPA0097094 INPA0097094_e",NA,NA,"1980","03","-51.32635","-0.126547",NA,NA,NA,NA,NA,NA,NA
"83","2020-08-31 09:17:04-03","INPA","INPA","167707","S","Plantae","Dicotyledon Rosids","Rosales","Moraceae","Ficus","catappifolia","Ficus catappifolia","Kunth & C.D.Bouché",NA,"Ratter, JA","5782","1987","03","19","Southern America","Brasil","Roraima","Alto Alegre","Ilha de Maracá, SEMA Ecological Station.","-61.416667","3.366667",NA,NA,"INPA0167707","INPA0167707 INPA0167707_e",NA,NA,NA,NA,"-61.416667","3.366667",NA,NA,NA,NA,NA,NA,NA
"84","2020-09-12 05:00:02-03","US","US","3666976","PreservedSpecimen","Plantae",NA,"Urticales","Moraceae","Ficus","catappifolia","Ficus catappifolia","Kunth & Bouché",NA,"S. Romaniuc Neto & J. Godoi","1365","1993","4","5","South America - Neotropics","Brazil","São Paulo","Amparo","Estrada de Amparo-Pedreira","-46.7599983215332","-22.7000007629395",NA,NA,"US01333883","US01333883_01","18036","auto",NA,NA,NA,NA,"Dicotyledonae",NA,NA,NA,NA,NA,"1"
"85","2020-09-12 05:00:02-03","US","US","2940487","PreservedSpecimen","Plantae",NA,"Urticales","Moraceae","Ficus","catappifolia","Ficus catappifolia","Kunth & Bouché",NA,"D. Austin, C. E. Nauman, R. S. Secco, C. S. Rosário & M. R. Santos","7023","1979","10","14","South America - Neotropics","Brazil","Amapá","Macapá","Parque Florestal de Macapá","-51.0663986206055","-0.366667002439499",NA,NA,"US01333881","US01333881_01","225229","auto",NA,NA,NA,NA,"Dicotyledonae",NA,NA,NA,NA,NA,"1"
"86","2020-09-12 05:00:02-03","US","US","3118092","PreservedSpecimen","Plantae",NA,"Urticales","Moraceae","Ficus","catappifolia","Ficus catappifolia","Kunth & Bouché","Berg, C. C.","J.-J. de Granville, L. Allorge, W. J. Hahn, M. Hoff & A. L. Weitzman","9832","1987","8","29","South America - Neotropics","French Guiana",NA,NA,"Akouba Booka goo Soula, Camp #3, Roche no. 2, Bassin du Haut-Marouini","-54.03","2.61",NA,NA,"US00696061",NA,NA,NA,NA,NA,NA,NA,"Dicotyledonae",NA,NA,"180",NA,NA,"1"
"87","2020-09-12 05:00:02-03","US","US","3522666","PreservedSpecimen","Plantae",NA,"Urticales","Moraceae","Ficus","catappifolia","Ficus catappifolia","Kunth & Bouché",NA,"G. Martinelli, C. A. Cid Ferreira, C. D. A. Mota, F. Batista & C. Farney","12347","1987","12","7","South America - Neotropics","Brazil","Pará","Óbidos","Campos de Ariramba, campinas e matas de galeria, próximo do Rio Jaramacarú","-55.5181007385254","-1.91750001907349",NA,NA,"US01333882","US01333882_01","479825","auto",NA,NA,NA,NA,"Dicotyledonae",NA,NA,NA,NA,NA,"1"
"88","2020-09-12 05:00:02-03","US","US","3666979","PreservedSpecimen","Plantae",NA,"Urticales","Moraceae","Ficus","catappifolia","Ficus catappifolia","Kunth & Bouché",NA,"S. Romaniuc Neto & J. Godoi","1333","1992","9","22","South America - Neotropics","Brazil","São Paulo",NA,"Estrada Itapira-Mogi-Mirim. Margem do Rio Mogi-Guaçu",NA,NA,NA,NA,"US01333884","US01333884_01",NA,NA,NA,NA,NA,NA,"Dicotyledonae",NA,NA,NA,NA,NA,"1"
"89","2020-09-12 05:00:02-03","US","US",NA,"PreservedSpecimen","Plantae",NA,"Urticales","Moraceae","Ficus","catappifolia","Ficus catappifolia","Kunth & Bouché","Berg, C. C.","K. J. Wurdack, K. M. Redden, A. Rodriguez, C. Perry & P. Ragnauth","4734","2008","10","3","South America - Neotropics","Guyana","U. Takutu-U. Essequibo",NA,"CI concession. Himara Creek between Camps 2 and 3","-58.0961","3.36831",NA,NA,NA,NA,NA,NA,NA,NA,NA,NA,"Dicotyledonae",NA,NA,"161",NA,NA,"1"
"90","2020-09-12 05:00:02-03","US","US","3268911","PreservedSpecimen","Plantae",NA,"Urticales","Moraceae","Ficus","catappifolia","Ficus catappifolia","Kunth & Bouché",NA,"A. L. Weitzman & W. Hahn","295","1987","9","12","South America - Neotropics","French Guiana",NA,NA,"Montagnes de Kaw, Auberge de Brousse des Cascades. ±1 km above the end of road","-52.2833","4.58333",NA,NA,"US00693220",NA,NA,NA,NA,NA,NA,NA,"Dicotyledonae",NA,NA,"140",NA,NA,"1"
"91","2020-09-12 05:00:02-03","US","US","3205362","PreservedSpecimen","Plantae",NA,"Urticales","Moraceae","Ficus","catappifolia","Ficus catappifolia","Kunth & Bouché","Berg, C. C.","R. Oldeman","B 3315","1970","5","21","South America - Neotropics","French Guiana",NA,NA,"Haut Oyapock, Trois Sauts","-52.88","2.25",NA,NA,"US00696062",NA,NA,NA,NA,NA,NA,NA,"Dicotyledonae",NA,NA,NA,NA,NA,"1"
"92","2020-09-12 05:00:02-03","US","US","3307969","PreservedSpecimen","Plantae",NA,"Urticales","Moraceae","Ficus","catappifolia","Ficus catappifolia","Kunth & Bouché","Berg, C. C.","A. L. Weitzman & W. Hahn","295","1987","9","12","South America - Neotropics","French Guiana",NA,NA,"Montagnes de Kaw, Auberge de Brousse des Cascades. ±1 km above the end of road","-52.2833","4.58333",NA,NA,"US00474715",NA,NA,NA,NA,NA,NA,NA,"Dicotyledonae",NA,NA,"140",NA,NA,"1"
"93","2020-09-12 05:00:02-03","US","US","3478416","PreservedSpecimen","Plantae",NA,"Urticales","Moraceae","Ficus","catappifolia","Ficus catappifolia","Kunth & Bouché","Granville, J. J. de, (CAY), Institut de Recherche pour le Developpement (IRD) (FRENCH GUIANA)","J.-J. de Granville, F. Crozier & C. Sarthou","15212","2002","7","11","South America - Neotropics","French Guiana",NA,NA,"Monts d'Arawa, zone de la savane-roche centrale, pied du versant sud-est","-53.36","2.81",NA,NA,"US00826331",NA,NA,NA,NA,NA,NA,NA,"Dicotyledonae",NA,NA,"200",NA,NA,"1"
"94","2020-09-02 16:33:36-03","Cenargen","CEN","78517","PreservedSpecimen","Plantae",NA,NA,"Moraceae","Ficus","catappifolia","Ficus catappifolia","Kunth & Bouché",NA,"Daniela Inácio Junqueira - UEG","646","2010","01","24",NA,"Brasil","GO","CALDAS NOVAS","Parque Estadual Serra de Caldas Novas.","-48.625","-17.74169921875","Exsicatas","Doação Herbário UB - Brasil - Goiás.","CEN00078517","CEN00078517","36612","auto",NA,NA,NA,NA,NA,NA,NA,NA,NA,NA,"1"
"95","2020-12-02 09:07:31-03","UNITINS","HUTO","3023","PreservedSpecimen","Plantae",NA,NA,"Moraceae","Ficus","catappifolia","Ficus catappifolia","Kunth. et Bouché","Carauta, J.P.P.","Pereira, B.A.S.","2608","1994","09","08",NA,"Brasil","Goiás","Formosa","BR 020 km 106 margem direita. Solo podzólico","-47.334400177002","-15.5371999740601",NA,"Árvore 15 m de altura, com tronco grosso e irregular. Fruto imaturo cor verde; Área de mata decídua transformada em pastagem","HUTO003023",NA,"113054","auto","1997","09",NA,NA,NA,NA,NA,"800","800",NA,NA
"96","2019-10-07 09:36:26-03","UEFS","HUEFS","219282","PreservedSpecimen","Plantae","Angiospermae","Rosales","Moraceae","Ficus","catappifolia","Ficus catappifolia","Kunth & C.D.Bouché",NA,"Matos, E.","209","2008","11","29",NA,"Brasil","Sergipe","Aracaju","Parque da Cidade.","-37.0717010498047","-10.9111003875732",NA,NA,"HUEFS0219282","HUEFS0219282","28193","auto",NA,NA,NA,NA,"Rosanae",NA,NA,NA,NA,NA,NA
"97","2021-03-04 11:17:48-03","UEFS","HUEFS","163996","PreservedSpecimen","Plantae","Angiospermae","Rosales","Moraceae","Ficus","catappifolia","Ficus catappifolia","Kunth & Bouché",NA,"Marques, M.C.","150","1989","05","22",NA,"Brasil","San Luis",NA,"praia do calhau, maranhão",NA,NA,NA,"topo de duna","HUEFS0163996","HUEFS0163996",NA,NA,NA,NA,NA,NA,"Rosanae",NA,NA,NA,NA,NA,NA
"98","2018-05-14 16:34:36-03","F","FMNH-SEEDPLANTS","V0202725F","PreservedSpecimen","Plantae","Spermatophyta",NA,"Moraceae","Ficus","catappifolia","Ficus catappifolia",NA,"RRC ID Flag","G. Martinelli","12347",NA,NA,NA,"South America","Brazil","Pará",NA,NA,"-53","-4",NA,NA,"V0202725F","V0202725F_01 V0202725F_02",NA,NA,NA,NA,NA,NA,"Dicotyledoneae",NA,NA,NA,NA,"12347",NA
"99","2020-07-23 12:15:07-03","CEPLAC","CEPEC","75816","PreservedSpecimen","Plantae",NA,NA,"Moraceae","Ficus","catappifolia","Ficus catappifolia",NA,"S. R. Neto","S. R. Neto","1333","1992","09","22",NA,"Brasil","São Paulo","SÃO PAULO","Estrada Itapira/Mogi-Mirim. Mata da Cachoeira, marg. do Rio Mogi-Guacu.","-46.6300010681152","-23.5400009155273",NA,NA,NA,NA,"53584","auto",NA,NA,NA,NA,NA,"30/03/1996",NA,NA,NA,NA,NA
"100","2020-08-03 12:10:45-03","CEPLAC","CEPEC","117517","PreservedSpecimen","Plantae",NA,NA,"Moraceae","Ficus","catappifolia","Ficus catappifolia",NA,"M. L. Guedes","M. L. Guedes","12062","2006","01","11",NA,"Brasil","Bahia","MONTE SANTO","Nordeste da Bahia.","-39.316667","-10.433333",NA,NA,NA,NA,NA,NA,NA,NA,"39W19'","10S26'",NA,"30/05/2006",NA,NA,NA,NA,NA
"101","2019-11-01 15:04:54-03","UnB","UB","106694","PreservedSpecimen","Plantae","Dicotyledoneae",NA,"Moraceae","Ficus","catappifolia","Ficus catappifolia","Kunth & Bouché","Nogueira, LC","Nogueira, LC; Antezana, FL","23","2006","05","19","Southern America","Brasil","Distrito Federal","Brasília","APA de Cafuringa, Dolina da Garapa.","-47.9296989440918","-15.7797002792358",NA,"Exudação leitosa abundante, folhas bem grandes discolores.; SubArbusto; Mata.",NA,NA,"70570","auto",NA,NA,NA,NA,NA,NA,NA,NA,NA,NA,NA
"102","2019-11-01 15:04:54-03","UnB","UB","160152","PreservedSpecimen","Plantae","Dicotyledoneae",NA,"Moraceae","Ficus","catappifolia","Ficus catappifolia","Kunth & Bouché","Junqueira, DI","Junqueira, DI","646","2010","01","24","Southern America","Brasil","Goiás","Caldas Novas","Parque Estadual Serra de Caldas Novas","-48.625","-17.74169921875",NA,"Árvore 12m. Fruto verde.; Mata de galeria",NA,NA,"36612","auto","2010","01",NA,NA,NA,NA,"24",NA,NA,NA,NA
"103","2019-11-01 15:04:54-03","UnB","UB","37130","PreservedSpecimen","Plantae","Dicotyledoneae",NA,"Moraceae","Ficus","catappifolia","Ficus catappifolia","Kunth & Bouché","Silva, DB","Silva, JCS","2023","2000",NA,NA,"Southern America","Brasil","Distrito Federal","Planaltina","22km da ponte do Rio Itiquira",NA,NA,NA,NA,NA,NA,NA,NA,NA,NA,NA,NA,NA,NA,NA,NA,NA,NA,NA
"104","2019-11-01 15:04:54-03","UnB","UB",NA,"PreservedSpecimen","Plantae","Dicotyledoneae",NA,"Moraceae","Ficus","catappifolia","Ficus catappifolia","Kunth & Bouché",NA,"Bassoli, RL; et al.","50","2016","11","17","Southern America","Brasil","Minas Gerais","Unaí","Fazenda Cachoeira, 7 Km do centro da cidade de Unaí, rodovia sentido frigorífico","-46.878056","-16.349167",NA,"Árvore 5m. Látex branco; Mata de galeria, córrego seco, próximo a pasto formado",NA,NA,NA,NA,NA,NA,"-46.878056","-16.349167",NA,NA,NA,NA,NA,NA,NA
"105","2021-03-04 15:45:53-03","IF","SPSF","43546","PreservedSpecimen","Plantae","Magnoliophyta","Rosales","Moraceae","Ficus","catappifolia","Ficus catappifolia","(Bouché)","N.M.Ivanauskas","N.M.Ivanauskas",NA,NA,NA,NA,"América do Sul","Brasil","MT","Gaúcha do Norte",NA,"-53.0797004699707","-13.2421998977661",NA,NA,NA,NA,"152955","auto","1999","08",NA,NA,"Magnoliopsida",NA,"13",NA,NA,NA,NA
"106","2020-10-26 09:32:39-03","UNEMAT","NX-FANEROGAMAS","13451","PreservedSpecimen","Plantae",NA,NA,"Moraceae","Ficus","catappifolia","Ficus catappifolia","kunth. & Bouché",NA,"Iduarte G.P., Fetter P.; Fernandes-Bulhão C.; Cozer-Leal A.C.","GPI14","2010","11","15",NA,"Brasil","Mato Grosso","Nova Xavantina","Ilha 26","-52.353099822998","-14.6732997894287",NA,"Látex cor café com leite abundante, casca lisa branca, entrecasca amarela.",NA,NA,"79739","auto",NA,NA,NA,NA,NA,NA,NA,NA,NA,NA,NA
"107","2020-10-26 09:32:39-03","UNEMAT","NX-FANEROGAMAS","2088","PreservedSpecimen","Plantae",NA,NA,"Moraceae","Ficus","catappifolia","Ficus catappifolia","Kunth. & Bouché ex Kunth.","Romaniuc Neto S.",NA,"BS372","1999","06","16",NA,"Brasil","Mato Grosso","Nova Xavantina","Ilha Bela. Cerca de 12km de Nova Xavantina. Rio das Mortes.","-52.353099822998","-14.6732997894287",NA,"Ocasional. Casca lisa e cinza. Látex branco.[HABITAT=Mata Ciliar.]",NA,NA,"79739","auto","2000","09",NA,NA,NA,NA,NA,NA,NA,NA,NA
"108","2020-10-26 09:32:39-03","UNEMAT","NX-FANEROGAMAS","7570","PreservedSpecimen","Plantae",NA,NA,"Moraceae","Ficus","catappifolia","Ficus catappifolia","Kunth. & Bouché ex Kunth.","Marimom B.S.","Stefanello D., Silva F.S.; Lima H.","DS127","2005","07","31",NA,"Brasil","Mato Grosso","Querência","Fazenda 2 Americanos.","-52.1996994018555","-12.5968999862671",NA,"Folhas simples alternas, glabras bem cutinizadas. Frutos jovens.",NA,NA,"188860","auto","2006","11",NA,NA,NA,NA,NA,NA,NA,NA,NA
"109","2020-09-17 10:41:20-03","UEPA","MFS","002806","PreservedSpecimen","Plantae",NA,NA,"Moraceae","Ficus","catappifolia","Ficus catappifolia","Kunth & Bouché","Silva, CAS da","Rocha, T.T.","100",NA,NA,NA,NA,"Brasil","Pará","Soure","Praia do Cajú - Una, Quintais Caju - Una.","-48.507464","-0.667394",NA,"Árvore de 12m de altura com exudato branco. Frutos de cor verde.Presença de accúleos no pecíolo.","MFS002806","MFS002806 MFS002806_e",NA,NA,NA,NA,"-48.507464","-0.667394",NA,NA,NA,NA,NA,NA,NA
"110","2020-09-17 10:41:20-03","UEPA","MFS","002319","PreservedSpecimen","Plantae",NA,NA,"Moraceae","Ficus","catappifolia","Ficus catappifolia","Kunth & Bouché","Silva, CAS de","Silva, C.A.S. da","s.n.",NA,NA,NA,NA,"Brasil","Pará","Curuçá","Ilha Ipomonga","-47.866667","-0.616667",NA,"Árvore de 5 m de altura. Frutos imaturos verdes.","MFS002319","MFS002319 MFS002319_e",NA,NA,NA,NA,"-47.866667","-0.616667",NA,NA,NA,NA,NA,NA,NA
"111","2020-11-19 09:29:31-03","IBt","SP","363091","S","Plantae",NA,NA,"Moraceae","Ficus","catappifolia","Ficus catappifolia","Kunth & Bouché",NA,"Marimon, BS","372","1999","06","16",NA,"Brasil","Mato Grosso","Nova Xavantina",NA,"-52.353099822998","-14.6732997894287",NA,NA,NA,NA,"79739","auto",NA,NA,NA,NA,NA,NA,NA,NA,NA,NA,NA
"112","2020-08-13 18:02:24-03","IBt","SP","299432","S","Plantae",NA,NA,"Moraceae","Ficus","catappifolia","Ficus catappifolia","Kunth & Bouché",NA,"Andrade-Lima, D","68-5379","1968","05","08",NA,"Brasil","Pernambuco","Fernando de Noronha",NA,"-32.4108009338379","-3.84028005599976",NA,NA,NA,NA,"8269","auto",NA,NA,NA,NA,NA,NA,NA,NA,NA,NA,NA
"113","2020-07-02 08:40:51-03","IBt","SP","279830","S","Plantae",NA,NA,"Moraceae","Ficus","catappifolia","Ficus catappifolia","Kunth & Bouché",NA,"Rodrigues, EA","326","1995","06","27",NA,"Brasil","São Paulo","Jaboticabal",NA,"-48.3199996948242","-21.25",NA,NA,NA,NA,"22420","auto",NA,NA,NA,NA,NA,NA,NA,NA,NA,NA,NA
"114","2020-09-17 08:58:29-03","IBt","SP","317055","S","Plantae",NA,NA,"Moraceae","Ficus","catappifolia","Ficus catappifolia","Kunth & Bouché",NA,"Rodrigues, EA","365","1997","08","15",NA,"Brasil","São Paulo","Jaboticabal",NA,"-48.3199996948242","-21.25",NA,NA,NA,NA,"22420","auto",NA,NA,NA,NA,NA,NA,NA,NA,NA,NA,NA
"115","2020-08-07 17:11:37-03","IEPA","HAMAB",NA,"PreservedSpecimen","Plantae",NA,NA,"Moraceae","Ficus","catappifolia","Ficus catappifolia",NA,NA,"Costa Neto, SV","742",NA,NA,NA,NA,"Brasil","Amapá","Macapá","Curiaú","-51.033333","-0.133333",NA,NA,NA,NA,NA,NA,NA,NA,"-51.033333","-0.133333",NA,NA,NA,NA,NA,NA,NA
"116","2020-08-07 17:11:37-03","IEPA","HAMAB",NA,"PreservedSpecimen","Plantae",NA,NA,"Moraceae","Ficus","catappifolia","Ficus catappifolia",NA,NA,"Austin, DF","7023","1979","10","14",NA,"Brasil","Amapá",NA,NA,NA,NA,NA,NA,NA,NA,NA,NA,NA,NA,NA,NA,NA,NA,NA,NA,NA,NA,NA
"117","2020-08-07 17:11:37-03","IEPA","HAMAB",NA,"PreservedSpecimen","Plantae",NA,NA,"Moraceae","Ficus","catappifolia","Ficus catappifolia",NA,NA,"Rabelo, BV","1191","1981","04","25",NA,"Brasil","Amapá","Macapá",NA,"-51.0663986206055","-0.366667002439499",NA,NA,NA,NA,"225229","auto",NA,NA,NA,NA,NA,NA,NA,NA,NA,NA,NA
