"record_id","modified","institutionCode","collectionCode","catalogNumber","basisOfRecord","kingdom","phylum","order","family","genus","specificEpithet","scientificName","scientificNameAuthorship","identifiedBy","recordedBy","recordNumber","year","month","day","continentOcean","country","stateProvince","county","locality","decimalLongitude","decimalLatitude","preparationType","occurrenceRemarks","barcode","imagecode","infraspecificEpithet","minimumElevationInMeters","maximumElevationInMeters","yearIdentified","monthIdentified","verbatimLongitude","verbatimLatitude","dayIdentified","class","relatedCatalogItem","coordinatePrecision","geoFlag","typeStatus","fieldNumber","individualCount"
"1","2021-03-15 16:37:00-03","NY","NYBG","625249","PreservedSpecimen","Plantae","Magnoliophyta","Fabales","Fabaceae","Zornia","pardina","Zornia pardina","Mohlenbr.","R. C. Barneby","A. C. Allem","2280","1978","10","30","South America","Brazil","Mato Grosso do Sul","Aquidauana","Fazenda Rio Negro.","-55.7869","-20.4711","sheet","<a href='http://sweetgum.nybg.org/science/vh/specimen_details.php?irn=424226' target='other'> <mi>dwc_moreinfo</mi></a>","NY00625249","NY00625249_01",NA,NA,NA,NA,NA,NA,NA,NA,NA,NA,NA,NA,NA,NA,NA
"2","2021-03-15 16:37:00-03","NY","NYBG","1522965","PreservedSpecimen","Plantae","Magnoliophyta","Fabales","Fabaceae","Zornia","pardina","Zornia pardina crinita","Mohlenbr.","A. P. Fortuna Perez","H. S. Irwin","25074","1970","01","22","South America","Brazil","Goiás","Catalão","Contraforte Central, ca. 24 km N.E. of Catalão","-47.78961","-18.01337","sheet","<a href='http://sweetgum.nybg.org/science/vh/specimen_details.php?irn=1788289' target='other'> <mi>dwc_moreinfo</mi></a>","NY01522965","NY01522965_01","crinita","875","875",NA,NA,NA,NA,NA,NA,NA,NA,NA,NA,NA,NA
"3","2021-03-15 16:37:00-03","NY","NYBG","01093178","PreservedSpecimen","Plantae","Magnoliophyta","Fabales","Fabaceae","Zornia","pardina","Zornia pardina","Mohlenbr.","R. O. Vanni","T. M. Pedersen","15733","1991","03","19","South America","Brazil","Rio Grande do Sul","Carazinho","Segredo","-52.7864","-28.2842","sheet","<a href='http://sweetgum.nybg.org/science/vh/specimen_details.php?irn=1230160' target='other'> <mi>dwc_moreinfo</mi></a>","NY01093178","NY01093178_01",NA,NA,NA,NA,NA,NA,NA,NA,NA,NA,NA,NA,NA,NA,NA
"4","2021-03-15 16:37:00-03","NY","NYBG","625250","PreservedSpecimen","Plantae","Magnoliophyta","Fabales","Fabaceae","Zornia","pardina","Zornia pardina","Mohlenbr.","R. O. Vanni","J. C. Lindeman","1454","1966","03","04","South America","Brazil","Paraná",NA,"At foot of Pico de Cajurú, ca. 15km SE of Jaguariaíva.",NA,NA,"sheet","<a href='http://sweetgum.nybg.org/science/vh/specimen_details.php?irn=424233' target='other'> <mi>dwc_moreinfo</mi></a>","NY00625250","NY00625250_01",NA,NA,NA,NA,NA,NA,NA,NA,NA,NA,NA,NA,NA,NA,NA
"5","2021-03-15 16:37:00-03","NY","NYBG","625255","PreservedSpecimen","Plantae","Magnoliophyta","Fabales","Fabaceae","Zornia","pardina","Zornia pardina","Mohlenbr.","R. O. Vanni","L. Riedel","1926","1834","01",NA,"South America","Brazil",NA,NA,"Sr. Carlos.",NA,NA,"sheet","Recd Sept 1892 <a href='http://sweetgum.nybg.org/science/vh/specimen_details.php?irn=424229' target='other'> <mi>dwc_moreinfo</mi></a>","NY00625255","NY00625255_01",NA,NA,NA,NA,NA,NA,NA,NA,NA,NA,NA,NA,NA,NA,NA
"6","2021-03-15 16:37:00-03","NY","NYBG","95108","PreservedSpecimen","Plantae","Magnoliophyta","Fabales","Fabaceae","Zornia","pardina","Zornia pardina vichadana","Killip ex Mohl","A. P. Fortuna Perez","J. A. Silva","498","1986","07","30","South America","Brazil","Roraima",NA,"Estrada das Confianças l, ll, lll.","-60.67","2.83","sheet","<a href='http://sweetgum.nybg.org/science/vh/specimen_details.php?irn=540793' target='other'> <mi>dwc_moreinfo</mi></a>","NY00095108","NY00095108_01","vichadana",NA,NA,NA,NA,NA,NA,NA,NA,NA,NA,NA,NA,NA,NA
"7","2021-03-15 16:37:00-03","NY","NYBG","625251","PreservedSpecimen","Plantae","Magnoliophyta","Fabales","Fabaceae","Zornia","pardina","Zornia pardina","Mohlenbr.","R. O. Vanni","I. Mimura","215","1962","01","27","South America","Brazil","São Paulo","Sao José dos Campos","Ca. 7.2km SSE em linha reta da praça principal de Sao José dos Campos.","-45.88","-23.1703","sheet","<a href='http://sweetgum.nybg.org/science/vh/specimen_details.php?irn=424232' target='other'> <mi>dwc_moreinfo</mi></a>","NY00625251","NY00625251_01",NA,NA,NA,NA,NA,NA,NA,NA,NA,NA,NA,NA,NA,NA,NA
"8","2016-11-01 12:43:00-02","NY","NYBG","625254","PreservedSpecimen","Plantae","Magnoliophyta","Fabales","Fabaceae","Zornia","pardina","Zornia pardina",NA,"R. O. Vanni","R. Reiss","148","1935","11","12","South America","Brazil","Paraná","Tibagi","Along river N and S and fields and waste places.","-50.4133","-24.5094","sheet","<a href='http://sweetgum.nybg.org/science/vh/specimen_details.php?irn=424227' target='other'> <mi>dwc_moreinfo</mi></a>","NY00625254","NY00625254_01",NA,NA,NA,NA,NA,NA,NA,NA,NA,NA,NA,NA,NA,NA,NA
"9","2021-03-15 16:37:00-03","NY","NYBG","625252","PreservedSpecimen","Plantae","Magnoliophyta","Fabales","Fabaceae","Zornia","pardina","Zornia pardina","Mohlenbr.","R. O. Vanni","I. Mimura","235","1962","01","30","South America","Brazil","São Paulo","Sao José dos Campos","Ca. 7.3km SSE em linha reta da praça principal de Sao José dos Campos.","-45.88","-23.1703","sheet","<a href='http://sweetgum.nybg.org/science/vh/specimen_details.php?irn=424231' target='other'> <mi>dwc_moreinfo</mi></a>","NY00625252","NY00625252_01",NA,"620","650",NA,NA,NA,NA,NA,NA,NA,NA,NA,NA,NA,NA
"10","2021-03-15 16:37:00-03","NY","NYBG","1522966","PreservedSpecimen","Plantae","Magnoliophyta","Fabales","Fabaceae","Zornia","pardina","Zornia pardina crinita","Mohlenbr.","A. P. Fortuna Perez","H. S. Irwin","25558","1970","01","28","South America","Brazil","Minas Gerais","Patrocínio","Morro da Pedras, ca. 25 km N.E. of Patrocínio","-46.9925","-18.9439","sheet","<a href='http://sweetgum.nybg.org/science/vh/specimen_details.php?irn=1788290' target='other'> <mi>dwc_moreinfo</mi></a>","NY01522966","NY01522966_01","crinita","1050","1050",NA,NA,NA,NA,NA,NA,NA,NA,NA,NA,NA,NA
"11","2021-03-15 16:37:00-03","NY","NYBG","625257","PreservedSpecimen","Plantae","Magnoliophyta","Fabales","Fabaceae","Zornia","pardina","Zornia pardina pardina","Mohlenbr.","M. B. Ferreira","L. Riedel","1563","1833","11",NA,"South America","Brazil","São Paulo","Taubaté",NA,"-45.5497","-23.0203","sheet","<a href='http://sweetgum.nybg.org/science/vh/specimen_details.php?irn=373301' target='other'> <mi>dwc_moreinfo</mi></a>","NY00625257","NY00625257_01","pardina",NA,NA,NA,NA,NA,NA,NA,NA,NA,NA,NA,NA,NA,NA
"12","2016-11-01 14:22:00-02","NY","NYBG","623582","PreservedSpecimen","Plantae","Magnoliophyta","Fabales","Fabaceae","Zornia","pardina","Zornia pardina vichadana","Killip ex Mohl","A. P. Fortuna Perez","E. L. Sette Silva","629","1986","08","01","South America","Brazil","Roraima","Bonfim","Margem da estrada para o Cantá.","-60.58","2.83","sheet","<a href='http://sweetgum.nybg.org/science/vh/specimen_details.php?irn=103916' target='other'> <mi>dwc_moreinfo</mi></a>","NY00623582","NY00623582_01","vichadana",NA,NA,NA,NA,NA,NA,NA,NA,NA,NA,NA,NA,NA,NA
"13","2021-02-08 11:09:00-03","UNESP-IBB","BOTU","14276","PreservedSpecimen","Plantae",NA,NA,"Fabaceae","Zornia","pardina","Zornia pardina","Mohlenbr.","Fortuna-Perez, A.P.","Bicudo, L.R.H.","733","1986","03","11",NA,"Brasil","São Paulo","Botucatu",NA,"-48.738611","-22.9",NA,"Quilha verde, alas e estandarte amarelos, estandarte com estrias avermelhadas na base","BOTU014276",NA,NA,NA,NA,"2014","10","48°44'19w","22°54's",NA,NA,NA,NA,NA,NA,NA,NA
"14","2021-04-08 17:42:19-03","EAO","IAN","11137","PreservedSpecimen","Plantae","Dicotiledônea",NA,"Leguminosae-Pap.","Zornia","pardina","Zornia pardina crinita","Mohlenbr.","Ferreira, MB","Ducke, A","1602","1943","08","26","Southern America","Brasil","Roraima","Boa Vista","Boa Vista, campo alto.","-59.254167","0.737222",NA,"Flor amarela.","IAN011137","IAN011137 IAN011137_e","crinita",NA,NA,"1981","07","-59.254167","0.737222","20",NA,NA,NA,NA,NA,NA,NA
"15","2021-04-08 17:42:19-03","EAO","IAN","70362","PreservedSpecimen","Plantae","Dicotiledônea",NA,"Leguminosae-Pap.","Zornia","pardina","Zornia pardina crinita","Mohlenbr.","Ferreira, MB","Black, GA","12545","1951","08","15","Southern America","Brasil","Roraima","Boa Vista","Boa Vista, campo em redor da cidade.","-59.254167","0.737222",NA,NA,"IAN070362",NA,"crinita",NA,NA,"1981","07","-59.254167","0.737222","20",NA,NA,NA,NA,NA,NA,NA
"16","2021-04-08 17:42:19-03","EAO","IAN","70299","PreservedSpecimen","Plantae","Dicotiledônea",NA,"Leguminosae-Pap.","Zornia","pardina","Zornia pardina crinita","Mohlenbr.","Ferreira, MB","Black, GA","12479","1951","08","15","Southern America","Brasil","Roraima","Boa Vista","Boa Vista, campo em redor da cidade.","-59.254167","0.737222",NA,"Erva prostrada, flor amarela.","IAN070299",NA,"crinita",NA,NA,"1981","07","-59.254167","0.737222","20",NA,NA,NA,NA,NA,NA,NA
"17","2021-04-08 17:42:19-03","EAO","IAN","70925","PreservedSpecimen","Plantae","Dicotiledônea",NA,"Leguminosae-Pap.","Zornia","pardina","Zornia pardina crinita","Mohlenbr.","Ferreira, MB","Black, GA","13174","1951","09","01","Southern America","Brasil","Roraima",NA,"Rio Branco, campo da Fazenda Capela.","-59.254167","0.737222",NA,"Erva, com flor amarela.","IAN070925",NA,"crinita",NA,NA,"1981","07","-59.254167","0.737222","20",NA,NA,NA,NA,NA,NA,NA
"18","2021-04-08 17:42:19-03","EAO","IAN","138550","PreservedSpecimen","Plantae","Dicotiledônea",NA,"Leguminosae-Pap.","Zornia","pardina","Zornia pardina pardina","Mohlenbr.","Arroyo, MTK","Irwin, HS; Onishi, E","25952","1970","02","04","Southern America","Brasil","Minas Gerais",NA,"Serra da Anta, rocky hillside, recently burned over, mostly with cerrado, ca. 5 km NW. of Paracatú.",NA,NA,NA,"Herb with numerous decumbent, apically ascending, stems, to ca. 30cm long. Corolla yellow-orange, the standard and wings red at base.","IAN138550",NA,"pardina",NA,NA,"1971",NA,NA,NA,NA,NA,NA,NA,NA,NA,NA,NA
"19","2021-04-08 17:42:19-03","EAO","IAN","38644","PreservedSpecimen","Plantae","Dicotiledônea",NA,"Leguminosae-Pap.","Zornia","pardina","Zornia pardina vichadana","Mohlenbr.","Ferreira, MB","Pinkus, AS","20","1938","10","07",NA,"Guiana",NA,NA,"Waramadong, Kamarang River, upper mazaruni District.",NA,NA,NA,NA,"IAN038644","IAN038644 IAN038644_e IAN038644_e1","vichadana","2800","2800","1981","11",NA,NA,"20",NA,NA,NA,NA,NA,NA,NA
"20","2021-04-08 17:42:19-03","EAO","IAN","56170","PreservedSpecimen","Plantae","Dicotiledônea",NA,"Leguminosae-Pap.","Zornia","pardina","Zornia pardina vichadana","Mohlenbr.","Mohlenbrock Jr, RH","Pinkus, AS","20","1938","09",NA,NA,"Guiana",NA,NA,"Waramadong, Kamarang River, upper mazaruni District.",NA,NA,NA,"Herb about 2ft. high, in sandy soil; petals yellow.","IAN056170",NA,"vichadana","2800","2800","1958",NA,NA,NA,NA,NA,NA,NA,NA,NA,NA,NA
"21","2020-02-08 09:15:30-03","NBC","NL-BOTANY","L.3897197","PreservedSpecimen","Plantae",NA,"Fabales","Leguminosae-Pap.","Zornia","pardina","Zornia pardina","Mohlenbr.",NA,"Pedersen TM",NA,"1991","03","19","Southern America","Brazil",NA,NA,"Brasilienses, Segredo, Mun. Carazinho, Rio Grande do Sul.",NA,NA,NA,"<a href=https://data.biodiversitydata.nl/naturalis/specimen/L.3897197 target=other class=eLink> <mi>dwc_moreinfo</mi></a>","NL-L3897197","NL-L3897197",NA,NA,NA,NA,NA,NA,NA,NA,"Magnoliopsidae",NA,NA,NA,NA,NA,NA
"22","2020-02-08 09:15:30-03","NBC","NL-BOTANY","L.2002175","PreservedSpecimen","Plantae",NA,"Fabales","Leguminosae-Pap.","Zornia","pardina","Zornia pardina crinita","Mohlenbr.",NA,"Pedersen TM",NA,"1986","10","18","Southern America","Paraguay","Amambay",NA,"P.J. Caballero",NA,NA,NA,"<a href=https://data.biodiversitydata.nl/naturalis/specimen/L.2002175 target=other class=eLink> <mi>dwc_moreinfo</mi></a>","NL-L2002175","NL-L2002175","crinita",NA,NA,NA,NA,NA,NA,NA,"Magnoliopsidae","L 0252720",NA,NA,NA,NA,NA
"23","2020-02-08 09:15:30-03","NBC","NL-BOTANY","WAG.1054094","PreservedSpecimen","Plantae",NA,"Fabales","Leguminosae-Pap.","Zornia","pardina","Zornia pardina crinita","Mohlenbr.",NA,"Pedersen TM",NA,"1986","10","18","Southern America","Paraguay","Amambay",NA,"P.J. Caballero",NA,NA,NA,"<a href=https://data.biodiversitydata.nl/naturalis/specimen/WAG.1054094 target=other class=eLink> <mi>dwc_moreinfo</mi></a>","NL-WAG1054094","NL-WAG1054094","crinita",NA,NA,NA,NA,NA,NA,NA,"Magnoliopsidae",NA,NA,NA,NA,NA,NA
"24","2020-02-08 09:15:30-03","NBC","NL-BOTANY","L.2002177","PreservedSpecimen","Plantae",NA,"Fabales","Leguminosae-Pap.","Zornia","pardina","Zornia pardina pardina",NA,"Ferreira MB","Herzog T",NA,"1910","12","01","Southern America","Bolivia","Santa Cruz",NA,"Bolivia , In den Hugelcampos von Los Agnais bei Sta. Cruz",NA,NA,NA,"<a href=https://data.biodiversitydata.nl/naturalis/specimen/L.2002177 target=other class=eLink> <mi>dwc_moreinfo</mi></a>","NL-L2002177","NL-L2002177","pardina",NA,NA,"1980","12",NA,NA,"01","Magnoliopsidae","L 0416913",NA,NA,NA,NA,NA
"25","2021-01-14 15:31:06-03","MN","R","65368","PreservedSpecimen","Plantae",NA,NA,"Fabaceae","Zornia","pardina","Zornia pardina","Mohlenbr.","Fortuna-Perez, A.P.","s.col.",NA,NA,NA,NA,NA,"Brasil","Minas Gerais",NA,NA,NA,NA,NA,"Ex herb. Brasil. Regnellian. Musei bot. Stockholm.",NA,NA,NA,NA,NA,"2011","04",NA,NA,NA,NA,NA,NA,NA,NA,NA,NA
"26","2021-01-14 15:31:06-03","MN","R","69424","PreservedSpecimen","Plantae",NA,NA,"Fabaceae","Zornia","pardina","Zornia pardina","Mohlenbr.","Ferreira, M.B.","Hoehne, F.C.","6611","1915","11",NA,NA,"Brasil","Minas Gerais","Lagoa Santa",NA,"-43.8897018432617","-19.6271991729736",NA,"Commissão Rondon.",NA,NA,NA,NA,NA,"1980","04",NA,NA,"15",NA,NA,"12338","auto",NA,NA,NA
"27","2021-01-14 15:31:06-03","MN","R","131532","PreservedSpecimen","Plantae",NA,NA,"Fabaceae","Zornia","pardina","Zornia pardina","Mohlenbr.","Fortuna-Perez, A.P.","Vidal, J.","s.n.","1935","02",NA,NA,"Brasil","Rio Grande do Sul","Torres",NA,"-49.7268981933594","-29.3353004455566",NA,NA,NA,NA,NA,NA,NA,"2011","04",NA,NA,NA,NA,NA,"20837","auto",NA,NA,NA
"28","2021-01-14 15:31:06-03","MN","R","65394","PreservedSpecimen","Plantae",NA,NA,"Fabaceae","Zornia","pardina","Zornia pardina","Mohlenbr.","Fortuna-Perez, A.P.","Vidal, J.","s.n.","1934","02",NA,NA,"Brasil","Rio Grande do Sul","Torres",NA,"-49.7268981933594","-29.3353004455566",NA,NA,NA,NA,NA,NA,NA,"2011","04",NA,NA,NA,NA,NA,"20837","auto",NA,NA,NA
"29","2021-01-14 15:31:06-03","MN","R","131534","PreservedSpecimen","Plantae",NA,NA,"Fabaceae","Zornia","pardina","Zornia pardina","Mohlenbr.","Fortuna-Perez, A.P.","Smith, L.B.; Klein, R.M.","11603","1957","02","20",NA,"Brasil","Santa Catarina","Chapecó",NA,"-52.6183013916016","-27.096399307251",NA,NA,NA,NA,NA,"900","900","2011","04",NA,NA,NA,NA,NA,"22671","auto",NA,NA,NA
"30","2021-01-14 15:31:06-03","MN","R","131545","PreservedSpecimen","Plantae",NA,NA,"Fabaceae","Zornia","pardina","Zornia pardina","Mohlenbr.","Fortuna-Perez, A.P.","Vidal, J.","s.n.","1958","01",NA,NA,"Brasil","São Paulo","Itapeva",NA,"-48.8699989318848","-23.9799995422363",NA,NA,NA,NA,NA,NA,NA,"2011","04",NA,NA,NA,NA,NA,"42926","auto",NA,NA,NA
"31","2021-01-14 15:31:06-03","MN","R","69395","PreservedSpecimen","Plantae",NA,NA,"Fabaceae","Zornia","pardina","Zornia pardina","Mohlenbr.","Fortuna-Perez, A.P.","Vidal, J.","s.n.","1958","01",NA,NA,"Brasil","São Paulo","Itapeva",NA,"-48.8699989318848","-23.9799995422363",NA,NA,NA,NA,NA,NA,NA,"2011","04",NA,NA,NA,NA,NA,"42926","auto",NA,NA,NA
"32","2020-11-19 10:23:55-03","CPAP","CPAP","7519","PreserverdSpecimen","Plantae",NA,NA,"Fabaceae","Zornia","pardina","Zornia pardina","Mohl.",NA,"Pott, A.","5469","1990","01","31",NA,"Brasil","MS","Corumbá","Fazenda Nhumirim; Sub-região da Nhecolândia; Pantanal - pista de aviação","-56.65","-18.983333",NA,"Erva prostrada ascendente, raiz napiforme. FLOR: amarela. FRUTO: . INTERESSE: Forrageira. FREQUÊNCIA: Abundante. AMBIENTE: Cordilheira (paleodique) desmatada. SUBSTRATO: solo arenoso (Podzol Hidromórfico). RELEVO: plano convexo.",NA,NA,NA,"90","90",NA,NA,"56°39' W","18°59' S",NA,NA,NA,NA,NA,NA,NA,NA
"33","2019-08-27 13:29:42-03","IAP","PACA-AGP","28235","PreservedSpecimen","Plantae","Magnoliophyta","Fagales","Fabaceae","Zornia","pardina","Zornia pardina","Mohlenbr.","R. Vanni e N. Mattos","Rambo, B.",NA,"1945","03",NA,NA,"Brasil","RS","Nonoai","ad flumen Uruguay","-52.7714004516602","-27.3617000579834",NA,"Cf. por A.P. Fortuna Perez em 2007. Fenofase: flor","PACA028235",NA,NA,NA,NA,"1985",NA,NA,NA,NA,"Magnoliatae",NA,"35080","auto",NA,NA,NA
"34","2019-08-27 13:29:42-03","IAP","PACA-AGP","28234","PreservedSpecimen","Plantae","Magnoliophyta","Fagales","Fabaceae","Zornia","pardina","Zornia pardina","Mohlenbr.","Nilza Mattos","Rambo, B.",NA,"1945","03",NA,NA,"Brasil","RS","Nonoai","ad flumen Uruguay","-52.7714004516602","-27.3617000579834",NA,"Cf. por A.P. Fortuna Perez em 2007. Habitat: in campestribus siccis graminosis Fenofase: flor e fruto","PACA028234",NA,NA,NA,NA,"1986","07",NA,NA,NA,"Magnoliatae",NA,"35080","auto",NA,NA,NA
"35","2019-08-27 13:29:42-03","IAP","PACA-AGP","58780","PreservedSpecimen","Plantae","Magnoliophyta","Fagales","Fabaceae","Zornia","pardina","Zornia pardina","Mohlenbr.","Nilza Mattos","Camargo, O. R.","243","1956","03","04",NA,"Brasil","RS","Santa Maria","Estação Exp. de Silvicultura","-53.8069000244141","-29.6842002868652",NA,"Cf. por A.P. Fortuna Perez em 2007. Habitat: in campestribus siccis graminosis","PACA058780",NA,NA,NA,NA,"1986","07",NA,NA,NA,"Magnoliatae",NA,"37819","auto",NA,NA,NA
"36","2019-08-27 13:29:42-03","IAP","PACA-AGP","56482","PreservedSpecimen","Plantae","Magnoliophyta","Fagales","Fabaceae","Zornia","pardina","Zornia pardina","Mohlenbr.","Nilza Mattos","Rambo, B.",NA,"1955","01","19",NA,"Brasil","RS","Torres",NA,"-49.7268981933594","-29.3353004455566",NA,"Cf. por A.P. Fortuna Perez em 2007. Habitat: in arenosis herbosis Fenofase: flor","PACA056482",NA,NA,NA,NA,"1986","07",NA,NA,NA,"Magnoliatae",NA,"20837","auto",NA,NA,NA
"37","2019-08-27 13:29:42-03","IAP","PACA-AGP","71072","PreservedSpecimen","Plantae","Magnoliophyta","Fagales","Fabaceae","Zornia","pardina","Zornia pardina","Mohlenbr.","Ana Paula Fortuna Perez","Sehnem, A.","12964","1972","02","09",NA,"Brasil","RS","Tramandaí","Aeroporto","-50.1335983276367","-29.9846992492676",NA,"Habitat: in graminosis Hábito: erva","PACA071072",NA,NA,NA,NA,"2005","10",NA,NA,NA,"Magnoliatae",NA,"21077","auto",NA,NA,NA
"38","2019-08-27 13:29:42-03","IAP","PACA-AGP","55209","PreservedSpecimen","Plantae","Magnoliophyta","Fagales","Fabaceae","Zornia","pardina","Zornia pardina","Mohlenbr.","R. Vanni & N. Mattos","Reitz, R.","6429","1952","01","24",NA,"Brasil","SC","Chapecó","Capetinga","-52.6183013916016","-27.096399307251",NA,"Cf. por A.P. Fortuna Perez em 2007. Habitat: in campestribus dense graminosis Fenofase: flor e fruto","PACA055209",NA,NA,NA,NA,"1985",NA,NA,NA,NA,"Magnoliatae",NA,"22671","auto",NA,NA,NA
"39","2019-08-27 13:29:42-03","IAP","PACA-AGP","55225","PreservedSpecimen","Plantae","Magnoliophyta","Fagales","Fabaceae","Zornia","pardina","Zornia pardina","Mohlenbr.","Ana Paula Fortuna Perez","Reitz, R.","6454","1953","01","26",NA,"Brasil","SC","Mafra",NA,"-49.8053016662598","-26.111400604248",NA,"Habitat: in campestribus graminosis Fenofase: flor e fruto","PACA055225",NA,NA,NA,NA,"2007","03",NA,NA,NA,"Magnoliatae",NA,"66490","auto",NA,NA,NA
"40","2019-08-27 13:29:42-03","IAP","PACA-AGP","9667","PreservedSpecimen","Plantae","Magnoliophyta","Fagales","Fabaceae","Zornia","pardina","Zornia pardina","Mohlenbr.","N. Mattos","Rambo, B.",NA,"1942","01","28",NA,"Brasil","RS","Tupanciretã",NA,"-53.8358001708984","-29.0806007385254",NA,"Cf. por A.P. Fortuna Perz em 2007. Habitat: in campestribus siccis graminosis Fenofase: flor e fruto","PACA009667",NA,NA,NA,NA,"1986",NA,NA,NA,NA,"Magnoliatae",NA,"59498","auto",NA,NA,NA
"41","2019-08-27 13:29:42-03","IAP","PACA-AGP","55196","PreservedSpecimen","Plantae","Magnoliophyta","Fagales","Fabaceae","Zornia","pardina","Zornia pardina","Mohlenbr.","R. Vanni & N. Mattos","Reitz, R.","6414","1953","02","06",NA,"Brasil","SC","Palhoça","Campo Massiambu","-48.6678009033203","-27.645299911499",NA,"Cf. por A.P. Fortuna Perez em 2007. Habitat: in arenosis herbosis Fenofase: flor e fruto","PACA055196",NA,NA,NA,NA,"1985",NA,NA,NA,NA,"Magnoliatae",NA,"31105","auto",NA,NA,NA
"42","2018-03-08 09:13:18-03","ASU","ASU-PLANTS","ASU0038131","PreservedSpecimen","Plantae","Magnoliophyta","Fabales","Fabaceae","Zornia","pardina","Zornia pardina","Mohlenbr.","R. Vanni","R.Vanni; L.Ferraro, S. Ferrucci","1366","1989","12","12",NA,"Paraguay","Amambay",NA,"Dep. Amambay Parque Nacional Cerro Cora. Campos modificados alrededores de la pista de aviación.","-56.211643","-22.631878",NA,"Ramas postradas. Flores amarillo-claras.",NA,NA,NA,NA,NA,NA,NA,NA,NA,NA,NA,NA,NA,NA,NA,NA,NA
"43","2021-04-07 11:44:55-03","UFMS","CGMS","57010","PreservedSpecimen","Plantae",NA,NA,"Fabaceae","Zornia","pardina","Zornia pardina pardina","Mohlenbr.","A.P. Fortuna-Perez","A. Pott; V.J. Pott; G.A. Damasceno Jr.; J.A. Ratter; W. Milliken; J.Yesilyurt","12535","2005","02","15",NA,"Brasil","Mato Grosso do Sul","Corumbá","Mineração Corumbaense Reunida SA, Serra do Urucum.","-57.5922222","-19.2013889",NA,"Papilionoideae. Flor amarela. Habitat: Área de mineração em campo sujo de cerrado. Solo litossolo de ferro. Relevo encosta superior de serra. Mancha ocasional. Habito: Erva prostrada.","CGMS1086925",NA,"pardina","1000","1000","2006","04","-57,5922222","-19,2013889","28",NA,NA,NA,NA,NA,NA,NA
"44","2021-04-07 11:44:55-03","UFMS","CGMS","11881","PreservedSpecimen","Plantae",NA,NA,"Fabaceae","Zornia","pardina","Zornia pardina","Mohlenbr.","A.P. Fortuna-Perez","D.M. Alves","46","2000",NA,NA,NA,"Brasil","Mato Grosso do Sul","Corumbá",NA,"-57.6533333","-19.0091667",NA,"Papilionoideae. Flor amarelinha.","CGMS1041221",NA,NA,"118","118",NA,NA,"-57,6533333","-19,0091667",NA,NA,NA,NA,NA,NA,NA,NA
"45","2021-04-07 11:44:55-03","UFMS","CGMS","11646","PreservedSpecimen","Plantae",NA,NA,"Fabaceae","Zornia","pardina","Zornia pardina","Mohlenbr.","A.P. Fortuna-Perez","A. Sciamarelli; M.I.B. de Oliveira; C.M. Ishimi","1333","2002","01","24",NA,"Brasil","Mato Grosso do Sul","Dourados","BR-163, Dourados-Rio Brilhante.","-54.5330556","-21.9413889",NA,"Papilionoideae. Flor presente. Planta inteira comFlor e frutos. 21K 0754787 UTM 7571585","CGMS1040972",NA,NA,NA,NA,NA,NA,"-54,5330556","-21,9413889",NA,NA,NA,NA,NA,NA,NA,NA
"46","2021-03-01 16:31:37-03","UNICAMP","UEC","44914","S","Plantae","Magnoliopsida",NA,"Fabaceae","Zornia","pardina","Zornia pardina","Mohlenbr.","Fortuna-Perez, AP","Bicudo, LRH; Campos, CJ; Amaral Jr, A; A","733","1986","03","11",NA,"Brazil","São Paulo","Botucatu","à margem da rodovia João Melão, que liga São Manuel à Avaré no km 296","-48.733333","-22.9",NA,"Quilha verde, alas e estandarte amarelos, estandarte com estrias avermelhadas na base.",NA,NA,NA,NA,NA,"2008","11","-48.733333","-22.9",NA,NA,NA,NA,NA,NA,NA,NA
"47","2019-08-20 10:15:30-03","UNICAMP","UEC","9253","S","Plantae","Magnoliopsida",NA,"Fabaceae","Zornia","pardina","Zornia pardina","Mohlenbr.","Sciamarelli, A","Shepherd, GJ; Kinoshita, LS; Tamashiro, JY; Andrade, JB","3979","1976","12","02",NA,"Brazil","Minas Gerais",NA,"Estrada Diamantina / Curralinho até km 7",NA,NA,NA,"fruto, Herbáceo até 60 cm, flores amarelas.",NA,NA,NA,NA,NA,"1992","08",NA,NA,NA,NA,NA,NA,NA,NA,NA,NA
"48","2021-03-01 16:31:37-03","UNICAMP","UEC","9255","S","Plantae","Magnoliopsida",NA,"Fabaceae","Zornia","pardina","Zornia pardina","Mohlenbr.","Fortuna-Perez, AP","Semir, J; Shepherd, GJ; et al.","7105","1978","02","21",NA,"Brazil","Minas Gerais",NA,"Estrada Piumhi/ Araxa, 35 km. de Piumhi, Mun. de Cabrestos.",NA,NA,NA,"Erva prostrada.",NA,NA,NA,"850","850","2008","11",NA,NA,NA,NA,NA,NA,NA,NA,NA,NA
"49","2020-11-11 16:42:18-03","UNICAMP","UEC","144225","S","Plantae","Magnoliopsida",NA,"Fabaceae","Zornia","pardina","Zornia pardina pardina","Mohlenbr.","Fortuna-Perez, AP","Pott, A; Ratter, JA; Milliken, W; Poii, VJ; Damasceno Junior, GA; Gabrielli","12535","2005","02","15",NA,"Brazil","Mato Grosso do Sul","Corumbá","Mineração Corumbaense Reunida S.A., Serra do Urucum. Área de mineiração em campo sujo do cerrado.Solo litossolo de Fe. Relevo enconsta superior de serra.","-57.592222","-19.201389",NA,"Erva prostada. Mancha ocasional. Flor amarela.",NA,NA,"pardina","1000","1000","2006","04","-57.592222","-19.201389",NA,NA,NA,NA,NA,NA,NA,NA
"50","2019-08-20 10:15:30-03","UNICAMP","UEC","89563","S","Plantae","Magnoliopsida",NA,"Fabaceae","Zornia","pardina","Zornia pardina vichadana","Mohlenbr.","Fortuna-Perez, AP","Coradin, L; Souza, FB; Silva, G; Pilar, M; Gianluppe, V","4924","1981","11","24",NA,"Brazil","Roraima","Boa Vista","Rodovia Boa Vista - Alto Alegre, km 19","-60.866667","2.783333",NA,"fruto, Campo tipo cerrado - latossolo vermelho amarelo - hábito de crescimento prostrado - flor amarela - fruto marrom. Viagem realizada em cooperação CENARGEN, CPATU, CPAC e NPARoraima.",NA,NA,"vichadana",NA,NA,"2008","11","-60.866667","2.783333",NA,NA,NA,NA,NA,NA,NA,NA
"51","2021-03-01 16:31:37-03","UNICAMP","UEC","44920","S","Plantae","Magnoliopsida",NA,"Fabaceae","Zornia","pardina","Zornia pardina","Mohlenbr.","Fortuna-Perez, AP","Hernandes-Bicudo, LR; Campos, CJ; Amaral Jr, A","824","1986","03","25",NA,"Brazil","São Paulo","Botucatu","À margem da Rodovia João Melão, que liga São Manuel a Avaré, no Km 296.","-48.733333","-22.566667",NA,"Quilha verde, alas e estandarte amarelos, sem odor.; Campo cerrado.",NA,NA,NA,NA,NA,"2009","04","-48.733333","-22.566667",NA,NA,NA,NA,NA,NA,NA,NA
"52","2019-08-20 10:15:30-03","UNICAMP","UEC","9240","S","Plantae","Magnoliopsida",NA,"Fabaceae","Zornia","pardina","Zornia pardina","Mohlenbr.","Sciamarelli, A","U, JF, G A, C; UB","s.n.","1977","03","25",NA,"Brazil","Minas Gerais","Jacutinga","Fazenda Rio Manso","-46.6122016906738","-22.2856006622314",NA,"fruto, Campo - Herbáceo, decumbemte. Apresentando Nodulação.",NA,NA,NA,NA,NA,"1992","08",NA,NA,NA,NA,NA,"16511","auto",NA,NA,NA
"53","2021-03-01 16:31:37-03","UNICAMP","UEC","150430","S","Plantae","Magnoliopsida",NA,"Fabaceae","Zornia","pardina","Zornia pardina","Mohlenbr.","Mattos, NF","Silveira, N","996","1984","02","07",NA,"Brazil","Rio Grande do Sul","Torres","Próximo ao Mampituba","-49.7268981933594","-29.3353004455566",NA,"Em terreno arenoso.",NA,NA,NA,NA,NA,"1986",NA,NA,NA,NA,NA,NA,"20837","auto",NA,NA,NA
"54","2021-03-16 17:52:23-03","UCS","HUCS","2396","PreservedSpecimen","Plantae","Angiospermae","Fabales","Fabaceae","Zornia","pardina","Zornia pardina","Mohl.","Mattos, N.","Rambo, B.","s.n.","1955","01","19",NA,"Brasil","Rio Grande do Sul","Torres",NA,"-49.7268981933594","-29.3353004455566",NA,"solo arenoso","HUCS007433",NA,NA,NA,NA,"1986","07",NA,NA,NA,NA,NA,"20837","auto","isotype",NA,NA
"55","2021-03-21 19:36:18-03","UFC","EAC","16742","PreservedSpecimen","Plantae","Dicotyledon",NA,"Fabaceae","Zornia","pardina","Zornia pardina","Mohlenbr.",NA,"Schinini, A.; Vanni, R.; Anderson, W.; Johnson, D.","s.n.","1982","02","04","Southern America","Argentina","Concepción","Misiones","Alrededores de Concepción, Ruta 2",NA,NA,NA,"En tomada de tierra colorada.","EAC0016742","EAC0016742",NA,NA,NA,NA,NA,NA,NA,NA,NA,NA,NA,NA,NA,NA,NA
"56","2021-03-21 19:36:18-03","UFC","EAC","16747","PreservedSpecimen","Plantae","Dicotyledon",NA,"Fabaceae","Zornia","pardina","Zornia pardina","Mohlenbr.",NA,"Schinini, A.; Vanni, R.; Anderson, W.; Johnson, D.","s.n.","1982","02","06","Southern America","Argentina","San Ignácio","Misiones","Teyú",NA,NA,NA,"En palmar de Allagoptera;&nf;Ramas floríferas decumbentes.","EAC0016747","EAC0016747",NA,NA,NA,NA,NA,NA,NA,NA,NA,NA,NA,NA,NA,NA,NA
"57","2019-11-25 12:12:04-03","UFSM","SMDB","1665","S","Plantae",NA,NA,"Fabaceae","Zornia","pardina","Zornia pardina pardina","Mohlenbr.","Vanni, R","Alvarez, A.F.","340","1979","02","05",NA,"Brasil","Rio Grande do Sul","Santa Maria","Bairro de Camobi - Campus da UFSM - Tambo","-53.8069000244141","-29.6842002868652",NA,NA,"SMDB001665",NA,"pardina",NA,NA,"1980","12",NA,NA,"01",NA,NA,"37819","auto",NA,NA,NA
"58","2020-12-21 16:28:30-03","MBM","MBM","140499","PreservedSpecimen","Plantae",NA,NA,"Fabaceae","Zornia","pardina","Zornia pardina","Mohlenbr.","Vanni, R.","Vanni, R.; et al.; et al.","1366",NA,NA,NA,"Southern America","Paraguay",NA,NA,NA,NA,NA,NA,NA,"MBM140499","MBM140499",NA,NA,NA,NA,NA,NA,NA,NA,NA,NA,NA,NA,NA,NA,NA
"59","2020-12-21 16:28:30-03","MBM","MBM","236307","PreservedSpecimen","Plantae",NA,NA,"Fabaceae","Zornia","pardina","Zornia pardina","Mohlenbr.","Liesner, R.","Casas, J.F.; et al.; et al.","6019",NA,NA,NA,"Southern America","Paraguay",NA,NA,NA,NA,NA,NA,NA,"MBM236307","MBM236307",NA,NA,NA,NA,NA,NA,NA,NA,NA,NA,NA,NA,NA,NA,NA
"60","2020-12-21 16:28:30-03","MBM","MBM","45837","PreservedSpecimen","Plantae",NA,NA,"Fabaceae","Zornia","pardina","Zornia pardina","Mohlenbr.","Vanni, R.","Krapovickas, A.; et al.; et al.","28672",NA,NA,NA,"Southern America","Argentina",NA,NA,NA,NA,NA,NA,NA,"MBM045837","MBM045837",NA,NA,NA,NA,NA,NA,NA,NA,NA,NA,NA,NA,NA,NA,NA
"61","2020-12-21 16:28:30-03","MBM","MBM","79852","PreservedSpecimen","Plantae",NA,NA,"Fabaceae","Zornia","pardina","Zornia pardina","Mohlenbr.","Vanni, R.","Hatschbach, G.","46189",NA,NA,NA,"Southern America","Brazil","Mato Grosso do Sul","Amambai","Rio Paduí","-55.2257995605469","-23.1042003631592",NA,NA,"MBM079852","MBM079852",NA,NA,NA,NA,NA,NA,NA,NA,NA,NA,"73676","auto",NA,NA,NA
"62","2020-12-21 16:28:30-03","MBM","MBM","13722","PreservedSpecimen","Plantae",NA,NA,"Fabaceae","Zornia","pardina","Zornia pardina crinita","Mohlenbr.","Vanni, R.","Hatschbach, G.","23713",NA,NA,NA,"Southern America","Brazil","Mato Grosso","Terenos","Terenos",NA,NA,NA,NA,"MBM013722","MBM013722","crinita",NA,NA,NA,NA,NA,NA,NA,NA,NA,NA,NA,NA,NA,NA
"63","2020-12-21 16:28:30-03","MBM","MBM","140497","PreservedSpecimen","Plantae",NA,NA,"Fabaceae","Zornia","pardina","Zornia pardina crinita","Mohlenbr.","Perez, A.P.F.","Arbo, M.M.; et al.; et al.","3153",NA,NA,NA,"Southern America","Brazil","Goiás","Cristalina","Rod. BR-050, 45-55km S de Cristalina","-47.6136016845703","-16.7686004638672",NA,NA,"MBM140497","MBM140497","crinita",NA,NA,NA,NA,NA,NA,NA,NA,NA,"85457","auto",NA,NA,NA
"64","2020-12-21 16:28:30-03","MBM","MBM","262341","PreservedSpecimen","Plantae",NA,NA,"Fabaceae","Zornia","pardina","Zornia pardina crinita","Mohlenbr.","Perez, A.P.F.","Krapovickas, A.; Cristóbal, C.L.; Cristóbal, C.L.","34502","1979","02","10","Southern America","Brazil","Mato Grosso do Sul","Campo Grande","Rodovia para Sidrolândia","-54.6464004516602","-20.4428005218506",NA,NA,"MBM262341","MBM262341","crinita",NA,NA,NA,NA,NA,NA,NA,NA,NA,"161190","auto",NA,NA,NA
"65","2020-12-21 16:28:30-03","MBM","MBM","85105","PreservedSpecimen","Plantae",NA,NA,"Fabaceae","Zornia","pardina","Zornia pardina pardina","Mohlenbr.",NA,"Krapovickas, A.; et al.; et al.","38466",NA,NA,NA,"Southern America","Brazil","Rio Grande do Sul",NA,"Rod. BR-101, km 6",NA,NA,NA,NA,"MBM085105","MBM085105","pardina",NA,NA,NA,NA,NA,NA,NA,NA,NA,NA,NA,NA,NA,NA
"66","2020-12-21 16:28:30-03","MBM","MBM","132544","PreservedSpecimen","Plantae",NA,NA,"Fabaceae","Zornia","pardina","Zornia pardina pardina","Mohlenbr.","Perez, A.P.F.","Krapovickas, A.; et al.; et al.","42907",NA,NA,NA,"Southern America","Brazil","Minas Gerais","Paracatu","Rod. BR-040, 3,3km SE do Rio São Marcos","-46.874698638916","-17.2222003936768",NA,NA,"MBM132544","MBM132544","pardina",NA,NA,NA,NA,NA,NA,NA,NA,NA,"72344","auto",NA,NA,NA
"67","2020-12-21 16:28:30-03","MBM","MBM","264587","PreservedSpecimen","Plantae",NA,NA,"Fabaceae","Zornia","pardina","Zornia pardina pardina","Mohlenbr.","Perez, A.P.F.","Mello Barreto","11098","1940","11","05","Southern America","Brazil","Minas Gerais","Poços de Caldas","Country Club","-46.5614013671875","-21.7877998352051",NA,NA,"MBM264587","MBM264587","pardina",NA,NA,NA,NA,NA,NA,NA,NA,NA,"23696","auto",NA,NA,NA
"68","2020-12-21 16:28:30-03","MBM","MBM","79863","PreservedSpecimen","Plantae",NA,NA,"Fabaceae","Zornia","pardina","Zornia pardina crinita","Mohlenbr.","Vanni, R.","Hatschbach, G.","46134",NA,NA,NA,"Southern America","Brazil","Mato Grosso do Sul","Ponta Porã","Ponta Porã, 30km O","-55.7256011962891","-22.5361003875732",NA,NA,"MBM079863","MBM079863","crinita",NA,NA,NA,NA,NA,NA,NA,NA,NA,"102608","auto",NA,NA,NA
"69","2020-12-21 16:28:30-03","MBM","MBM","70949","PreservedSpecimen","Plantae",NA,NA,"Fabaceae","Zornia","pardina","Zornia pardina crinita","Mohlenbr.",NA,"Krapovickas, A.; et al.; et al.","33068",NA,NA,NA,"Southern America","Brazil","Minas Gerais","Frutal","Rod. BR-153, 13km N de Frutal","-48.940601348877","-20.0247001647949",NA,NA,"MBM070949","MBM070949","crinita",NA,NA,NA,NA,NA,NA,NA,NA,NA,"46367","auto",NA,NA,NA
"70","2020-12-21 16:28:30-03","MBM","MBM","70957","PreservedSpecimen","Plantae",NA,NA,"Fabaceae","Zornia","pardina","Zornia pardina crinita","Mohlenbr.",NA,"Krapovickas, A.","34273",NA,NA,NA,"Southern America","Paraguay",NA,NA,NA,NA,NA,NA,NA,"MBM070957","MBM070957","crinita",NA,NA,NA,NA,NA,NA,NA,NA,NA,NA,NA,NA,NA,NA
"71","2021-03-16 16:54:05-03","MNHN","RECOLNAT_MNHN_P","P00631812","PreservedSpecimen",NA,NA,NA,"Fabaceae","Zornia","pardina","Zornia pardina","Mohlenbr.","Fortuna-Perez","Hassler, E.",NA,NA,NA,NA,NA,"Paraguay",NA,NA,"Cordillera de Altos, in campis, lect. Jan.",NA,NA,"hb","<a href='http://coldb.mnhn.fr/catalognumber/mnhn/p/p00631812' target='other'> <mi>dwc_moreinfo</mi></a>","P00631812","P00631812_01",NA,NA,NA,NA,NA,NA,NA,NA,NA,NA,NA,NA,NA,"2981",NA
"72","2015-09-04 02:41:02-03","MNHN","RECOLNAT_MNHN_P","P00758407","PreservedSpecimen",NA,NA,NA,"Fabaceae","Zornia","pardina","Zornia pardina","Mohlenbr.","Fortuna-Perez","Saint-Hilaire, A. de",NA,NA,NA,NA,NA,"Brésil",NA,NA,NA,NA,NA,"hb","<a href='http://coldb.mnhn.fr/catalognumber/mnhn/p/p00758407' target='other'> <mi>dwc_moreinfo</mi></a>","P00758407","P00758407_01",NA,NA,NA,NA,NA,NA,NA,NA,NA,NA,NA,NA,NA,"D 348",NA
"73","2015-09-04 02:41:52-03","MNHN","RECOLNAT_MNHN_P","P00758408","PreservedSpecimen",NA,NA,NA,"Fabaceae","Zornia","pardina","Zornia pardina","Mohlenbr.",NA,"Saint-Hilaire, A. de",NA,NA,NA,NA,NA,"Brésil",NA,NA,NA,NA,NA,"hb","<a href='http://coldb.mnhn.fr/catalognumber/mnhn/p/p00758408' target='other'> <mi>dwc_moreinfo</mi></a>","P00758408","P00758408_01",NA,NA,NA,NA,NA,NA,NA,NA,NA,NA,NA,NA,NA,"D 348",NA
"74","2015-09-04 02:41:52-03","MNHN","RECOLNAT_MNHN_P","P02937162","PreservedSpecimen",NA,NA,NA,"Fabaceae","Zornia","pardina","Zornia pardina","Mohlenbr.","Fortuna-Perez","Riedel, L.",NA,"1824","9","1",NA,"Brasilia","Minas Gerais",NA,"S. da Lapa, M. Ger.",NA,NA,"hb","Reçu le 8 octobre 1892 <a href='http://coldb.mnhn.fr/catalognumber/mnhn/p/p02937162' target='other'> <mi>dwc_moreinfo</mi></a>","P02937162","P02937162_01",NA,NA,NA,NA,NA,NA,NA,NA,NA,NA,NA,NA,NA,"878",NA
"75","2017-05-04 10:40:05-03","MNHN","RECOLNAT_MNHN_P","P02937164","PreservedSpecimen",NA,NA,NA,"Fabaceae","Zornia","pardina","Zornia pardina","Mohlenbr.","Fortuna-Perez","Riedel, L.",NA,"1826","2","1",NA,"Brasilia","Sao Paolo","Itapeninga","Itapininga",NA,NA,"hb","Reçu le 8 Octobre 1892. Prélèvement de pollen pour Ledru (IPH), avril 1986 <a href='http://coldb.mnhn.fr/catalognumber/mnhn/p/p02937164' target='other'> <mi>dwc_moreinfo</mi></a>","P02937164","P02937164_01",NA,NA,NA,NA,NA,NA,NA,NA,NA,NA,NA,NA,NA,"197",NA
"76","2015-09-04 02:18:11-03","MNHN","RECOLNAT_MNHN_P","P00312279","PreservedSpecimen",NA,NA,NA,"Fabaceae","Zornia","pardina","Zornia pardina crinata","Mohlenb.","Mohlenbrock","Fereira",NA,NA,NA,NA,NA,"Brésil",NA,NA,NA,NA,NA,"hb","<a href='http://coldb.mnhn.fr/catalognumber/mnhn/p/p00312279' target='other'> <mi>dwc_moreinfo</mi></a>","P00312279","P00312279_01","crinata",NA,NA,NA,NA,NA,NA,NA,NA,NA,NA,NA,NA,NA,NA
"77","2013-11-08 10:08:53-02","MNHN","RECOLNAT_MNHN_P","P02142439","PreservedSpecimen",NA,NA,NA,"Fabaceae","Zornia","pardina","Zornia pardina pardina","Mohlenbr.","Mohlenbrock Jr","Hassler, E.",NA,NA,NA,NA,NA,"Paraguay",NA,NA,"Cordillera de Altos, in campis, lect. Jan.",NA,NA,"hb","reçu le 02 octobre 1900 <a href='http://coldb.mnhn.fr/catalognumber/mnhn/p/p02142439' target='other'> <mi>dwc_moreinfo</mi></a>","P02142439","P02142439_01","pardina",NA,NA,NA,NA,NA,NA,NA,NA,NA,NA,NA,NA,"2981",NA
"78","2021-02-11 17:19:07-03","UFPR","UPCB","7185","PreservedSpecimen","Plantae",NA,NA,"Fabaceae","Zornia","pardina","Zornia pardina","Mohlenbr.","Vouni, R.","Reitz, P.R.","4321","1952","01","24",NA,"Brasil","Santa Catarina","Chapecó","Capetinga","-52.6183013916016","-27.096399307251",NA,"Campo..",NA,NA,NA,"1000","1000","1985","01",NA,NA,"01",NA,NA,"22671","auto",NA,NA,NA
"79","2021-02-11 17:19:07-03","UFPR","UPCB","1742","PreservedSpecimen","Plantae",NA,NA,"Fabaceae","Zornia","pardina","Zornia pardina","Mohlenbr.","Vouni, R.","Reitz, P.R.","4321","1952","01","24",NA,"Brasil","Santa Catarina","Chapecó","Capetinga","-52.6183013916016","-27.096399307251",NA,"Campo..",NA,NA,NA,"1000","1000","1985","01",NA,NA,"01",NA,NA,"22671","auto",NA,NA,NA
"80","2021-02-11 17:19:07-03","UFPR","UPCB","33674","PreservedSpecimen","Plantae",NA,NA,"Fabaceae","Zornia","pardina","Zornia pardina","Mohlenbr.","Vouni, R.","Reitz, P.R.","4321","1952","01","24",NA,"Brasil","Santa Catarina","Chapecó","Capetinga","-52.6183013916016","-27.096399307251",NA,"Campo..",NA,NA,NA,"1000","1000","1985","01",NA,NA,"01",NA,NA,"22671","auto",NA,NA,NA
"81","2008-05-27 22:02:00-03","MO","MOBOT","89694","PreservedSpecimen","Plantae",NA,NA,"Fabaceae","Zornia","pardina","Zornia pardina","Mohlenbr.","Ronald L. Liesner (MO)","Elsa M. Zardini|et al.","Zardini 4102","1988","1","6","South America","Paraguay","Amambay",NA,"Parque Nacional Cerro Corá. Cerrado camino al Cerro Muralla.","-57.96666","-22.41666",NA,NA,NA,NA,NA,NA,NA,NA,NA,NA,NA,NA,NA,NA,NA,NA,NA,"88-4","3"
"82","2013-07-10 14:42:00-03","MO","MOBOT","100610419","PreservedSpecimen","Plantae",NA,NA,"Fabaceae","Zornia","pardina","Zornia pardina","Mohlenbr.","R. Janni (CTES)","G.J. Seijo|V.G. Solís Neffa|Aurelio Schinini|R. Almada","Seijo 3056","2004","1","28","South America","Bolivia","Santa Cruz","Chiquitos","Camino de San Jose a Roboré, a 9 km W de Las Toperas.","-60.3077778","-17.9675",NA,NA,NA,NA,NA,"426.00000000",NA,NA,NA,NA,NA,NA,NA,NA,NA,NA,NA,NA,"1"
"83","2008-05-27 22:02:00-03","MO","MOBOT","1265078","PreservedSpecimen","Plantae",NA,NA,"Fabaceae","Zornia","pardina","Zornia pardina","Mohlenbr.","R. Fortunato (BAB)","Elsa M. Zardini|Leongino Guerrero","Zardini 47981","1998","1","15","South America","Paraguay","Canindeyú",NA,"Mbaracayú Natural Reserve, administered by Fundación Moises Bertoni. Cerrado scrub.","-55.27916","-24.18777",NA,NA,NA,NA,NA,NA,NA,NA,NA,NA,NA,NA,NA,NA,NA,NA,NA,"1128","4"
"84","2014-08-22 10:35:00-03","MO","MOBOT","1580068","PreservedSpecimen","Plantae",NA,NA,"Fabaceae","Zornia","pardina","Zornia pardina","Mohlenbr.","R. Fortunato (BAB)","Elsa M. Zardini|A. Acosta","Zardini 56090","2001","2","27","South America","Paraguay","Amambay",NA,"Around Cerro Corá.","-55.9883333","-22.6647222",NA,NA,NA,NA,NA,NA,NA,NA,NA,NA,NA,NA,NA,NA,NA,NA,NA,"1228","4"
"85","2010-04-30 10:26:00-03","MO","MOBOT","2194721","PreservedSpecimen","Plantae",NA,NA,"Fabaceae","Zornia","pardina","Zornia pardina","Mohlenbr.","Vanni, R. O.","C.L. Spegazzini","Spegazzini 19000","1907","2","12","South America","Argentina","Misiones","Cainguás","Campo Grande","-54.98333","-27.23333",NA,NA,NA,NA,NA,NA,NA,NA,NA,NA,NA,NA,NA,NA,NA,NA,NA,NA,NA
"86","2009-07-31 05:57:00-03","MO","MOBOT","2194746","PreservedSpecimen","Plantae",NA,NA,"Fabaceae","Zornia","pardina","Zornia pardina","Mohlenbr.","Vanni, R. O.","José E. Montes","Montes 15479","1952","2","17","South America","Argentina","Misiones","Candelaria","Loreto","-55.53333","-27.31666",NA,NA,NA,NA,NA,NA,NA,NA,NA,NA,NA,NA,NA,NA,NA,NA,NA,NA,NA
"87","2009-07-15 12:23:00-03","MO","MOBOT","2255471","PreservedSpecimen","Plantae",NA,NA,"Fabaceae","Zornia","pardina","Zornia pardina","Mohlenbr.","Vanni, R. O.","Renée H. Fortunato","Fortunato 297","1983","11","7","South America","Argentina","Formosa","Matacos","15 km al S de Ing. Guillermo N. Juárez, por ruta 39.",NA,NA,NA,NA,NA,NA,NA,NA,NA,NA,NA,NA,NA,NA,NA,NA,NA,NA,NA,NA,NA
"88","2011-03-27 11:51:00-03","MO","MOBOT","2255707","PreservedSpecimen","Plantae",NA,NA,"Fabaceae","Zornia","pardina","Zornia pardina","Mohlenbr.","Vanni, R. O.","Aurelio Schinini|et al.","Schinini Cacace 21856","1982","2","4","South America","Argentina","Misiones","Concepción","ruta 2, alrededores de Concepción de la Sierra","-55.51666","-27.98333",NA,NA,NA,NA,NA,NA,NA,NA,NA,NA,NA,NA,NA,NA,NA,NA,NA,NA,NA
"89","2016-11-15 05:15:00-02","MO","MOBOT","2255713","PreservedSpecimen","Plantae",NA,NA,"Fabaceae","Zornia","pardina","Zornia pardina","Mohlenbr.","Vanni, R. O.","Antonio C. Krapovickas|et al.","Krapovickas 28672","1976","1","11","South America","Argentina","Misiones","San Ignacio",NA,NA,NA,NA,NA,NA,NA,NA,NA,NA,NA,NA,NA,NA,NA,NA,NA,NA,NA,NA,NA,NA
"90","2011-03-27 11:51:00-03","MO","MOBOT","2255745","PreservedSpecimen","Plantae",NA,NA,"Fabaceae","Zornia","pardina","Zornia pardina","Mohlenbr.","Vanni, R. O.","Aurelio Schinini|et al.","Schinini Cacace 21902","1982","2","6","South America","Argentina","Misiones","San Ignacio","Teyucuaré",NA,NA,NA,NA,NA,NA,NA,NA,NA,NA,NA,NA,NA,NA,NA,NA,NA,NA,NA,NA,NA
"91","2009-10-18 08:02:00-02","MO","MOBOT","2257000","PreservedSpecimen","Plantae",NA,NA,"Fabaceae","Zornia","pardina","Zornia pardina","Mohlenbr.","Vanni, R. O.","F. M. Rodríguez","Rodríguez 280","1910","4","17","South America","Argentina","Misiones","Candelaria","Santa Ana","-55.58333","-27.38333",NA,NA,NA,NA,NA,NA,NA,NA,NA,NA,NA,NA,NA,NA,NA,NA,NA,NA,NA
"92","2011-04-03 21:11:00-03","MO","MOBOT","2344660","PreservedSpecimen","Plantae",NA,NA,"Fabaceae","Zornia","pardina","Zornia pardina","Mohlenbr.","Vanni, R. O., //","A. Di Giácomo","Di Giácomo 457","2000","1","15","South America","Argentina","Formosa","Laishí","Reserva Ecológica El Bagual",NA,NA,NA,NA,NA,NA,NA,NA,NA,NA,NA,NA,NA,NA,NA,NA,NA,NA,NA,NA,NA
"93","2011-04-03 21:11:00-03","MO","MOBOT","2396209","PreservedSpecimen","Plantae",NA,NA,"Fabaceae","Zornia","pardina","Zornia pardina","Mohlenbr.","Vanni, R. O., //","A. Di Giácomo","Di Giácomo 457","2000","1","15","South America","Argentina","Formosa","Laishí","Reserva Ecológica El Bagual",NA,NA,NA,NA,NA,NA,NA,NA,NA,NA,NA,NA,NA,NA,NA,NA,NA,NA,NA,NA,NA
"94","2011-03-13 16:46:00-03","MO","MOBOT","2457651","PreservedSpecimen","Plantae",NA,NA,"Fabaceae","Zornia","pardina","Zornia pardina","Mohlenbr.","Izaguirre de Artuccio, P.","Balduino Rambo","Rambo 56482","1955","1","19","South America","Brazil","Rio Grande do Sul",NA,"Prope litus in arenosis semimobilibus.",NA,NA,NA,NA,NA,NA,NA,NA,NA,NA,NA,NA,NA,NA,NA,NA,NA,NA,"Isotype",NA,"1"
"95","2011-03-16 18:03:00-03","MO","MOBOT","2518567","PreservedSpecimen","Plantae",NA,NA,"Fabaceae","Zornia","pardina","Zornia pardina","Mohlenbr.","Izaguirre de Artuccio, P.","Daniel Bayce","Bayce 23479",NA,NA,NA,"South America","Uruguay","Artigas",NA,NA,NA,NA,NA,NA,NA,NA,NA,NA,NA,NA,NA,NA,NA,NA,NA,NA,NA,NA,NA,NA,NA
"96","2010-04-02 20:17:00-03","MO","MOBOT","3219664","PreservedSpecimen","Plantae",NA,NA,"Fabaceae","Zornia","pardina","Zornia pardina","Mohlenbr.",NA,"Aurelio Schinini|Eugenia Bordas","Schinini Cacace 20471","1980","8","20","South America","Paraguay","Amambay",NA,"Colonia Yvypyté.","-56.0009267","-23.0009706",NA,NA,NA,NA,NA,NA,NA,NA,NA,NA,NA,NA,NA,NA,NA,NA,NA,NA,NA
"97","2009-07-31 17:16:00-03","MO","MOBOT","3219798","PreservedSpecimen","Plantae",NA,NA,"Fabaceae","Zornia","pardina","Zornia pardina","Mohlenbr.","M.B. Ferriera","Howard S. Irwin|H. Maxwell|Dieter C. Wasshausen","Irwin 20201","1968","2","16","South America","Brazil","Minas Gerais",NA,"Hillside campo. Gallery forest and adjacent cerrado and campo slopes, Serra do Cipo, km 1322 (ca. 153 m N. of Belo Horizonto).",NA,NA,NA,NA,NA,NA,NA,"1300.00000000",NA,NA,NA,NA,NA,NA,NA,NA,NA,NA,NA,NA,NA
"98","2010-10-07 15:27:00-03","MO","MOBOT","3219960","PreservedSpecimen","Plantae",NA,NA,"Fabaceae","Zornia","pardina","Zornia pardina","Mohlenbr.","M.B. Ferriera","Howard S. Irwin|J.W. Grear, Jr.|R. Souza|R. Reis dos Santos","Irwin 14701","1966","4","13","South America","Brazil","Bahia",NA,"Campinas, ca. 10 km. S. of Rio Piau, ca. 150 km. S.W. of Barreiras.",NA,NA,NA,NA,NA,NA,NA,"850.00000000",NA,NA,NA,NA,NA,NA,NA,NA,NA,NA,NA,NA,NA
"99","2016-11-15 05:15:00-02","MO","MOBOT","3220019","PreservedSpecimen","Plantae",NA,NA,"Fabaceae","Zornia","pardina","Zornia pardina","Mohlenbr.",NA,"Antonio C. Krapovickas|Carmen L. Cristóbal","Krapovickas 34273","1979","1","16","South America","Paraguay","Concepción",NA,"Ruta 3, 36 km S de Ruta. Matorral secundario al borde del camino.","-56.46666","-23.33333",NA,NA,NA,NA,NA,NA,NA,NA,NA,NA,NA,NA,NA,NA,NA,NA,NA,NA,NA
"100","2011-09-09 09:09:00-03","MO","MOBOT","3220161","PreservedSpecimen","Plantae",NA,NA,"Fabaceae","Zornia","pardina","Zornia pardina","Mohlenbr.","M.B. Ferreira","José Steinbach","Steinbach G. 5164","1920","12","4","South America","Bolivia","Santa Cruz","Sara","Campos arenosos.",NA,NA,NA,NA,NA,NA,NA,"500.00000000",NA,NA,NA,NA,NA,NA,NA,NA,NA,NA,NA,NA,"1"
"101","2013-09-10 14:24:00-03","MO","MOBOT","3220420","PreservedSpecimen","Plantae",NA,NA,"Fabaceae","Zornia","pardina","Zornia pardina","Mohlenbr.","A. P. Fortuna-Perez","Troels M. Pedersen","Pedersen 5792","1961","2","16","South America","Argentina","Corrientes","Mburucuyá","Estancia Santa Teresa. Sandy soil.",NA,NA,NA,NA,NA,NA,NA,NA,NA,NA,NA,NA,NA,NA,NA,NA,NA,NA,NA,NA,"1"
"102","2008-05-27 22:02:00-03","MO","MOBOT","3223003","PreservedSpecimen","Plantae",NA,NA,"Fabaceae","Zornia","pardina","Zornia pardina","Mohlenbr.",NA,"Ezechias P. Heringer","Heringer 6111","1981","2","2","South America","Brazil","Distrito Federal",NA,"Bacia do Rio São Bartolomeu.","-47.5913889","-15.5905555",NA,NA,NA,NA,NA,NA,NA,NA,NA,NA,NA,NA,NA,NA,NA,NA,NA,NA,NA
"103","2012-05-02 10:03:00-03","MO","MOBOT","3223105","PreservedSpecimen","Plantae",NA,NA,"Fabaceae","Zornia","pardina","Zornia pardina","Mohlenbr.","Ronald Liesner","F. Javier Fernández Casas|J. Molero","Fernández Casas 6019","1982","2","7","South America","Paraguay","Amambay",NA,"Parque Nacional Cerro Corá, base del Cerro Muralla.",NA,NA,NA,NA,NA,NA,NA,"300.00000000",NA,NA,NA,NA,NA,NA,NA,NA,NA,NA,NA,NA,"1"
"104","2011-03-15 06:25:00-03","MO","MOBOT","3223179","PreservedSpecimen","Plantae",NA,NA,"Fabaceae","Zornia","pardina","Zornia pardina","Mohlenbr.","R. Vanni","Ricardo O. Vanni|Lidia I. Ferraro|M. Silvia Ferrucci","Vanni 1366","1989","12","12","South America","Argentina","Corrientes",NA,"Parque Nacional Cerro Corá.",NA,NA,NA,NA,NA,NA,NA,NA,NA,NA,NA,NA,NA,NA,NA,NA,NA,NA,NA,NA,NA
"105","2009-10-17 07:02:00-03","MO","MOBOT","3224030","PreservedSpecimen","Plantae",NA,NA,"Fabaceae","Zornia","pardina","Zornia pardina","Mohlenbr.","Ronald Liesner","Nélida Soria|Elsa M. Zardini","Soria Rey 1940","1988","1","8","South America","Paraguay","Amambay",NA,"P.N. Cerro Lora.",NA,NA,NA,NA,NA,NA,NA,NA,NA,NA,NA,NA,NA,NA,NA,NA,NA,NA,NA,NA,NA
"106","2008-05-27 22:02:00-03","MO","MOBOT","3224100","PreservedSpecimen","Plantae",NA,NA,"Fabaceae","Zornia","pardina","Zornia pardina","Mohlenbr.","A. Vanni","Gert G. Hatschbach","Hatschbach 46189","1983","2","13","South America","Brazil","Mato Grosso do Sul",NA,"Rio Pandui (mun. Amambai).",NA,NA,NA,NA,NA,NA,NA,"500.00000000",NA,NA,NA,NA,NA,NA,NA,NA,NA,NA,NA,NA,NA
"107","2008-05-27 22:02:00-03","MO","MOBOT","3224219","PreservedSpecimen","Plantae",NA,NA,"Fabaceae","Zornia","pardina","Zornia pardina","Mohlenbr.","R.O. Vanni","Troels M. Pedersen","Pedersen 14664","1986","10","18","South America","Paraguay","Amambay",NA,"About 30 km S of P.J. Caballero, on road to Concepción.",NA,NA,NA,NA,NA,NA,NA,NA,NA,NA,NA,NA,NA,NA,NA,NA,NA,NA,NA,NA,NA
"108","2008-05-27 22:02:00-03","MO","MOBOT","3224268","PreservedSpecimen","Plantae",NA,NA,"Fabaceae","Zornia","pardina","Zornia pardina","Mohlenbr.","M.B. Ferreira","G.J. Schwarz","Schwarz 5734","1948","4","10","South America","Argentina","Misiones","San Ignacio",NA,NA,NA,NA,NA,NA,NA,NA,NA,NA,NA,NA,NA,NA,NA,NA,NA,NA,NA,NA,NA,NA
"109","2011-03-02 10:49:00-03","MO","MOBOT","3224331","PreservedSpecimen","Plantae",NA,NA,"Fabaceae","Zornia","pardina","Zornia pardina","Mohlenbr.","B.M. Ferriera","Albert S. Pinkus","Pinkus 20","1938","9",NA,"South America","Guyana",NA,NA,"Waramadong, Kamarang River, upper Mazaruni District.",NA,NA,NA,NA,NA,NA,NA,"853.44000000",NA,NA,NA,NA,NA,NA,NA,NA,NA,NA,NA,NA,NA
"110","2013-12-10 05:33:00-02","MO","MOBOT","3224449","PreservedSpecimen","Plantae",NA,NA,"Fabaceae","Zornia","pardina","Zornia pardina","Mohlenbr.","R. Vanni","Aurelio Schinini|Marita Dematteis|R. Duré|Marizza Quintana","Schinini Cacace 36039","2002","3","8","South America","Paraguay","Amambay",NA,"Alrededores de P.J. Caballero, Ruta 5, camino a Cerro Corá. En cerrado arbustivo alterado con abundancia de arvenses, suelo colorado.","-55.73333","-22.61666",NA,NA,NA,NA,NA,NA,NA,NA,NA,NA,NA,NA,NA,NA,NA,NA,NA,NA,NA
"111","2016-11-15 05:15:00-02","MO","MOBOT","3224519","PreservedSpecimen","Plantae",NA,NA,"Fabaceae","Zornia","pardina","Zornia pardina","Mohlenbr.",NA,"Antonio C. Krapovickas|Aurelio Schinini","Krapovickas 31434","1977","4","16","South America","Bolivia","Santa Cruz","Cordillera","6 Km S de Lagunillas.","-63.66666","-19.75",NA,NA,NA,NA,NA,"950.00000000",NA,NA,NA,NA,NA,NA,NA,NA,NA,NA,NA,NA,NA
"112","2009-07-17 17:34:00-03","MO","MOBOT","3224539","PreservedSpecimen","Plantae",NA,NA,"Fabaceae","Zornia","pardina","Zornia pardina","Mohlenbr.","M.B. Ferriera","Per Dusén","Dusén 16891","1915","3","28","South America","Brazil","Paraná",NA,"Capão Bonito, in campo.",NA,NA,NA,NA,NA,NA,NA,"790.00000000",NA,NA,NA,NA,NA,NA,NA,NA,NA,NA,NA,NA,NA
"113","2013-11-26 05:40:00-02","MO","MOBOT","3310447","PreservedSpecimen","Plantae",NA,NA,"Fabaceae","Zornia","pardina","Zornia pardina","Mohlenbr.","M. Serrano (HSB)","Julia Gutiérrez R.","Gutiérrez Romero 1302","2005","4","21","South America","Bolivia","Chuquisaca","Tomina","Aprox. a 2,5 km de la comunidad Las Casas, en el sector denominado Abra Santa Cruz. Bosque montano, rico en Myrtaceas, Myrsinaceas, Pterydofitos y abundantes Musgos péndulos de las ramas, con neblina estacional, en ladera NE, pendiente de 40%. Creciendo en cresta rocosa arenosa, abierta al frente del bosque de Myrtaceas, poco común.","-64.0897222","-19.3113889",NA,NA,NA,NA,NA,"1653.00000000",NA,NA,NA,NA,NA,NA,NA,NA,NA,NA,NA,NA,"1"
"114","2008-05-27 22:02:00-03","MO","MOBOT","3311005","PreservedSpecimen","Plantae",NA,NA,"Fabaceae","Zornia","pardina","Zornia pardina","Mohlenbr.","M. Serrano","Martha Serrano|Ariel Lliully|Jeaneth Villalobos","Serrano 7249","2006","1","24","South America","Bolivia","Tarija","O'Connor","Mun. Entre Ríos. Reserva Nacional de Flora y Fauna Tariquía. Comunidad Salinas. Subiendo al Mesón - Laguna, pendiente inferior. Bosque de Tipuana tipu y Parapiptadenia excelsa en zonas de declive fuerte. Dosel 12 m, bordes del bosque invadido por Dodonaea viscosa y suffrútices como Psidium guineense en floración. Piso inferior Tucumano Boliviano.","-64.21","-21.74777",NA,NA,NA,NA,NA,"1235.00000000",NA,NA,NA,NA,NA,NA,NA,NA,NA,NA,NA,NA,NA
"115","2014-01-02 05:36:00-02","MO","MOBOT","3582798","PreservedSpecimen","Plantae",NA,NA,"Fabaceae","Zornia","pardina","Zornia pardina","Mohlenbr.","A. P. Fortuna-Perez","D. Villarroel","Villarroel Segarra 1899","2008","3","10","South America","Bolivia","Santa Cruz","Germán Busch","Serranía del Mutún, Cima de la montaña, sabanas arboladas a completamente abiertas.","-57.875","-19.195",NA,NA,NA,NA,NA,"650.00000000","735.00000000",NA,NA,NA,NA,NA,NA,NA,NA,NA,NA,NA,"1"
"116","2008-05-27 22:02:00-03","MO","MOBOT","883438","PreservedSpecimen","Plantae",NA,NA,"Fabaceae","Zornia","pardina","Zornia pardina","Mohlenbr.",NA,"Fátima Mereles","Mereles H. 3460","1989","11","12","South America","Paraguay","Amambay",NA,"Parque Nacional Cerro Cora. Alrededores de la Pista.",NA,NA,NA,NA,NA,NA,NA,NA,NA,NA,NA,NA,NA,NA,NA,NA,NA,NA,NA,"10",NA
"117","2013-09-10 14:23:00-03","MO","MOBOT","90038","PreservedSpecimen","Plantae",NA,NA,"Fabaceae","Zornia","pardina","Zornia pardina","Mohlenbr.","A. P. Fortuna-Perez","Elsa M. Zardini|Tulio Tillería","Zardini 28980","1991","11","25","South America","Paraguay","Paraguarí",NA,"National Park Ybycu'i, NW corner of park along Arroyo Mina. Cerrado scrub.","-56.7666667","-26.0166667",NA,NA,NA,NA,NA,NA,NA,NA,NA,NA,NA,NA,NA,NA,NA,NA,NA,"621","2"
"118","2008-05-27 22:02:00-03","MO","MOBOT","90345","PreservedSpecimen","Plantae",NA,NA,"Fabaceae","Zornia","pardina","Zornia pardina","Mohlenbr.","Ronald L. Liesner (MO)","Elsa M. Zardini|et al.","Zardini 4189","1988","1","8","South America","Paraguay","Amambay",NA,"Parque Nacional Cerro Corá. Cerrado camino a Lorito Picado.",NA,NA,NA,NA,NA,NA,NA,NA,NA,NA,NA,NA,NA,NA,NA,NA,NA,NA,NA,"88-8","3"
"119","2008-05-27 22:02:00-03","MO","MOBOT","104344","PreservedSpecimen","Plantae",NA,NA,"Fabaceae","Zornia","pardina","Zornia pardina crinita","Mohlenbr.","R. Vanni","James C. Solomon|Milan Vavrek|Lidia Pérez de Molas|Esmerio Gonzalez|Reinilda Duré","Solomon 6829","1982","2","8","South America","Paraguay","Amambay",NA,"Parque Nacional Cerro Corá. Open sandy campo with low shrubs and palms, NE of park headquarters.","-56.05","-22.65",NA,NA,NA,NA,"crinita","300.00000000",NA,NA,NA,NA,NA,NA,NA,NA,NA,NA,NA,"261","6"
"120","2020-08-31 09:16:42-03","INPA","INPA","142159","S","Plantae","Dicotyledon Rosids","Fabales","Leguminosae-Pap","Zornia","pardina","Zornia pardina","Mohlenbr.","Vanni, A","Hatschbach, GG","46189","1983","02","13","Southern America","Brasil","Mato Grosso do Sul",NA,"Amambaí, Rio Pandui",NA,NA,NA,NA,"INPA0142159","INPA0142159 INPA0142159_e",NA,"50","50","1985",NA,NA,NA,NA,NA,NA,NA,NA,NA,NA,NA
"121","2018-10-09 16:31:29-03","UFLA","ESAL","11897","S","Plantae",NA,NA,"Fabaceae","Zornia","pardina","Zornia pardina","Mohlenbr.","M. L. Gavilanes","Gavilanes; Frieiro Costa; S. D'Angelo Neto","4937",NA,NA,NA,NA,"Brasil","Minas Gerais","Lavras","Parque Ecologico Quedas do Rio Bonito","-44.999444","-21.245278",NA,"erva; 0,30; amarelada;; campo rupestre",NA,NA,NA,NA,NA,NA,NA,"-44.999444","-21.245278",NA,NA,NA,NA,NA,NA,NA,NA
"122","2018-10-09 16:31:29-03","UFLA","ESAL","13838","S","Plantae",NA,NA,"Fabaceae","Zornia","pardina","Zornia pardina","Mohlenbr.",NA,"Lourenço, RA","148",NA,NA,NA,NA,"Brasil","Minas Gerais","Lavras","Parque Ecologico Quedas do Rio Bonito","-44.999444","-21.245278",NA,"erva; 0,25; amarela;",NA,NA,NA,NA,NA,NA,NA,"-44.999444","-21.245278",NA,NA,NA,NA,NA,NA,NA,NA
"123","2018-10-09 16:31:29-03","UFLA","ESAL","13861","S","Plantae",NA,NA,"Fabaceae","Zornia","pardina","Zornia pardina","Mohlenbr.",NA,"Lourenço, RA","169",NA,NA,NA,NA,"Brasil","Minas Gerais","Lavras","Parque Ecologico Quedas do Rio Bonito","-44.999444","-21.245278",NA,"erva; 0,28; ;",NA,NA,NA,NA,NA,NA,NA,"-44.999444","-21.245278",NA,NA,NA,NA,NA,NA,NA,NA
"124","2018-08-31 12:41:49-03","UFLA","ESAL","2856","S","Plantae",NA,NA,"Fabaceae","Zornia","pardina","Zornia pardina","Mohlenbr.",NA,"Carvalho, DA; Pereira, SC","s.n.",NA,NA,NA,NA,"Brasil","Minas Gerais","Carrancas","Cachoeira da Fumaça","-44.642778","-21.488056",NA,"erva; 0,30; ;",NA,NA,NA,NA,NA,NA,NA,"-44.642778","-21.488056",NA,NA,NA,NA,NA,NA,NA,NA
"125","2021-01-26 14:12:36-03","CPACT","ECT","4526","PreservedSpecimen","Plantae","Embryophyta",NA,"Fabaceae","Zornia","pardina","Zornia pardina","Mohlenbr.","D.R.Vahl","D.R.Vahl; G.Heiden | L.B.Barcelos | R.S.C.Magalhães","4","2017","01","26",NA,"Brasil","Rio Grande do Sul","Tapes","Fazenda São Miguel, Butiazal. Campo kimpo, próximo ao banhado e a cerca.","-51.349444","-30.529444",NA,NA,"ECT0004526","ECT0004526",NA,"30","30","2017","11","51º20'58''W","30º31'46''S","10",NA,NA,NA,NA,NA,NA,NA
"126","2020-09-12 05:00:02-03","US","US","2249963","PreservedSpecimen","Plantae",NA,"Rosales","Fabaceae","Zornia","pardina","Zornia pardina",NA,NA,"L. Smith & R. M. Klein","8309","1956","12","5","South America","Brazil","Santa Catarina",NA,"21 km. from C. Mun. Curitibanos and Campos Novos: campo, west of Curitibanos toward Campos Novos",NA,NA,NA,NA,"US02049650","US02049650_01",NA,"850","950",NA,NA,NA,NA,NA,"Dicotyledonae",NA,NA,NA,NA,NA,"1"
"127","2020-09-12 05:00:02-03","US","US","702606","PreservedSpecimen","Plantae",NA,"Rosales","Fabaceae","Zornia","pardina","Zornia pardina",NA,NA,"R. H. Schomburgk","I 257","1837","3",NA,"South America - Neotropics","Guyana",NA,NA,NA,NA,NA,NA,NA,"US00653579",NA,NA,NA,NA,NA,NA,NA,NA,NA,"Dicotyledonae",NA,NA,NA,NA,NA,"1"
"128","2020-09-12 05:00:02-03","US","US","2556128","PreservedSpecimen","Plantae",NA,"Rosales","Fabaceae","Zornia","pardina","Zornia pardina",NA,NA,"J. E. Montes","27666",NA,NA,NA,"South America","Argentina","Misiones",NA,"Sudamericana. Dep. Camguas. Mimeral [interpreted]",NA,NA,NA,NA,"US02049640","US02049640_01",NA,"270",NA,NA,NA,NA,NA,NA,"Dicotyledonae",NA,NA,NA,NA,NA,"1"
"129","2020-09-12 05:00:02-03","US","US","1706887","PreservedSpecimen","Plantae",NA,"Rosales","Fabaceae","Zornia","pardina","Zornia pardina vichadana","Killip ex Mohlenbr.",NA,"O. L. Haught","2797","1939","5","1","South America - Neotropics","Colombia","Vichada",NA,"Los Llanos N of Rio Vichada, near San Jose de Ocune.",NA,NA,NA,NA,"US00001992",NA,"vichadana","100","100",NA,NA,NA,NA,NA,"Dicotyledonae",NA,NA,NA,"Holotype",NA,"1"
"130","2020-09-12 05:00:02-03","US","US","2636487","PreservedSpecimen","Plantae",NA,"Rosales","Fabaceae","Zornia","pardina","Zornia pardina",NA,NA,"H. S. Irwin, H. Maxwell & D. C. Wasshausen","20201","1968","2","16","South America - Neotropics","Brazil","Minas Gerais",NA,"Planalto do Brasil. Serra do Espinhaco. Gallery forest and adjacent cerrado and campo slopes, Serra do Cipe, km 132 (ca. 153km N. of Belo Horizonte)",NA,NA,NA,NA,"US02049645","US02049645_01",NA,"1300",NA,NA,NA,NA,NA,NA,"Dicotyledonae",NA,NA,NA,NA,NA,"1"
"131","2020-09-12 05:00:02-03","US","US","1707766","PreservedSpecimen","Plantae",NA,"Rosales","Fabaceae","Zornia","pardina","Zornia pardina vichadana","Killip ex Mohlenbr.",NA,"O. L. Haught","2797","1939","5","1","South America - Neotropics","Colombia","Vichada",NA,"Los Llanos N of Rio Vichada, near San Jose de Ocune.",NA,NA,NA,NA,"US00001991",NA,"vichadana","100","100",NA,NA,NA,NA,NA,"Dicotyledonae",NA,NA,NA,"Isotype",NA,"1"
"132","2020-09-12 05:00:02-03","US","US","2141782","PreservedSpecimen","Plantae",NA,"Rosales","Fabaceae","Zornia","pardina","Zornia pardina",NA,NA,"R. Reitz","5211","1953","1","26","South America","Brazil","Santa Catarina",NA,"Brasil. Mafra",NA,NA,NA,NA,"US02049638","US02049638_01",NA,"750",NA,NA,NA,NA,NA,NA,"Dicotyledonae",NA,NA,NA,NA,NA,"1"
"133","2020-09-12 05:00:02-03","US","US","2636483","PreservedSpecimen","Plantae",NA,"Rosales","Fabaceae","Zornia","pardina","Zornia pardina",NA,NA,"H. S. Irwin, E. Onishi, S. F. Fonsêca, R. Souza & et al.","25563","1970","1","29","South America - Neotropics","Brazil","Minas Gerais",NA,"Planalto do Brasil. Morro das Pedras. ca. 26km N.E. of Patrocinio",NA,NA,NA,NA,"US02049639","US02049639_01",NA,"1000",NA,NA,NA,NA,NA,NA,"Dicotyledonae",NA,NA,NA,NA,NA,"1"
"134","2020-09-12 05:00:02-03","US","US","2842094","PreservedSpecimen","Plantae",NA,"Rosales","Fabaceae","Zornia","pardina","Zornia pardina",NA,NA,"A.C. Allem & G. Vieira","1424/1224","1977","11","15","South America - Neotropics","Brazil","Mato Grosso",NA,"Faz. Sto Estevao - Dist. Paiaguas. Mun. Corumba. Brasil",NA,NA,NA,NA,"US02049641","US02049641_01",NA,NA,NA,NA,NA,NA,NA,NA,"Dicotyledonae",NA,NA,NA,NA,NA,"1"
"135","2020-09-12 05:00:02-03","US","US","1043650","PreservedSpecimen","Plantae",NA,"Rosales","Fabaceae","Zornia","pardina","Zornia pardina",NA,NA,"F. M. Rodriguez","280","1910","6","17","South America","Argentina","Misiones",NA,"Gobernacion de Misiones. Santa Ana",NA,NA,NA,NA,"US02049637","US02049637_01",NA,NA,NA,NA,NA,NA,NA,NA,"Dicotyledonae",NA,NA,NA,NA,NA,"1"
"136","2020-09-12 05:00:02-03","US","US","2533630","PreservedSpecimen","Plantae",NA,"Rosales","Fabaceae","Zornia","pardina","Zornia pardina",NA,NA,"R. F. Steinbach","718","1967","2","19","South America - Neotropics","Bolivia","Cochabamba",NA,"Mizque Prov. Campero",NA,NA,NA,NA,"US02049646",NA,NA,"2020",NA,NA,NA,NA,NA,NA,"Dicotyledonae",NA,NA,NA,NA,NA,"1"
"137","2020-09-12 05:00:02-03","US","US","2636486","PreservedSpecimen","Plantae",NA,"Rosales","Fabaceae","Zornia","pardina","Zornia pardina",NA,NA,"H. S. Irwin, E. Onishi, S. F. Fonsêca, R. Souza & et al.","25074","1970","1","22","South America - Neotropics","Brazil","Goiás",NA,"Planalto do Brasil. Contraforte Central ca. 24km N.E. of Catalao",NA,NA,NA,NA,"US02049644","US02049644_01",NA,"875",NA,NA,NA,NA,NA,NA,"Dicotyledonae",NA,NA,NA,NA,NA,"1"
"138","2020-09-12 05:00:02-03","US","US","2141719","PreservedSpecimen","Plantae",NA,"Rosales","Fabaceae","Zornia","pardina","Zornia pardina",NA,NA,"R. Reitz","4321/HBR6429","1952","1","24","South America","Brazil","Santa Catarina",NA,"Brasil. Capetinga, Chapeco",NA,NA,NA,NA,"US02049652","US02049652_01",NA,"1000",NA,NA,NA,NA,NA,NA,"Dicotyledonae",NA,NA,NA,NA,NA,"1"
"139","2020-09-12 05:00:02-03","US","US","2561329","PreservedSpecimen","Plantae",NA,"Rosales","Fabaceae","Zornia","pardina","Zornia pardina",NA,NA,"L. Smith, R. M. Klein & G. Hatschbach","14766","1965","1","18","South America","Brazil","Paraná",NA,"Mun. Jaguariaiva: Campo and cerrado (scattered scrubs), above Rio das Mortes on road to Senges","-49.27","-24.13",NA,NA,"US02049647","US02049647_01",NA,"810",NA,NA,NA,NA,NA,NA,"Dicotyledonae",NA,NA,NA,NA,NA,"1"
"140","2020-09-12 05:00:02-03","US","US","255322","PreservedSpecimen","Plantae",NA,"Rosales","Fabaceae","Zornia","pardina","Zornia pardina",NA,NA,"Riedel, --","878","1827","11",NA,"South America","Brazil",NA,NA,"Brasilia. Los Lapa. M. Gr. [interpreted]",NA,NA,NA,NA,"US02049654","US02049654_01",NA,NA,NA,NA,NA,NA,NA,NA,"Dicotyledonae",NA,NA,NA,NA,NA,"1"
"141","2020-09-12 05:00:02-03","US","US","2636485","PreservedSpecimen","Plantae",NA,"Rosales","Fabaceae","Zornia","pardina","Zornia pardina",NA,NA,"H. S. Irwin, E. Onishi, S. F. Fonsêca, R. Souza & et al.","25952","1970","2","4","South America - Neotropics","Brazil","Minas Gerais",NA,"Planalto do Brasil. Serra da Anta. ca. 5km N. W. of Paracatu",NA,NA,NA,NA,"US02049643","US02049643_01",NA,"800",NA,NA,NA,NA,NA,NA,"Dicotyledonae",NA,NA,NA,NA,NA,"1"
"142","2020-09-12 05:00:02-03","US","US","2561383","PreservedSpecimen","Plantae",NA,"Rosales","Fabaceae","Zornia","pardina","Zornia pardina",NA,NA,"L. Smith & R. M. Klein","12091","1957","3","13","South America","Brazil","Santa Catarina",NA,"Mun. Mafra: Campo, 7 km northwest of Mafra on the road to Barracas (20 km)",NA,NA,NA,NA,"US02049649","US02049649_01",NA,"800","850",NA,NA,NA,NA,NA,"Dicotyledonae",NA,NA,NA,NA,NA,"1"
"143","2020-09-12 05:00:02-03","US","US","2850034","PreservedSpecimen","Plantae",NA,"Rosales","Fabaceae","Zornia","pardina","Zornia pardina",NA,NA,"A. Krapovickas & C. L. Cristóbal","28672","1976","1","11","South America","Argentina","Misiones",NA,"Dep. San Ignacio, predio de la Hosteria",NA,NA,NA,NA,"US02049642","US02049642_01",NA,NA,NA,NA,NA,NA,NA,NA,"Dicotyledonae",NA,NA,NA,NA,NA,"1"
"144","2020-09-12 05:00:02-03","US","US","2141822","PreservedSpecimen","Plantae",NA,"Rosales","Fabaceae","Zornia","pardina","Zornia pardina",NA,NA,"R. Reitz","5549","1953","2","5","South America","Brazil","Santa Catarina",NA,"Brasil. Campo do Massiambu, Palhoca",NA,NA,NA,NA,"US02049651","US02049651_01",NA,"5",NA,NA,NA,NA,NA,NA,"Dicotyledonae",NA,NA,NA,NA,NA,"1"
"145","2020-09-12 05:00:02-03","US","US","255301","PreservedSpecimen","Plantae",NA,"Rosales","Fabaceae","Zornia","pardina","Zornia pardina",NA,NA,"Riedel, --","199*","1826","2",NA,"South America","Brazil",NA,NA,"Brasilia. Itapitininga",NA,NA,NA,NA,"US02049655","US02049655_01",NA,NA,NA,NA,NA,NA,NA,NA,"Dicotyledonae",NA,NA,NA,NA,NA,"1"
"146","2020-09-12 05:00:02-03","US","US","255303","PreservedSpecimen","Plantae",NA,"Rosales","Fabaceae","Zornia","pardina","Zornia pardina",NA,NA,"Riedel, --","1926","1837",NA,NA,"South America","Brazil",NA,NA,"In camp. S. Carlos [interpreted]",NA,NA,NA,NA,"US02049653","US02049653_01",NA,NA,NA,NA,NA,NA,NA,NA,"Dicotyledonae",NA,NA,NA,NA,NA,"1"
"147","2020-09-12 05:00:02-03","US","US","2369390","PreservedSpecimen","Plantae",NA,"Rosales","Fabaceae","Zornia","pardina","Zornia pardina",NA,NA,"G. M. Felippe","16","1960","12","27","South America - Neotropics","Brazil","São Paulo",NA,"Brasil. Estado de S. Paulo; estrada S. Paulo - Itapetininga; bacia do Ribeirao Lajeado",NA,NA,NA,NA,"US02049648","US02049648_01",NA,NA,NA,NA,NA,NA,NA,NA,"Dicotyledonae",NA,NA,NA,NA,NA,"1"
"148","2020-09-02 16:28:46-03","Cenargen","CEN","66911","PreservedSpecimen","Plantae",NA,NA,"Fabaceae Faboideae","Zornia","pardina","Zornia pardina","Mohlenbr.","A. P. Fortuna Perez","Glocimar Pereira-Silva","9808","2005","03","05",NA,"Brasil","TO","BARRA DO OURO","Estrada de acesso à Carolina - MA, cerca de 3 km a leste do asfalto.","-47.631111","-7.7102777","Exsicatas","Área de influência indireta.","CEN00066911","CEN00066911",NA,"180","180","2012","10","-47.631111","-7.7102777",NA,NA,NA,NA,NA,NA,NA,"4"
"149","2020-09-02 16:28:46-03","Cenargen","CEN","56072","PreservedSpecimen","Plantae",NA,NA,"Fabaceae Faboideae","Zornia","pardina","Zornia pardina var. pardina","Mohlenbr.","A. P. Fortuna Perez","José Floriano Barêa Pastore","1228","2005","01","20",NA,"Brasil","DF","BRASILIA","Chapada da Contagem, próximo à FERCAL.","-47.905277","-15.574444","Exsicatas",NA,"CEN00056072","CEN00056072","var. pardina","989","989","2007","08","-47.905277","-15.574444",NA,NA,NA,NA,NA,NA,NA,"2"
"150","2019-11-13 11:23:24-03","USP","SPF","20818B","PreservedSpecimen","Plantae",NA,NA,"Leguminosae","Zornia","pardina","Zornia pardina","Mohlenbr.","Vanni, R","Hatschbach, G","25901","1970","12","20",NA,"Brasil","Paraná","Ipiranga","Faxinal do Tanque.","-50.5842018127441","-25.0238990783691",NA,NA,"SPF00020818",NA,NA,NA,NA,"1987",NA,NA,NA,NA,NA,NA,"31827","auto",NA,NA,NA
"151","2020-05-08 11:13:48-03","UEFS","HUEFS","113178","PreservedSpecimen","Plantae","Angiospermae","Fabales","Leguminosae Subfam. Papilionoideae","Zornia","pardina","Zornia pardina","Mohlenbr.","A.P.Fortuna-Perez","Barros, F.de","2680","1993","02","13",NA,"Brasil","São Paulo","Itirapina","Estrada de Ubá.","-47.8199996948242","-22.25",NA,NA,"HUEFS0113178","HUEFS0113178",NA,NA,NA,"2009","07",NA,NA,NA,"Rosanae",NA,"22843","auto",NA,NA,NA
"152","2016-04-15 11:39:03-03","F","FMNH-SEEDPLANTS","V0393723F","PreservedSpecimen","Plantae","Spermatophyta",NA,"Fabaceae","Zornia","pardina","Zornia pardina",NA,NA,NA,NA,NA,NA,NA,"South America","Venezuela",NA,NA,NA,"-65.9119","7.0758",NA,NA,"V0393723F","V0393723F_01",NA,NA,NA,NA,NA,NA,NA,NA,"Dicotyledoneae",NA,NA,NA,NA,NA,NA
"153","2016-04-15 11:39:03-03","F","FMNH-SEEDPLANTS","V0393724F","PreservedSpecimen","Plantae","Spermatophyta",NA,"Fabaceae","Zornia","pardina","Zornia pardina",NA,NA,NA,NA,NA,NA,NA,"South America","French Guiana",NA,NA,NA,"-52.9708","3.8558",NA,NA,"V0393724F","V0393724F_01",NA,NA,NA,NA,NA,NA,NA,NA,"Dicotyledoneae",NA,NA,NA,NA,NA,NA
"154","2016-04-15 11:39:04-03","F","FMNH-SEEDPLANTS","V0393725F","PreservedSpecimen","Plantae","Spermatophyta",NA,"Fabaceae","Zornia","pardina","Zornia pardina",NA,NA,NA,NA,NA,NA,NA,"South America","Paraguay",NA,NA,NA,"-58.1689","-23.2025",NA,NA,"V0393725F","V0393725F_01",NA,NA,NA,NA,NA,NA,NA,NA,"Dicotyledoneae",NA,NA,NA,NA,NA,NA
"155","2016-04-15 11:39:04-03","F","FMNH-SEEDPLANTS","V0393726F","PreservedSpecimen","Plantae","Spermatophyta",NA,"Fabaceae","Zornia","pardina","Zornia pardina",NA,NA,NA,NA,NA,NA,NA,"South America","Brazil",NA,NA,NA,"-52.8731","-10.8339",NA,NA,"V0393726F","V0393726F_01",NA,NA,NA,NA,NA,NA,NA,NA,"Dicotyledoneae",NA,NA,NA,NA,NA,NA
"156","2016-04-15 11:39:05-03","F","FMNH-SEEDPLANTS","V0393728F","PreservedSpecimen","Plantae","Spermatophyta",NA,"Fabaceae","Zornia","pardina","Zornia pardina",NA,NA,NA,NA,NA,NA,NA,"South America","Brazil",NA,NA,NA,"-52.8731","-10.8339",NA,NA,"V0393728F","V0393728F_01",NA,NA,NA,NA,NA,NA,NA,NA,"Dicotyledoneae",NA,NA,NA,NA,NA,NA
"157","2016-04-15 11:39:13-03","F","FMNH-SEEDPLANTS","V0393764F","PreservedSpecimen","Plantae","Spermatophyta",NA,"Fabaceae","Zornia","pardina","Zornia pardina",NA,NA,NA,NA,NA,NA,NA,"South America","Brazil",NA,NA,NA,"-52.8731","-10.8339",NA,NA,"V0393764F","V0393764F_01",NA,NA,NA,NA,NA,NA,NA,NA,"Dicotyledoneae",NA,NA,NA,NA,NA,NA
"158","2016-04-15 11:39:15-03","F","FMNH-SEEDPLANTS","V0393770F","PreservedSpecimen","Plantae","Spermatophyta",NA,"Fabaceae","Zornia","pardina","Zornia pardina",NA,NA,NA,NA,NA,NA,NA,"South America","Brazil",NA,NA,NA,"-52.8731","-10.8339",NA,NA,"V0393770F","V0393770F_01",NA,NA,NA,NA,NA,NA,NA,NA,"Dicotyledoneae",NA,NA,NA,NA,NA,NA
"159","2016-04-15 11:39:16-03","F","FMNH-SEEDPLANTS","V0393776F","PreservedSpecimen","Plantae","Spermatophyta",NA,"Fabaceae","Zornia","pardina","Zornia pardina",NA,NA,NA,NA,NA,NA,NA,"South America","Brazil",NA,NA,NA,"-52.8731","-10.8339",NA,NA,"V0393776F","V0393776F_01",NA,NA,NA,NA,NA,NA,NA,NA,"Dicotyledoneae",NA,NA,NA,NA,NA,NA
"160","2016-04-15 11:39:20-03","F","FMNH-SEEDPLANTS","V0393794F","PreservedSpecimen","Plantae","Spermatophyta",NA,"Fabaceae","Zornia","pardina","Zornia pardina",NA,NA,NA,NA,NA,NA,NA,"South America","Brazil",NA,NA,NA,"-52.8731","-10.8339",NA,NA,"V0393794F","V0393794F_01",NA,NA,NA,NA,NA,NA,NA,NA,"Dicotyledoneae",NA,NA,NA,NA,NA,NA
"161","2016-04-15 11:39:21-03","F","FMNH-SEEDPLANTS","V0393800F","PreservedSpecimen","Plantae","Spermatophyta",NA,"Fabaceae","Zornia","pardina","Zornia pardina",NA,NA,NA,NA,NA,NA,NA,"South America","Argentina",NA,NA,NA,"-64.9208","-35.3869",NA,NA,"V0393800F","V0393800F_01",NA,NA,NA,NA,NA,NA,NA,NA,"Dicotyledoneae",NA,NA,NA,NA,NA,NA
"162","2016-04-15 11:39:19-03","F","FMNH-SEEDPLANTS","V0393788F","PreservedSpecimen","Plantae","Spermatophyta",NA,"Fabaceae","Zornia","pardina","Zornia pardina",NA,NA,NA,NA,NA,NA,NA,"South America","Brazil",NA,NA,NA,"-52.8731","-10.8339",NA,NA,"V0393788F","V0393788F_01",NA,NA,NA,NA,NA,NA,NA,NA,"Dicotyledoneae",NA,NA,NA,NA,NA,NA
"163","2016-04-15 11:39:17-03","F","FMNH-SEEDPLANTS","V0393782F","PreservedSpecimen","Plantae","Spermatophyta",NA,"Fabaceae","Zornia","pardina","Zornia pardina",NA,NA,NA,NA,NA,NA,NA,"South America","Paraguay",NA,NA,NA,"-58.1689","-23.2025",NA,NA,"V0393782F","V0393782F_01",NA,NA,NA,NA,NA,NA,NA,NA,"Dicotyledoneae",NA,NA,NA,NA,NA,NA
"164","2019-01-25 15:41:24-02","IAC","IAC","32699","S","Plantae",NA,NA,"Fabaceae","Zornia","pardina","Zornia pardina","Mohlenbr.","A.P. Fortuna-Perez","L. Krieger","s/nº","1988","02","26",NA,"Brasil","Minas Gerais","São João Del Rei","Estrada São João D#?#el Rei, Lavras, km 274","-44.2617","-21.1356",NA,NA,NA,NA,NA,NA,NA,"2006","07","-44.2617","-21.1356","26",NA,NA,NA,NA,NA,NA,NA
"165","2019-01-25 15:41:24-02","IAC","IAC","36443","S","Plantae",NA,NA,"Fabaceae","Zornia","pardina","Zornia pardina","Mohlenbr.","A.P. Fortuna-Perez","G.F. Árbocz","1146","1995","02","04",NA,"Brasil","São Paulo","Mogi Mirim","Campo das Empresas","-46.9578","-22.4319",NA,NA,NA,NA,NA,NA,NA,"2016","03","-46.9578","-22.4319","30",NA,NA,NA,NA,NA,NA,NA
"166","2019-11-01 15:01:16-03","UnB","UB","129665","PreservedSpecimen","Plantae","Dicotyledoneae",NA,"Fabaceae","Zornia","pardina","Zornia pardina","Mohlenbr.","Barneby, R","Irwin, HS","25558","1970","01","28","Southern America","Brasil","Minas Gerais",NA,"Ca. 25km NE of Patrocínio",NA,NA,NA,"Corolla light yellow.; Ascending herb 0,5m.; Campo on red clay",NA,NA,NA,NA,NA,"1984",NA,NA,NA,NA,NA,NA,NA,NA,NA,NA,NA
"167","2019-11-01 15:01:16-03","UnB","UB","129666","PreservedSpecimen","Plantae","Dicotyledoneae",NA,"Fabaceae","Zornia","pardina","Zornia pardina","Mohlenbr.","Barneby, R","Irwin, HS","25563","1970","01","29","Southern America","Brasil","Minas Gerais",NA,"Ca. 26km NE of Patrocínio",NA,NA,NA,"Corolla yellow.; Ascending herb 0,3m.",NA,NA,NA,NA,NA,"1984",NA,NA,NA,NA,NA,NA,NA,NA,NA,NA,NA
"168","2019-11-01 15:01:16-03","UnB","UB","171247","PreservedSpecimen","Plantae","Dicotyledoneae",NA,"Fabaceae","Zornia","pardina","Zornia pardina","Mohlenbr.","Fortuna-Perez, AP","Eiten, G; Eiten, LT","1769","1960","03","24","Southern America","Brasil","São Paulo","Mogi Guaçu","Campos das Sete Lagoas. Fazenda Campininha, just north of Rio Moji-Guaçu. 10km NNE of Padua Sales. About 27km NW of city of Moji-Mirim.","-47.116667","-22.183333",NA,"In ripe seed, creeping over man made earth ridge 1-2 yrs old.; Campo cerrado on upland (or occasionally forest). Open marsh or dense secondary fores along streams. Cut-over & burned campo cerrado, ground ploughed form planting of Pinus. Ground vegeta",NA,NA,NA,"575","650","2009","04","-47.116667","-22.183333",NA,NA,NA,NA,NA,NA,NA,NA
"169","2019-11-01 15:01:16-03","UnB","UB","41968","PreservedSpecimen","Plantae","Dicotyledoneae",NA,"Fabaceae","Zornia","pardina","Zornia pardina","Mohlenbr.","Incógnito","Irwin, HS","25074","1970","01","22","Southern America","Brasil",NA,NA,NA,NA,NA,NA,NA,NA,NA,NA,NA,NA,NA,NA,NA,NA,NA,NA,NA,NA,NA,NA,NA,NA
"170","2019-11-01 15:01:16-03","UnB","UB",NA,"PreservedSpecimen","Plantae","Dicotyledoneae",NA,"Fabaceae","Zornia","pardina","Zornia pardina","Mohlenbr.","Villarroel, D","Villarroel, D; Martinez, MT; Aramayo, G; Nee, MH","3153","2014","02","26","Southern America","Bolivia","Santa Cruz","Prov. Germán Busch","Cerro Mutún. Cima del cerro en dirección Sur de los mástiles. Campo sujo que se desarrolla sobre suelos pedregosos y muy poco profundos, se observan áreas con afloramientos rocosos abruptos.","-58.455444","-19.331583",NA,NA,NA,NA,NA,"780","780",NA,NA,"-58.455444","-19.331583",NA,NA,NA,NA,NA,NA,NA,NA
"171","2019-11-01 15:01:16-03","UnB","UB","129667","PreservedSpecimen","Plantae","Dicotyledoneae",NA,"Fabaceae","Zornia","pardina","Zornia pardina pardina","Mohlenbr.","Ferreira, MB","Irwin, HS","14701","1966","04","13","Southern America","Brasil","Bahia",NA,"Ca. 150km SW of Barreiras",NA,NA,NA,"Corolla yellow.; Herb, ascending to decumbent 0,25m.",NA,NA,"pardina",NA,NA,"1981",NA,NA,NA,NA,NA,NA,NA,NA,NA,NA,NA
"172","2020-10-26 09:32:21-03","UNEMAT","NX-FANEROGAMAS","6615","PreservedSpecimen","Plantae",NA,NA,"Fabaceae","Zornia","pardina","Zornia pardina","Mohlenbr","Mansano V.F.","Santos T.R.R., Fernandes-Bulão C.","TRS4","2005","04","18",NA,"Brasil","Mato Grosso","Nova Xavantina","Parque Municipal do Bacaba. No início da Ilha do Pequi.","-52.353099822998","-14.6732997894287",NA,"Frutos jovens.[HABITAT=Cerrado alterado]",NA,NA,NA,NA,NA,"2006","03",NA,NA,NA,NA,NA,"79739","auto",NA,NA,NA
"173","2021-02-08 12:42:36-03","UFRGS","ICN","120080","S","Plantae","Dicotyledon",NA,"Fabaceae","Zornia","pardina","Zornia pardina","Mohlenbr.","Perez, APF","Flores, A","130","1997","01","27","América do Sul","Brasil","PR","Sengés","PR 151 em direção a Itararé 8 km após ponte do rio Cajuru","-49.4636001586914","-24.1128005981445",NA,"Campo semelhante a cerrado, em beira de rodovia.","ICN00026819","ICN00026819",NA,NA,NA,NA,NA,NA,NA,NA,NA,NA,"55682","auto",NA,NA,NA
"174","2021-02-08 12:42:36-03","UFRGS","ICN","134331c","S","Plantae","Dicotyledon",NA,"Fabaceae","Zornia","pardina","Zornia pardina","Mohlenbr.","Perez, APF","Canisio, Pe","s.n.",NA,NA,NA,"América do Sul","Brasil","RS","São Leopoldo","Caí, Portão","-51.1472015380859","-29.7602996826172",NA,NA,"ICN00026817","ICN00026817",NA,NA,NA,NA,NA,NA,NA,NA,NA,NA,"10287","auto",NA,NA,NA
"175","2021-02-08 12:42:36-03","UFRGS","ICN","035404","S","Plantae","Dicotyledon",NA,"Fabaceae","Zornia","pardina","Zornia pardina","Mohlenbr.","Vanni, R","Normann","922",NA,NA,NA,"América do Sul","Brasil","RS","Rainha do Mar","Praia",NA,NA,NA,NA,"ICN00026816","ICN00026816 ICN00026816_1",NA,NA,NA,NA,NA,NA,NA,NA,NA,NA,NA,NA,NA,NA,NA
"176","2021-02-08 12:42:36-03","UFRGS","ICN","047646","S","Plantae","Dicotyledon",NA,"Fabaceae","Zornia","pardina","Zornia pardina","Mohlenbr.","Vanni, R","Pfadenhauer","241",NA,NA,NA,"América do Sul","Brasil","RS","Atlântida do Sul","Entre Noiva do Mar e Atlântida",NA,NA,NA,NA,"ICN00026810","ICN00026810 ICN00026810_1",NA,NA,NA,NA,NA,NA,NA,NA,NA,NA,NA,NA,NA,NA,NA
"177","2021-02-08 12:42:36-03","UFRGS","ICN","059861","S","Plantae","Dicotyledon",NA,"Fabaceae","Zornia","pardina","Zornia pardina","Mohlenbr.","Perez, APF","Schinini, A; Vanni, R; Anderson, W; Johnson, D","21856","1982","02","04","América do Sul","Argentina","Misiones","Concepción",NA,NA,NA,NA,"Em morro de terra vermelha.","ICN00026809","ICN00026809 ICN00026809_1",NA,NA,NA,"2010","07",NA,NA,NA,NA,NA,NA,NA,NA,NA,NA
"178","2021-02-08 12:42:36-03","UFRGS","ICN","164054","S","Plantae","Dicotyledon",NA,"Fabaceae","Zornia","pardina","Zornia pardina","Mohlenbr.","Miotto, STS","Matzenbacher, NI","3002","2010","03","21","América do Sul","Brasil","RS","Guaíba","Fazenda São Maximiano","-51.386111","-30.180833",NA,"frutos e flores, corola amarela; herbacea, campo","ICN00026808","ICN00026808_2",NA,NA,NA,NA,NA,"-51.386111","-30.180833",NA,NA,NA,NA,NA,NA,NA,NA
"179","2021-02-08 12:42:36-03","UFRGS","ICN","031552","S","Plantae","Dicotyledon",NA,"Fabaceae","Zornia","pardina","Zornia pardina","Mohlenbr.","Vanni, R","Teodoro, Ir","468","1944","11","04","América do Sul","Brasil","MG","São Sebastião do Paraíso","Curtume","-46.9914016723633","-20.9169006347656",NA,NA,"ICN00026813","ICN00026813",NA,NA,NA,NA,NA,NA,NA,NA,NA,NA,"24792","auto",NA,NA,NA
"180","2021-02-08 12:42:36-03","UFRGS","ICN","125920","S","Plantae","Dicotyledon",NA,"Fabaceae","Zornia","pardina","Zornia pardina","Mohlenbr.","Vanni, R","Hagelund, K","3304","1965","02","22","América do Sul","Brasil","RS","Giruá","Granja Sodol","-54.3497009277344","-28.028299331665",NA,NA,"ICN00026815","ICN00026815 ICN00026815_1",NA,NA,NA,NA,NA,NA,NA,NA,NA,NA,"23862","auto",NA,NA,NA
"181","2021-02-08 12:42:36-03","UFRGS","ICN","123110","S","Plantae","Dicotyledon",NA,"Fabaceae","Zornia","pardina","Zornia pardina","Mohlenbr.","Perez, APF","Schneider, AA","s.n.","2002","05","05","América do Sul","Brasil","RS","Não-Me-Toque",NA,"-52.82080078125","-28.4591999053955",NA,"RS 142","ICN00026818","ICN00026818 ICN00026818_1",NA,"500","500",NA,NA,NA,NA,NA,NA,NA,"14277","auto",NA,NA,NA
"182","2021-02-08 12:42:36-03","UFRGS","ICN","051603","S","Plantae","Dicotyledon",NA,"Fabaceae","Zornia","pardina","Zornia pardina","Mohlenbr.","Vanni, R","Baptista, A","s.n.","1982","03","28","América do Sul","Brasil","RS","Torres","Butiazal","-49.7268981933594","-29.3353004455566",NA,NA,"ICN00026812","ICN00026812",NA,NA,NA,NA,NA,NA,NA,NA,NA,NA,"20837","auto",NA,NA,NA
"183","2021-02-08 12:42:36-03","UFRGS","ICN","009721","S","Plantae","Dicotyledon",NA,"Fabaceae","Zornia","pardina","Zornia pardina","Mohlenbr.","Vanni, R","Valls, JFM","s.n.","1972","02","25","América do Sul","Brasil","RS","Torres","Entre a Torre do Centro e a estrada para Itapeva","-49.7268981933594","-29.3353004455566",NA,"frequente em dunas fixadas; campo de dunas fixadas","ICN00026811","ICN00026811",NA,NA,NA,NA,NA,NA,NA,NA,NA,NA,"20837","auto",NA,NA,NA
"184","2021-02-08 12:42:36-03","UFRGS","ICN","044677","S","Plantae","Dicotyledon",NA,"Fabaceae","Zornia","pardina","Zornia pardina","Mohlenbr.","Perez, APF","H. S. A.","21",NA,NA,NA,"América do Sul","Brasil","RS","Tupanciretã",NA,"-53.8358001708984","-29.0806007385254",NA,NA,"ICN00026814","ICN00026814",NA,NA,NA,NA,NA,NA,NA,NA,NA,NA,"59498","auto",NA,NA,NA
"185","2021-02-08 12:42:36-03","UFRGS","ICN","015589","S","Plantae","Dicotyledon",NA,"Fabaceae","Zornia","pardina","Zornia pardina","Mohlenbr.","Perez, APF","Araujo, A","s.n.",NA,NA,NA,"América do Sul","Brasil","RS","Tupanciretã",NA,"-53.8358001708984","-29.0806007385254",NA,NA,"ICN00026807","ICN00026807 ICN00026807_1",NA,NA,NA,NA,NA,NA,NA,NA,NA,NA,"59498","auto",NA,NA,NA
"186","2020-08-26 10:49:08-03","MCN-FZBRS","HAS","87179","PreservedSpecimen","Plantae","Magnoliophyta",NA,"Fabaceae","Zornia","pardina","Zornia pardina","Mohlenbr.",NA,"Mattos, J.","27247","1984","10",NA,NA,"Brasil","Rio Grande do Sul","Alegrete","Passo Novo, perto da Escola Técnica de Agricultura","-55.7919006347656","-29.7831001281738",NA,NA,"HAS0087179",NA,NA,NA,NA,NA,NA,NA,NA,NA,NA,NA,"89305","auto",NA,NA,NA
"187","2020-08-26 10:49:08-03","MCN-FZBRS","HAS","18744","PreservedSpecimen","Plantae","Magnoliophyta",NA,"Fabaceae","Zornia","pardina","Zornia pardina","Mohlenbr.","Vanni, R.","Abruzzi, M.L.","803","1982","02",NA,NA,"Brasil","Rio Grande do Sul","Capão da Canoa (Xangrilá - RS)","Praia de Xangrilá.",NA,NA,NA,"Erva ascendente; solo arenoso; flores amarelas.","HAS0018744",NA,NA,NA,NA,"1985",NA,NA,NA,NA,NA,NA,NA,NA,NA,NA,NA
"188","2020-08-26 10:49:08-03","MCN-FZBRS","HAS","87182","PreservedSpecimen","Plantae","Magnoliophyta",NA,"Fabaceae","Zornia","pardina","Zornia pardina var.","Mohlenbr.",NA,"Mattos, N.","28937","1984","03",NA,NA,"Brasil","Santa Catarina","São João do Sul (Passo de Torres - SC)","Bela Torres.",NA,NA,NA,NA,"HAS0087182",NA,"var.",NA,NA,NA,NA,NA,NA,NA,NA,NA,NA,NA,NA,NA,NA
"189","2020-08-26 10:49:08-03","MCN-FZBRS","HAS","33834","PreservedSpecimen","Plantae","Magnoliophyta",NA,"Fabaceae","Zornia","pardina","Zornia pardina","Mohlenbr.",NA,"Silveira, N.","996","1984","02",NA,NA,"Brasil","Rio Grande do Sul","Torres","Estância Ponche Verde do Sr. Silva , 4 km a Sul - Sudoeste da sede","-49.7268981933594","-29.3353004455566",NA,NA,"HAS0033834",NA,NA,NA,NA,NA,NA,NA,NA,NA,NA,NA,"20837","auto",NA,NA,NA
"190","2020-08-26 10:49:08-03","MCN-FZBRS","HAS","87177","PreservedSpecimen","Plantae","Magnoliophyta",NA,"Fabaceae","Zornia","pardina","Zornia pardina","Mohlenbr.",NA,"Silveira, N.","4140","1987","02",NA,NA,"Brasil","Rio Grande do Sul","Torres","No perímetro urbano da cidade,","-49.7268981933594","-29.3353004455566",NA,"Rasteira, flores amarelas.","HAS0087177",NA,NA,NA,NA,NA,NA,NA,NA,NA,NA,NA,"20837","auto",NA,NA,NA
"191","2020-08-26 10:49:08-03","MCN-FZBRS","HAS","87180","PreservedSpecimen","Plantae","Magnoliophyta",NA,"Fabaceae","Zornia","pardina","Zornia pardina","Mohlenbr.",NA,"Silveira, N.","2984","1986","02",NA,NA,"Brasil","Rio Grande do Sul","Torres","Próximo ao Mampituba,","-49.7268981933594","-29.3353004455566",NA,"Rasteira, flores amarelas.","HAS0087180",NA,NA,NA,NA,NA,NA,NA,NA,NA,NA,NA,"20837","auto",NA,NA,NA
"192","2020-08-26 10:49:08-03","MCN-FZBRS","HAS","87178","PreservedSpecimen","Plantae","Magnoliophyta",NA,"Fabaceae","Zornia","pardina","Zornia pardina","Mohlenbr.",NA,"Silveira, N.","1020","1984","11",NA,NA,"Brasil","Rio Grande do Sul","Torres","Próximo ao Mampituba,","-49.7268981933594","-29.3353004455566",NA,"Flores amarelas.","HAS0087178",NA,NA,NA,NA,NA,NA,NA,NA,NA,NA,NA,"20837","auto",NA,NA,NA
"193","2020-08-26 10:49:08-03","MCN-FZBRS","HAS","87183","PreservedSpecimen","Plantae","Magnoliophyta",NA,"Fabaceae","Zornia","pardina","Zornia pardina","Mohlenbr.",NA,"Mattos, N.","26144","1984","03",NA,NA,"Brasil","Rio Grande do Sul","Torres","Próximo da Barra do Rio Mampituba,","-49.7268981933594","-29.3353004455566",NA,"Flores amarelas.","HAS0087183",NA,NA,NA,NA,NA,NA,NA,NA,NA,NA,NA,"20837","auto",NA,NA,NA
"194","2020-08-26 10:49:08-03","MCN-FZBRS","HAS","87181","PreservedSpecimen","Plantae","Magnoliophyta",NA,"Fabaceae","Zornia","pardina","Zornia pardina","Mohlenbr.",NA,"Mattos, N.","464","1960","02",NA,NA,"Brasil","São Paulo","Mogi Guaçu","Cerca de 8 Km. da cidade,","-46.9421997070312","-22.372200012207",NA,NA,"HAS0087181",NA,NA,NA,NA,NA,NA,NA,NA,NA,NA,NA,"39309","auto",NA,NA,NA
"195","2019-11-21 10:06:56-03","IBt","SP","216937","S","Plantae",NA,NA,"Fabaceae","Zornia","pardina","Zornia pardina","Mohlenbr.","Fortuna Perez, AP","Bicudo, LRH; et al.","824","1986","03","25",NA,"Brasil","São Paulo","Botucatu","Á margem da Rodovia João Melão, que liga São Miguel á Avaré, no km 296","-48.738611","-22.566667",NA,NA,NA,NA,NA,NA,NA,"2007","04","-48.738611","-22.566667",NA,NA,NA,NA,NA,NA,NA,NA
"196","2019-11-21 10:06:56-03","IBt","SP","25265","S","Plantae",NA,NA,"Fabaceae","Zornia","pardina","Zornia pardina crinita","Mohlenbr.","Fortuna Perez, AP","Deslandes, J","13","1929","12",NA,NA,"Brasil","Rio Grande do Sul",NA,NA,NA,NA,NA,NA,"SP028698","SP028698","crinita",NA,NA,"2007","04",NA,NA,NA,NA,NA,NA,NA,NA,NA,NA
"197","2019-11-21 10:06:56-03","IBt","SP","107905","S","Plantae",NA,NA,"Fabaceae","Zornia","pardina","Zornia pardina pardina","Mohlenbr.","Fortuna Perez, AP","Montes, JE","s.n.","1958","04","01","Southern America","Argentina","Misiones","Cainguas",NA,NA,NA,NA,NA,NA,NA,"pardina","270","270","2007","04",NA,NA,NA,NA,NA,NA,NA,NA,NA,NA
"198","2019-11-21 10:06:56-03","IBt","SP","30161","S","Plantae",NA,NA,"Fabaceae","Zornia","pardina","Zornia pardina","Mohlenbr.","Fortuna Perez, AP","Otero, J","250","1933","02","10",NA,"Brasil","Mato Grosso do Sul","Campo Grande","Fazenda Imbirussú","-54.6464004516602","-20.4428005218506",NA,NA,"SP028697","SP028697",NA,NA,NA,"2007","04",NA,NA,"24",NA,NA,"161190","auto",NA,NA,NA
"199","2019-11-21 10:06:56-03","IBt","SP","101850","S","Plantae",NA,NA,"Fabaceae","Zornia","pardina","Zornia pardina","Mohlenbr.","Fortuna Perez, AP","Mattos, J; Mattos, N","14870A","1966","12","09",NA,"Brasil","São Paulo","Capão Bonito","Mais ou menos no km 14 da rodovia, Capão Bonito-Itapeva","-48.3400001525879","-24",NA,NA,"SP028699","SP028699",NA,NA,NA,"2012","11",NA,NA,NA,NA,NA,"39505","auto",NA,NA,NA
"200","2019-11-21 10:06:56-03","IBt","SP","258644","S","Plantae",NA,NA,"Fabaceae","Zornia","pardina","Zornia pardina pardina","Mohlenbr.","Fortuna Perez, AP","Barros, F","2680","1993","02","13",NA,"Brasil","São Paulo","Itirapina","Estrada de Ubá","-47.8199996948242","-22.25",NA,NA,"SP028696","SP028696","pardina",NA,NA,"2007","04",NA,NA,"24",NA,NA,"22843","auto",NA,NA,NA
