"record_id","modified","institutionCode","collectionCode","catalogNumber","basisOfRecord","kingdom","phylum","order","family","genus","specificEpithet","scientificName","scientificNameAuthorship","typeStatus","recordedBy","recordNumber","continentOcean","country","stateProvince","preparationType","occurrenceRemarks","barcode","imagecode","identifiedBy","year","month","day","locality","decimalLongitude","decimalLatitude","minimumElevationInMeters","maximumElevationInMeters","county","coordinatePrecision","geoFlag","yearIdentified","class","monthIdentified","dayIdentified","verbatimLongitude","verbatimLatitude","fieldNumber","individualCount","relatedCatalogItem","previousCatalogNumber","infraspecificEpithet"
"1","2021-03-15 16:37:00-03","NY","NYBG","404914","PreservedSpecimen","Plantae","Magnoliophyta","Myrtales","Myrtaceae","Eugenia","eurysepala","Eugenia eurysepala","Kiaersk.","isotype","A. F. M. Glaziou","12001","South America","Brazil","Rio de Janeiro","sheet","donné par Mme Simard, sa fille, en 1907 <a href='http://sweetgum.nybg.org/science/vh/specimen_details.php?irn=714048' target='other'> <mi>dwc_moreinfo</mi></a>","NY00404914","NY00404914_01",NA,NA,NA,NA,NA,NA,NA,NA,NA,NA,NA,NA,NA,NA,NA,NA,NA,NA,NA,NA,NA,NA,NA
"2","2017-01-12 11:05:00-02","NY","NYBG","885939","PreservedSpecimen","Plantae","Magnoliophyta","Myrtales","Myrtaceae","Eugenia","nutans","Eugenia nutans",NA,NA,"A. P. Duarte","6283","South America","Brazil","Rio de Janeiro","sheet","<a href='http://sweetgum.nybg.org/science/vh/specimen_details.php?irn=1010540' target='other'> <mi>dwc_moreinfo</mi></a>","NY00885939","NY00885939_01","F. F. Mazine","1962","03","16","Guanabara, Torre da TV. Tupi, Sumaré.","-43.232881","-22.951176","680","680",NA,NA,NA,NA,NA,NA,NA,NA,NA,NA,NA,NA,NA,NA
"3","2021-03-15 16:37:00-03","NY","NYBG","404970","PreservedSpecimen","Plantae","Magnoliophyta","Myrtales","Myrtaceae","Eugenia","nutans","Eugenia nutans","O.Berg","type","Martii Herbar. Florae Brasil.","1228","South America","Brazil","Bahia","sheet","<a href='http://sweetgum.nybg.org/science/vh/specimen_details.php?irn=194524' target='other'> <mi>dwc_moreinfo</mi></a>","NY00404970","NY00404970_01",NA,NA,NA,NA,"Rio Janeiro?",NA,NA,NA,NA,NA,NA,NA,NA,NA,NA,NA,NA,NA,NA,NA,NA,NA,NA
"4","2021-03-15 16:37:00-03","NY","NYBG","00907321","PreservedSpecimen","Plantae","Magnoliophyta","Myrtales","Myrtaceae","Eugenia","nutans","Eugenia nutans","O.Berg",NA,"H. S. Irwin","19864","South America","Brazil","Minas Gerais","sheet","<a href='http://sweetgum.nybg.org/science/vh/specimen_details.php?irn=985346' target='other'> <mi>dwc_moreinfo</mi></a>","NY00907321","NY00907321_01","C. M. D. E. Legrand","1968","02","11","Pico de Itabirito, ca. 50 km S.E. of Belo Horizonte.","-43.8","-20.23","1750","1750",NA,NA,NA,NA,NA,NA,NA,NA,NA,NA,NA,NA,NA,NA
"5","2020-11-13 09:20:23-03","UFRJ","RFA","100806","PreservedSpecimen","Plantae",NA,NA,"Myrtaceae","Eugenia","eurysepala","Eugenia eurysepala","Kiaersk.",NA,"Flavio Britto Pereira","dez-22",NA,"Brasil","Rio de Janeiro",NA,"Arvore, 6m de altura, 10cm de DAP, folha verde e comum no local.","RFA42038",NA,NA,"2000","07","17","Fazenda são Francisco de Paula","-42.9818992614746","-22.5372009277344",NA,NA,"Guapimirim","21463","auto",NA,NA,NA,NA,NA,NA,NA,NA,NA,NA,NA
"6","2021-03-30 12:45:50-03","EAO","IAN","94407","PreservedSpecimen","Plantae","Dicotiledônea",NA,"Myrtaceae","Eugenia","eurysepala","Eugenia eurysepala","Kiaersk.","isotipo","Glaziou, AFM","12001","Southern America","Brasil","Rio de Janeiro",NA,NA,"IAN094407",NA,NA,"1907",NA,NA,NA,NA,NA,NA,NA,NA,NA,NA,NA,NA,NA,NA,NA,NA,NA,NA,NA,NA,NA
"7","2020-11-04 11:14:33-03","ESALQ","ESA","49674","PreservedSpecimen","Plantae","Magnoliophyta",NA,"Myrtaceae","Eugenia","eurysepala","Eugenia eurysepala","Kiaersk.",NA,"Leoni, L.S.","3836.0",NA,"Brasil","Minas Gerais",NA,NA,"ESA049674","ESA049674","Sobral, M.","1998","01","01",NA,"-41.8683013916016","-20.4333000183105",NA,NA,"Alto Caparaó","21645","auto",NA,NA,NA,NA,NA,NA,NA,NA,NA,NA,NA
"8","2020-11-04 11:14:34-03","ESALQ","ESA","68729","PreservedSpecimen","Plantae","Magnoliophyta",NA,"Myrtaceae","Eugenia","nutans","Eugenia nutans","O. Berg.",NA,"Krieger, L.","9745.0",NA,"Brasil","Minas Gerais",NA,NA,"ESA068729","ESA068729","Kuntz, J.","1970","12","19",NA,"-43.801399230957","-20.2532997131348",NA,NA,"Itabirito","20553","auto","2011",NA,NA,NA,NA,NA,NA,NA,NA,NA,NA
"9","2019-08-27 13:31:21-03","IAP","PACA-AGP","109960","PreservedSpecimen","Plantae","Magnoliophyta","Myrtales","Myrtaceae","Eugenia","nutans","Eugenia nutans","O. Berg",NA,"S. Dreveck & F.E. Carneiro","1087",NA,"Brasil","SC",NA,"FURB 19044 Habitat: interior do fragmento Fenofase: flor branca Hábito: arbórea Ecossistema: floresta ombrófila densa","PACA109960",NA,"M. Sobral","2009","09","23",NA,"-48.780278","-26.100278","112","112","Garuva",NA,NA,"2010","Magnoliatae","01","25","48°46'49W","26°06'01S",NA,NA,NA,NA,NA
"10","2018-03-08 09:13:18-03","ASU","ASU-PLANTS","ASU0057359","PreservedSpecimen","Plantae","Magnoliophyta","Myrtales","Myrtaceae","Eugenia","eurysepala","Eugenia eurysepala",NA,NA,"G. Hatschbach; M. Hatschbach, V. Nicolack","52888",NA,"Brazil","Minas Gerais",NA,"Árvore, 4-5 m, frutos imaturos pretos.",NA,NA,"M. Sobral","1989","5","18","Conceição do Mato Dentro, 3-5 km S.","-43.417678","-19.042033","800",NA,NA,NA,NA,NA,NA,NA,NA,NA,NA,NA,NA,NA,NA,NA
"11","2019-11-21 14:40:03-03","UFJF","CESJ","45580","PreservedSpecimen","Plantae","Angiosperma",NA,"Myrtaceae","Eugenia","eurysepala","Eugenia eurysepala","Kiaersk.",NA,"A.M. Oliveira; J.R. Stehmann; R.C. Mota","190","América do Sul","Brasil","Minas Gerais",NA,"Arbusto em canga couraçada, sépalas verdes, estames brancos","CESJ045580",NA,"M. Sobral","2002","12","16","Mirante, Mina do Brucutu / CVRD",NA,NA,NA,NA,"Barão dos Cocais",NA,NA,NA,NA,NA,NA,NA,NA,NA,NA,NA,NA,NA
"12","2019-11-21 14:40:03-03","UFJF","CESJ","9745 A","PreservedSpecimen","Plantae","Angiosperma",NA,"Myrtaceae","Eugenia","eurysepala","Eugenia eurysepala","Kiaersk.",NA,"L. Krieger","CESJ9745","América do Sul","Brasil","Minas Gerais",NA,"arbusto com flores passadas, frutos amarelos comestíveis","CESJ09745A",NA,"M. Sobral","1970","12","19",NA,"-43.801399230957","-20.2532997131348",NA,NA,"Itabirito","20553","auto",NA,NA,NA,NA,NA,NA,NA,NA,NA,NA,NA
"13","2019-11-21 14:40:08-03","UFJF","CESJ","68635","PreservedSpecimen","Plantae","Angiosperma",NA,"Myrtaceae","Eugenia","nutans","Eugenia nutans","O.Berg",NA,"B. Moreira; L.C.D. Dias","301","América do Sul","Brasil","Minas Gerais",NA,"Árvore, frutos imaturos verdes, 10m. Interior de mata","CESJ068635",NA,"M. Sobral","2015","06","20","Parque Estadual do Ibitipoca, Nanofloresta nebular, atrás do camping","-43.898333","-21.716111","1380","1380","Lima Duarte",NA,NA,"2019",NA,NA,NA,"-43.898333","-21.716111",NA,NA,NA,NA,NA
"14","2019-11-21 14:40:08-03","UFJF","CESJ","51874","PreservedSpecimen","Plantae","Angiosperma",NA,"Myrtaceae","Eugenia","nutans","Eugenia nutans","O.Berg",NA,"C.N. Matozinhos; J. Miloski; J.H.C. Ribeiro; S.M. Dutra; N.L. Abreu","409","América do Sul","Brasil","Minas Gerais",NA,"Arbusto em campo rupestre. Frutos de verdes a negros.","CESJ051874",NA,"M. Sobral","2008","08","30","Serra Negra, Trilha para cachoeira do Marciano.","-43.8278007507324","-22.0891990661621",NA,NA,"Rio Preto","20815","auto","2010",NA,"07",NA,NA,NA,NA,NA,NA,NA,NA
"15","2019-11-21 14:40:08-03","UFJF","CESJ","69294","PreservedSpecimen","Plantae","Angiosperma",NA,"Myrtaceae","Eugenia","nutans","Eugenia nutans","O.Berg",NA,"G.B. Oliveira; M.A. Manhães; A. Cabral; F.R.G. Salimena; P.H. Nobre","368","América do Sul","Brasil","Minas Gerais",NA,"Arbusto de 1,5-3 m, flores alvas e estames alvos, em frente a entradas da gruta","CESJ069294",NA,"M. Sobral","2017","02","18","Parque Estadual do Ibitipoca, Nanofloresta Nebular, Gruta dos Fugitivos, 15-20m da entrada da gruta","-43.883056","-21.677778","1670","1670","Lima Duarte",NA,NA,"2019",NA,"05",NA,"-43.883056","-21.677778",NA,NA,NA,NA,NA
"16","2019-11-21 14:40:08-03","UFJF","CESJ","9745B","PreservedSpecimen","Plantae","Angiosperma",NA,"Myrtaceae","Eugenia","nutans","Eugenia nutans","O.Berg",NA,"L. Krieger","CESJ9745B","América do Sul","Brasil","Minas Gerais",NA,"Arbusto, flores passadas. Frutos amarelos comestíveis. Guabiroba.","CESJ09745B",NA,"M. Sobral","1970","12","19",NA,"-43.801399230957","-20.2532997131348",NA,NA,"Itabirito","20553","auto","2019",NA,NA,NA,NA,NA,NA,NA,NA,NA,NA
"17","2019-11-21 14:40:08-03","UFJF","CESJ","48530","PreservedSpecimen","Plantae","Angiosperma",NA,"Myrtaceae","Eugenia","nutans","Eugenia nutans","O.Berg",NA,"L. Menini Neto; C.N. Matozinhos; N.L. Abreu; T.Trindade; E.A. Feliciano; P.L. Viana","303","América do Sul","Brasil","Minas Gerais",NA,"Arvoreta, ca. 2m alt., em mata nebular, folhas levemente discolores, fruto verde acastanhado, cálice persistente verde-claro.","CESJ048530",NA,"M. Sobral; K. Antunes","2007","01","27","Serra Negra, Burro de Ouro.","-43.8278007507324","-22.0891990661621",NA,NA,"Rio Preto","20815","auto","2007",NA,"04","27",NA,NA,NA,NA,NA,NA,NA
"18","2019-11-21 14:40:08-03","UFJF","CESJ","46999","PreservedSpecimen","Plantae","Angiosperma",NA,"Myrtaceae","Eugenia","nutans","Eugenia nutans","O.Berg",NA,"P.L. Viana; N.F.O. Mota","1926","América do Sul","Brasil","Minas Gerais",NA,"Subarbusto em campo de altitude. Flores brancas.","CESJ046999",NA,"M. Sobral; K. Antunes","2006","02","26","Serra Negra, Burro de Ouro.","-43.8278007507324","-22.0891990661621",NA,NA,"Rio Preto","20815","auto","2007",NA,"04","27",NA,NA,NA,NA,NA,NA,NA
"19","2019-11-21 14:40:08-03","UFJF","CESJ","61325","PreservedSpecimen","Plantae","Angiosperma",NA,"Myrtaceae","Eugenia","nutans","Eugenia nutans","O.Berg",NA,"K. Antunes; R.J.V. Alves; J.H.C. Ribeiro; N. L. Abreu","342","América do Sul","Brasil","Minas Gerais",NA,"Arbusto, 1,5m alt., campo quartizítico. Fruto roxo, nigrescente quando maduro","CESJ061325",NA,"K. Antunes","2012","10","20","Serra Negra, Trilha para Ninho da Égua","-43.8278007507324","-22.0891990661621",NA,NA,"Rio Preto","20815","auto","2019",NA,NA,NA,NA,NA,NA,NA,NA,NA,NA
"20","2019-11-21 14:40:08-03","UFJF","CESJ","48849","PreservedSpecimen","Plantae","Angiosperma",NA,"Myrtaceae","Eugenia","nutans","Eugenia nutans","O.Berg",NA,"K. Antunes; N.L. Abreu; P.L. Viana; F.S. Souza; N.F.O. Mota; T.E. Almeida; A.M. Teles; B.No","241","América do Sul","Brasil","Minas Gerais",NA,"Arbusto, ca. 2m, campo com solo arenoso. Flores passadas, em frutificação.","CESJ048849",NA,"M. Sobral; K. Antunes","2007","04","10","Serra Negra, Trilha para o Burro de Ouro","-43.8278007507324","-22.0891990661621",NA,NA,"Rio Preto","20815","auto","2007",NA,"04","27",NA,NA,NA,NA,NA,NA,NA
"21","2019-11-21 14:40:08-03","UFJF","CESJ","47389","PreservedSpecimen","Plantae","Angiosperma",NA,"Myrtaceae","Eugenia","nutans","Eugenia nutans","O.Berg",NA,"N.L. Abreu; L. Menini Neto; O.J. Bastos Neto","88","América do Sul","Brasil","Minas Gerais",NA,"Arbusto ca. 2m , borda de mata. Folhas discolores, flores brancas.","CESJ047389",NA,"M. Sobral; K. Antunes","2006","04","18","Serra Negra, Trilha para o Ninho da Égua.","-43.8278007507324","-22.0891990661621",NA,NA,"Rio Preto","20815","auto","2007",NA,"04","27",NA,NA,NA,NA,NA,NA,NA
"22","2019-11-06 09:56:39-03","UFOP","OUPR","20817","PreservedSpecimen","Plantae",NA,NA,"Myrtaceae","Eugenia","nutans","Eugenia nutans","O.Berg",NA,"Messias, M.C.T.B.; Silva, J.L.; Tonaco, A.C. & Ataíde, E.S.","1613",NA,"Brasil","Minas Gerais",NA,"Botões florais verdes",NA,NA,"Sobral, M.","2007","11","28","Serra de Antônio Pereira, Samarco - Alegria 7, em capão de mata","-43.5080986022949","-20.2875003814697",NA,NA,"Ouro Preto","44599","auto","2008",NA,NA,NA,NA,NA,NA,NA,NA,NA,NA
"23","2020-10-14 10:03:23-03","FURB","FURB","19044","PreservedSpecimen","Plantae",NA,NA,"Myrtaceae","Eugenia","nutans","Eugenia nutans","O.Berg",NA,"Dreveck, S.; Carneiro, F.E.","1087",NA,"Brasil","Santa Catarina",NA,"Florística IFFSC 1068 (Arbórea) Habitat: Floresta Ombrófila Densa de Terras Baixas; interior do fragmento Habito: arbórea; flor branca","FURB02461","FURB02461 FURB02461_1","Sobral, M","2009","09","23",NA,"-48.7802778","-26.1002778","112","112","Garuva",NA,NA,"2010",NA,"01","25","-48.7802778","-26.1002778",NA,NA,NA,NA,NA
"24","2019-11-08 08:53:48-03","FURB","FURB","2324","PreservedSpecimen","Plantae",NA,NA,"Myrtaceae","Eugenia","nutans","Eugenia nutans","O.Berg",NA,"Sobral, M.",NA,NA,"Brasil","Santa Catarina",NA,NA,"FURB32298","FURB32298","Sobral, M","2001","02","03","Spitzkopf.","-49.1327778","-27.025",NA,NA,"Blumenau",NA,NA,"2009",NA,"07","17","-49.1327778","-27.0250000",NA,NA,NA,NA,NA
"25","2020-10-14 10:03:23-03","FURB","FURB","45205","PreservedSpecimen","Plantae",NA,NA,"Myrtaceae","Eugenia","nutans","Eugenia nutans","O.Berg",NA,"Mayer, M.; Oliveira, A.A. de","650",NA,"Brasil","Santa Catarina",NA,"Florística Entorno IFFSC 419","FURB32296","FURB32296","Oliveira, AA de","2014","10","17","Planalto Areado.","-49.68","-27.36","514","514","Agronômica",NA,NA,NA,NA,NA,NA,"-49.6800000","-27.3600000",NA,NA,NA,NA,NA
"26","2019-11-08 08:53:48-03","FURB","FURB","6251","PreservedSpecimen","Plantae",NA,NA,"Myrtaceae","Eugenia","nutans","Eugenia nutans","O.Berg",NA,"Vieira, F.C.S.","629",NA,"Brasil","Santa Catarina",NA,NA,"FURB32297","FURB32297","Sobral, M","2004","11","25","Castelo dos Bugres.","-48.8456001281738","-26.3043994903564","900","900","Joinville","37150","auto","2009",NA,"07","17",NA,NA,NA,NA,NA,NA,NA
"27","2014-10-14 15:56:58-03","BS","M","M-0137825","S","Plantae","Magnoliophyta","Myrtales","Myrtaceae","Eugenia","nutans","Eugenia nutans","O.Berg","TYPE","Martius, C.F.P. von",NA,NA,"Brasil",NA,NA,NA,"M0137825",NA,NA,NA,NA,NA,NA,NA,NA,NA,NA,NA,NA,NA,NA,"Magnoliopsida",NA,NA,NA,NA,NA,NA,NA,NA,NA
"28","2014-10-14 15:56:58-03","BS","M","M-0137824","S","Plantae","Magnoliophyta","Myrtales","Myrtaceae","Eugenia","nutans","Eugenia nutans","O.Berg","ISOTYPE","Martius, C.F.P. von",NA,NA,"Brasil",NA,NA,NA,"M0137824",NA,NA,NA,NA,NA,NA,NA,NA,NA,NA,NA,NA,NA,NA,"Magnoliopsida",NA,NA,NA,NA,NA,NA,NA,NA,NA
"29","2021-03-21 19:37:33-03","UFC","EAC","64063","PreservedSpecimen","Plantae","Dicotyledon",NA,"Myrtaceae","Eugenia","nutans","Eugenia nutans","O.Berg",NA,"Tameirão Neto, E.; Vidal, C.V.","5489","Southern America","Brasil","Minas Gerais",NA,"Arbustivo/subarbustivo, altura 2,5 m; botões florais brancos.; Campo rupestre sobre formação quartzítica.","EAC0064063",NA,"Sobral, M.","2013","11","27",NA,"-43.302778","-19.163611","845","845","Conceição do Mato Dentro",NA,NA,"2015",NA,"05","18","-43.302778","-19.163611",NA,NA,NA,NA,NA
"30","2021-03-21 19:37:33-03","UFC","EAC","64062","PreservedSpecimen","Plantae","Dicotyledon",NA,"Myrtaceae","Eugenia","nutans","Eugenia nutans","O.Berg",NA,"Tameirão Neto, E.; Vidal, C.V.","5396","Southern America","Brasil","Minas Gerais",NA,"Arbóreo, altura 1,5 m; botões florais creme.; Floresta estacional semidecidual.","EAC0064062",NA,"Sobral, M.","2013","11","23",NA,"-43.3975","-19.01","998","998","Conceição do Mato Dentro",NA,NA,"2015",NA,"05","18","-43.3975","-19.01",NA,NA,NA,NA,NA
"31","2021-03-21 19:37:33-03","UFC","EAC","64070","PreservedSpecimen","Plantae","Dicotyledon",NA,"Myrtaceae","Eugenia","nutans","Eugenia nutans","O.Berg",NA,"Tameirão Neto, E.; Vidal, C.V.","5625","Southern America","Brasil","Minas Gerais",NA,"Arbóreo, altura 25,5 m; fruto amarelado.; Floresta estacional semidecidual.","EAC0064070",NA,NA,"2015","05","05",NA,"-43.396667","-19.077778",NA,NA,"Conceição do Mato Dentro",NA,NA,NA,NA,NA,NA,"-43.396667","-19.077778",NA,NA,NA,NA,NA
"32","2020-12-21 16:36:30-03","MBM","MBM","191800","PreservedSpecimen","Plantae",NA,NA,"Myrtaceae","Eugenia","eurysepala","Eugenia eurysepala","Kiaersk.",NA,"Dunaiski Jr.; A.; A.","s.n.","Southern America","Brazil","Paraná",NA,NA,"MBM191800","MBM191800","Sobral, M.","1990","02","11","Mananciais da serra","-49.0633010864258","-25.4416999816895",NA,NA,"Piraquara","12577","auto",NA,NA,NA,NA,NA,NA,NA,NA,NA,NA,NA
"33","2020-12-21 16:36:30-03","MBM","MBM","169856","PreservedSpecimen","Plantae",NA,NA,"Myrtaceae","Eugenia","eurysepala","Eugenia eurysepala","Kiaersk.",NA,"Poliquesi, C.B.; Cordeiro, J.; Cordeiro, J.","220","Southern America","Brazil","Paraná",NA,NA,"MBM169856","MBM169856","Sobral, M.","1994","11","09","Serra do Araçatuba","-48.5746994018555","-25.8827991485596",NA,NA,"Guaratuba","41937","auto",NA,NA,NA,NA,NA,NA,NA,NA,NA,NA,NA
"34","2020-12-21 16:36:30-03","MBM","MBM","38425","PreservedSpecimen","Plantae",NA,NA,"Myrtaceae","Eugenia","eurysepala","Eugenia eurysepala","Kiaersk.",NA,"Dziewa, A.","130","Southern America","Brazil","Paraná",NA,NA,"MBM038425","MBM038425","Sobral, M.","1975","02","15","Rio Taquaral","-48.834400177002","-25.476900100708",NA,NA,"Morretes","30514","auto",NA,NA,NA,NA,NA,NA,NA,NA,NA,NA,NA
"35","2020-12-21 16:36:36-03","MBM","MBM","306354","PreservedSpecimen","Plantae",NA,NA,"Myrtaceae","Eugenia","nutans","Eugenia nutans","O.Berg",NA,"Kollmann, L.","7089","Southern America","Brazil","Espírito Santo",NA,NA,"MBM306354","MBM306354","Sobral, M.","2004","10","17","Belém","-40.7461013793945","-20.040599822998",NA,NA,"Santa Maria de Jetibá","31867","auto",NA,NA,NA,NA,NA,NA,NA,NA,NA,NA,NA
"36","2020-12-21 16:36:36-03","MBM","MBM","129205","PreservedSpecimen","Plantae",NA,NA,"Myrtaceae","Eugenia","nutans","Eugenia nutans","O.Berg",NA,"Hatschbach, G.; Hatschbach, M.; Nicolack, V.; Hatschbach, M.; Nicolack, V.","52888","Southern America","Brazil","Minas Gerais",NA,"Árvore 4-5m, frutos maduros pretos.; Campo rupestre, pequeno capão do alto de morro.","MBM129205","MBM129205","Stadnik, A.","1989","05","18","3,5km S","-43.4249992370605","-19.0372009277344","800","800","Conceição do Mato Dentro","60318","auto","2019",NA,"07","30",NA,NA,NA,NA,NA,NA,NA
"37","2020-12-21 16:36:36-03","MBM","MBM","386624","PreservedSpecimen","Plantae",NA,NA,"Myrtaceae","Eugenia","nutans","Eugenia nutans","O.Berg",NA,"Engels, M.E.","1654","Southern America","Brazil","Santa Catarina",NA,"Arvoreta no bosque. Caule castanho. Folhas verdes discolores, mais claras na face abaxial. Flores alvas com anteras amareladas. Botôes florais verdes claros alvacentos.; Floresta Ombrófila Densa.","MBM386624","MBM386624","Vieira, F.C.S.","2013","09","27","Resgate FLORA Linha de transmissão elétrica Curitiba a Joinville. Aterro sanitário","-48.8456001281738","-26.3043994903564",NA,NA,"Joinville","37150","auto","2020",NA,"01","20",NA,NA,NA,NA,NA,NA,NA
"38","2015-04-14 15:49:07-03","MNHN","RECOLNAT_MNHN_P","P01902433","PreservedSpecimen",NA,NA,NA,"Myrtaceae","Eugenia","eurysepala","Eugenia eurysepala","Kiaersk.","isotype","Glaziou, A.",NA,NA,"Brésil",NA,"hb","<a href='http://coldb.mnhn.fr/catalognumber/mnhn/p/p01902433' target='other'> <mi>dwc_moreinfo</mi></a>","P01902433","P01902433_01","Mazine-Capelo","1880","2","2","(Rio Jan.) Petropolis",NA,NA,NA,NA,NA,NA,NA,NA,NA,NA,NA,NA,NA,"12001",NA,NA,NA,NA
"39","2015-11-07 06:23:53-02","MNHN","RECOLNAT_MNHN_P","P01902434","PreservedSpecimen",NA,NA,NA,"Myrtaceae","Eugenia","eurysepala","Eugenia eurysepala","Kiaersk.","isotype","Glaziou, A.",NA,NA,"Brésil",NA,"hb","<a href='http://coldb.mnhn.fr/catalognumber/mnhn/p/p01902434' target='other'> <mi>dwc_moreinfo</mi></a>","P01902434","P01902434_01","Mazine-Capelo","1880","2","2","(Rio Jan.) Petropolis",NA,NA,NA,NA,NA,NA,NA,NA,NA,NA,NA,NA,NA,"12001",NA,NA,NA,NA
"40","2015-11-07 06:23:57-02","MNHN","RECOLNAT_MNHN_P","P01902435","PreservedSpecimen",NA,NA,NA,"Myrtaceae","Eugenia","eurysepala","Eugenia eurysepala","Kiaersk.","isotype","Glaziou, A.",NA,NA,"Brésil",NA,"hb","<a href='http://coldb.mnhn.fr/catalognumber/mnhn/p/p01902435' target='other'> <mi>dwc_moreinfo</mi></a>","P01902435","P01902435_01","Mazine-Capelo","1880","2","2","(Rio Jan.) Petropolis",NA,NA,NA,NA,NA,NA,NA,NA,NA,NA,NA,NA,NA,"12001",NA,NA,NA,NA
"41","2015-11-07 07:12:23-02","MNHN","RECOLNAT_MNHN_P","P01902672","PreservedSpecimen",NA,NA,NA,"Myrtaceae","Eugenia","nutans","Eugenia nutans","O.Berg","type","Martius",NA,NA,"Brésil",NA,"hb","<a href='http://coldb.mnhn.fr/catalognumber/mnhn/p/p01902672' target='other'> <mi>dwc_moreinfo</mi></a>","P01902672","P01902672_01",NA,NA,NA,NA,"s.l.",NA,NA,NA,NA,NA,NA,NA,NA,NA,NA,NA,NA,NA,"1228",NA,NA,NA,NA
"42","2015-09-04 21:45:31-03","MNHN","RECOLNAT_MNHN_P","P05237425","PreservedSpecimen",NA,NA,NA,"Myrtaceae","Eugenia","nutans","Eugenia nutans","O.Berg",NA,"Gaudichaud",NA,NA,"Brasil","Rio de Janeiro","hb","<a href='http://coldb.mnhn.fr/catalognumber/mnhn/p/p05237425' target='other'> <mi>dwc_moreinfo</mi></a>","P05237425","P05237425_01","Giaretta",NA,NA,NA,NA,NA,NA,NA,NA,NA,NA,NA,NA,NA,NA,NA,NA,NA,"757",NA,NA,NA,NA
"43","2015-09-04 21:45:31-03","MNHN","RECOLNAT_MNHN_P","P05237446","PreservedSpecimen",NA,NA,NA,"Myrtaceae","Eugenia","nutans","Eugenia nutans","O.Berg",NA,"Gaudichaud, C.",NA,NA,"Brasil","Rio de Janeiro","hb","<a href='http://coldb.mnhn.fr/catalognumber/mnhn/p/p05237446' target='other'> <mi>dwc_moreinfo</mi></a>","P05237446","P05237446_01","Giaretta","1831","1","1",NA,NA,NA,NA,NA,NA,NA,NA,NA,NA,NA,NA,NA,NA,"797",NA,NA,NA,NA
"44","2020-10-01 14:24:03-03","JBB","HEPH","35509","S","Plantae","Dicotyledon","Myrtales","Myrtaceae","Eugenia","nutans","Eugenia nutans","O.Berg",NA,"Quaresma, AS","631","Southern America","Brasil","Minas Gerais",NA,"BHCB189734",NA,NA,"Faria, JEQ","2017","08","10",NA,"-43.388056","-19.008333","852","852","Mariana",NA,NA,"2019",NA,"07",NA,"-43.388056","-19.008333",NA,NA,NA,NA,NA
"45","2020-12-11 11:39:08-03","UFMG","BHCB","90678","PreservedSpecimen","Plantae","Dicotyledon",NA,"Myrtaceae","Eugenia","eurysepala","Eugenia eurysepala","Kiaersk.",NA,"Sobral, M","s.n.","Southern America","Brasil","Santa Catarina",NA,NA,"BHCB006574","BHCB006574",NA,"2001","02","03",NA,"-49.0661010742188","-26.9193992614746",NA,NA,"Blumenau","34291","auto","2004",NA,"07",NA,NA,NA,NA,NA,NA,NA,NA
"46","2020-12-11 11:39:08-03","UFMG","BHCB","56331","PreservedSpecimen","Plantae","Dicotyledon",NA,"Myrtaceae","Eugenia","eurysepala","Eugenia eurysepala","Kiaersk.",NA,"Ordones, J; et al.","55","Southern America","Brasil","Minas Gerais",NA,"Arbusto, futos verdes.","BHCB006573","BHCB006573",NA,"2000","04","01","Buraco da Boiada.","-43.4075012207031","-20.0746994018555",NA,NA,"Catas Altas","11966","auto","2001",NA,NA,NA,NA,NA,NA,NA,NA,NA,NA
"47","2020-12-11 11:39:08-03","UFMG","BHCB","13978","PreservedSpecimen","Plantae","Dicotyledon",NA,"Myrtaceae","Eugenia","eurysepala","Eugenia eurysepala","Kiaersk.",NA,"Grandi, TSM; et al.","2457","Southern America","Brasil","Minas Gerais",NA,"Sub-arbustivo, 1,0 m.","BHCB048441",NA,NA,"1987","06","15","Serra da Piedade","-43.6697006225586","-19.8799991607666","1350","1350","Caeté","22051","auto","2002",NA,NA,NA,NA,NA,NA,NA,NA,NA,NA
"48","2020-12-11 11:39:12-03","UFMG","BHCB","185727","PreservedSpecimen","Plantae","Dicotyledon",NA,"Myrtaceae","Eugenia","nutans","Eugenia nutans","O.Berg",NA,"Souza, DT; Mansur, T","s.n.","Southern America","Brasil","Minas Gerais",NA,"Arbóreo; Frutificação; Frutos amarelos, altura 7m; Floresta estacional semidecidual","BHCB185727",NA,NA,"2014","05","15",NA,"-43.260211","-19.210233",NA,NA,"Conceição do Mato Dentro",NA,NA,"2015",NA,"05","18","-43.260211","-19.210233",NA,NA,NA,NA,NA
"49","2020-12-11 11:39:12-03","UFMG","BHCB","177987","PreservedSpecimen","Plantae","Dicotyledon",NA,"Myrtaceae","Eugenia","nutans","Eugenia nutans","O.Berg",NA,"Gontijo, FD; Braga, IF","838","Southern America","Brasil","Minas Gerais",NA,"Arbustivo. Campo rupestre sobre canga","BHCB030464","BHCB030464",NA,"2015","02","23",NA,"-20.049722","-43.690556","1582","1582","Santa Bárbara",NA,NA,"2015",NA,"05","06","-20.049722","-43.690556",NA,NA,NA,NA,NA
"50","2020-12-11 11:39:12-03","UFMG","BHCB","149146","PreservedSpecimen","Plantae","Dicotyledon",NA,"Myrtaceae","Eugenia","nutans","Eugenia nutans","O.Berg",NA,"Tameirão Neto, E; Mansur, T","4952","Southern America","Brasil","Minas Gerais",NA,"Floresta estacional semidecidual, arbóreo (3,00)",NA,NA,NA,"2011","01","13","Serra Gandarela, Projeto Mina Apolo","-49.689478","-20.050928","1596","1596","Santa Bárbara",NA,NA,"2011",NA,"03",NA,"-49.689478","-20.050928",NA,NA,NA,NA,NA
"51","2020-12-11 11:39:12-03","UFMG","BHCB","122313","PreservedSpecimen","Plantae","Dicotyledon",NA,"Myrtaceae","Eugenia","nutans","Eugenia nutans","O.Berg",NA,"Carmo, FF","2238","Southern America","Brasil","Minas Gerais",NA,NA,"BHCB010359","BHCB010359",NA,"2008","02","10","Serra de Gandarela, C1; coletado em capão. Afloramento de canga.","-43.683056","-20.093889","162","162","Rio Acima",NA,NA,"2008",NA,"07","11","-43.683056","-20.093889",NA,NA,NA,NA,NA
"52","2020-12-11 11:39:12-03","UFMG","BHCB","125750","PreservedSpecimen","Plantae","Dicotyledon",NA,"Myrtaceae","Eugenia","nutans","Eugenia nutans","O.Berg",NA,"Carmo, FF","3704","Southern America","Brasil","Minas Gerais",NA,NA,"BHCB010360","BHCB010360",NA,"2008","12","08","PE Rola Moça, C2; coletado em fendfas e depressões de canga.","-44.001111","-20.044722","143","143","Nova Lima",NA,NA,"2009",NA,"01","22","-44.001111","-20.044722",NA,NA,NA,NA,NA
"53","2020-12-11 11:39:12-03","UFMG","BHCB","136781","PreservedSpecimen","Plantae","Dicotyledon",NA,"Myrtaceae","Eugenia","nutans","Eugenia nutans","O.Berg",NA,"Santos, MF; Borges, LM","184","Southern America","Brasil","Minas Gerais",NA,"Árvore, 3 m. Sépalas verdes, pétalas alvas. Material prensado em álcool.",NA,NA,NA,"2007","12","15","Distrito de Santana do Rio Preto (Cabeça de Boi)., APA. do Parque Nacional da Serra do Cipó. No leito do córrego Cipó. Interior da mata nas terras do José Agostinho.","-43.402556","-19.398306",NA,NA,"Itambé do Mato Dentro",NA,NA,NA,NA,NA,NA,"-43.402556","-19.398306",NA,NA,NA,NA,NA
"54","2020-12-11 11:39:12-03","UFMG","BHCB","136782","PreservedSpecimen","Plantae","Dicotyledon",NA,"Myrtaceae","Eugenia","nutans","Eugenia nutans","O.Berg",NA,"Santos, MF; Serafim, H","326","Southern America","Brasil","Minas Gerais",NA,"Arvoreta, 4 m . Ramos verdes. Frutos imaturos verdes, sépalas mais claras.",NA,NA,NA,"2008","03","16","Distrito de Santana do Rio Preto (Cabeça de Boi)., APA do Parque Nacional da Serra do Cipó. Interior da mata nas terras de José Agostinho.","-43.402056","-19.396361",NA,NA,"Itambé do Mato Dentro",NA,NA,NA,NA,NA,NA,"-43.402056","-19.396361",NA,NA,NA,NA,NA
"55","2020-12-11 11:39:12-03","UFMG","BHCB","136800","PreservedSpecimen","Plantae","Dicotyledon",NA,"Myrtaceae","Eugenia","nutans","Eugenia nutans","O.Berg",NA,"Santos, MF; Borges, LM","351","Southern America","Brasil","Minas Gerais",NA,"Arbusto de sub-bosque. Folhas com face adaxial verde-escura. Sépalas verdes, corola verde no botão e creme na flor em antese, estames cremes.Material prensado em álcool.",NA,NA,NA,"2007","12","15","Distrito de Santana do Rio Preto (Cabeça de Boi)., APA do Parque Nacional da Serra do Cipó. Borda da mata nas terras de José Agostinho.","-43.402056","-19.396361",NA,NA,"Itambé do Mato Dentro",NA,NA,NA,NA,NA,NA,"-43.402056","-19.396361",NA,NA,NA,NA,NA
"56","2020-12-11 11:39:12-03","UFMG","BHCB","166177","PreservedSpecimen","Plantae","Dicotyledon",NA,"Myrtaceae","Eugenia","nutans","Eugenia nutans","O.Berg",NA,"Souza, FS; Tomich, S; Miranda, E; Machado, TM","2132","Southern America","Brasil","Minas Gerais",NA,"Arbusto com frutos imaturos verdes.; Campo Rupestre Ferruginoso Arbustivo.","BHCB048720",NA,NA,"2013","03","07","Mina de Alegria, Morro da Mina. Litotipo: Itabirito, itabirito filítico e dolomítico.","-43.453056","-20.161667","993","993","Mariana",NA,NA,"2018",NA,"08","02","-43.453056","-20.161667",NA,NA,NA,NA,NA
"57","2020-12-11 11:39:12-03","UFMG","BHCB","171420","PreservedSpecimen","Plantae","Dicotyledon",NA,"Myrtaceae","Eugenia","nutans","Eugenia nutans","O.Berg",NA,"Faria, JEQ; Proença, CEB; Villarroel, D","942","Southern America","Brasil","Minas Gerais",NA,"Arvoreta ca. 2,5m de altura, botões florais verdes, hipanto creme, aparentemente aveludado (material para DNA).","BHCB016037",NA,NA,"2010","11","10","Estrada Santo Antonio - Serro Azul, Margem da estrada. Floresta ombrófila, solo argiloso, relevo acidentado.","-43.281944","-18.443056",NA,NA,"Santo Antônio do Itambé",NA,NA,"2019",NA,"04",NA,"-43.281944","-18.443056",NA,NA,NA,NA,NA
"58","2020-12-11 11:39:12-03","UFMG","BHCB","185490","PreservedSpecimen","Plantae","Dicotyledon",NA,"Myrtaceae","Eugenia","nutans","Eugenia nutans","O.Berg",NA,"Tameirão Neto, E; Vidal, CV","5396","Southern America","Brasil","Minas Gerais",NA,"Arbóreo; Floração; Botões florais creme, altura 1,5m; Floresta estacional semidecidual","BHCB185490",NA,NA,"2013","11","23",NA,"-43.397425","-19.009947",NA,NA,"Conceição do Mato Dentro",NA,NA,"2015",NA,"05","18","-43.397425","-19.009947",NA,NA,NA,NA,NA
"59","2020-12-11 11:39:12-03","UFMG","BHCB","186188","PreservedSpecimen","Plantae","Dicotyledon",NA,"Myrtaceae","Eugenia","nutans","Eugenia nutans","O.Berg",NA,"Tameirão Neto, E; Vidal, CV","5625","Southern America","Brasil","Minas Gerais",NA,"Arbóreo; Frutificação; Fruto amarelado; 2,5m; Floresta estacional semidecidual","BHCB186188",NA,NA,"2015","05","05",NA,"-43.396794","-19.077778",NA,NA,"Conceição do Mato Dentro",NA,NA,"2019",NA,"04",NA,"-43.396794","-19.077778",NA,NA,NA,NA,NA
"60","2020-12-11 11:39:12-03","UFMG","BHCB","185583","PreservedSpecimen","Plantae","Dicotyledon",NA,"Myrtaceae","Eugenia","nutans","Eugenia nutans","O.Berg",NA,"Tameirão Neto, E; Vidal, CV","5489","Southern America","Brasil","Minas Gerais",NA,"Arbustivo/subarbustivo; Floração; Botões florais branco, altura 2,5m; Campo rupestre sobre formação quartzítica","BHCB185583",NA,NA,"2013","11","27",NA,"-43.302872","-19.163719",NA,NA,"Conceição do Mato Dentro",NA,NA,"2015",NA,"05","18","-43.302872","-19.163719",NA,NA,NA,NA,NA
"61","2020-12-11 11:39:12-03","UFMG","BHCB","177982","PreservedSpecimen","Plantae","Dicotyledon",NA,"Myrtaceae","Eugenia","nutans","Eugenia nutans","O.Berg",NA,"Gontijo, FD; Braga, IF","837","Southern America","Brasil","Minas Gerais",NA,"Arbustivo. Campo rupestre sobre canga","BHCB030459","BHCB030459",NA,"2015","02","12",NA,"-20.004722","-43.667778","1476","1476","Caeté",NA,NA,"2015",NA,"05","06","-20.004722","-43.667778",NA,NA,NA,NA,NA
"62","2020-12-11 11:39:12-03","UFMG","BHCB","177892","PreservedSpecimen","Plantae","Dicotyledon",NA,"Myrtaceae","Eugenia","nutans","Eugenia nutans","O.Berg",NA,"Gontijo, FD; Barros, AM","574","Southern America","Brasil","Minas Gerais",NA,"Flores brancas.; Arbóreo. Campo rupestre sobre canga","BHCB030369","BHCB030369",NA,"2014","12","05",NA,"-20.007778","-43.668611","1435","1435","Caeté",NA,NA,"2015",NA,"05","06","-20.007778","-43.668611",NA,NA,NA,NA,NA
"63","2020-12-11 11:39:12-03","UFMG","BHCB","86898","PreservedSpecimen","Plantae","Dicotyledon",NA,"Myrtaceae","Eugenia","nutans","Eugenia nutans","O.Berg",NA,"Stehmann, JR; Mota, RC da; Morais, PO; França, GS","3539","Southern America","Brasil","Minas Gerais",NA,"Árvore, ca. 3,5m de altura, na Floresta Estacional Semidecidual; flores velhas com sépalas branco-esverdeadas. Coordenadas originais: 17°36#?#47,6; 41°57'49,3",NA,NA,NA,"2004","02","10","Fazenda Araras","-41.963694","-17.613222","754","754","Novo Cruzeiro",NA,NA,NA,NA,NA,NA,"-41.963694","-17.613222",NA,NA,NA,NA,NA
"64","2020-12-11 11:39:12-03","UFMG","BHCB","77911","PreservedSpecimen","Plantae","Dicotyledon",NA,"Myrtaceae","Eugenia","nutans","Eugenia nutans","O.Berg",NA,"Oliveira, AM; Stehmann, JR; Mota, RC da","190","Southern America","Brasil","Minas Gerais",NA,"Arbusto, sépalas verdes, estames brancos.&nf;&nf;&nf;&nf;; Canga couraçada.","BHCB034734",NA,NA,"2002","12","16","Mina do Brucutu - CRVD., Mirante","-43.376389","-19.851667","1063","1063","Barão de Cocais",NA,NA,"2006",NA,"07",NA,"-43.376389","-19.851667",NA,NA,NA,NA,NA
"65","2020-12-11 11:39:12-03","UFMG","BHCB","190384","PreservedSpecimen","Plantae","Dicotyledon",NA,"Myrtaceae","Eugenia","nutans","Eugenia nutans","O.Berg",NA,"Antunes, K; Abreu, NL; Viana, PL; Souza, FS; Mota, NFO; Almeida, TE; Teles, AM; Nordenstam","241","Southern America","Brasil","Minas Gerais",NA,"Arbusto, ca. 2m, campo com solo arenoso. Flores passadas, em frutificação.","BHCB190384",NA,NA,"2007","04","10","Funil., Serra Negra, trilha para o Burro de Ouro.","-43.8278007507324","-22.0891990661621",NA,NA,"Rio Preto","20815","auto","2011",NA,NA,NA,NA,NA,NA,NA,NA,NA,NA
"66","2020-12-11 11:39:12-03","UFMG","BHCB","89486","PreservedSpecimen","Plantae","Dicotyledon",NA,"Myrtaceae","Eugenia","nutans","Eugenia nutans","O.Berg",NA,"Stehmann, JR","3745","Southern America","Brasil","Minas Gerais",NA,"Subarbusto; Campo sobre canga nodular","BHCB050489",NA,NA,"2004","06","17","Retiro das Pedras, Serra da Calçada","-43.8466987609863","-19.9855995178223",NA,NA,"Nova Lima","29211","auto","2019",NA,"04",NA,NA,NA,NA,NA,NA,NA,NA
"67","2021-02-11 17:20:39-03","UFPR","UPCB","31729","PreservedSpecimen","Plantae",NA,NA,"Myrtaceae","Eugenia","eurysepala","Eugenia eurysepala","Kiaersk.",NA,"Dunaiski Jr., A.",NA,NA,"Brasil","Paraná",NA,"Árvore, 4m. Dentro da mata..",NA,NA,"Sobral, M.","1990","02","11","Mananciais da Serra","-49.0633010864258","-25.4416999816895",NA,NA,"Piraquara","12577","auto","1997",NA,"01","01",NA,NA,NA,NA,NA,NA,NA
"68","2021-02-11 17:20:39-03","UFPR","UPCB","43576","PreservedSpecimen","Plantae",NA,NA,"Myrtaceae","Eugenia","eurysepala","Eugenia eurysepala","Kiaersk.",NA,"Dala Rosa, S.","146",NA,"Brasil","Paraná",NA,"Árvore ca. 5.0m altura. Floresta Alto-montana, 1100m s.n.m..",NA,NA,"Sobral, M.","2000","07","05","Parque Estadual Pico do Marumbi","-48.834400177002","-25.476900100708",NA,NA,"Morretes","30514","auto","2001",NA,"02",NA,NA,NA,NA,NA,NA,NA,NA
"69","2020-10-09 15:47:00-03","MO","MOBOT","100375526","PreservedSpecimen","Plantae",NA,NA,"Myrtaceae","Eugenia","eurysepala","Eugenia eurysepala","Kiaersk.","Isotype","Auguste F.M. Glaziou","Glaziou 12001","South America","Brazil","Rio de Janeiro",NA,NA,NA,NA,NA,NA,NA,NA,NA,NA,NA,NA,NA,NA,NA,NA,NA,NA,NA,NA,NA,NA,NA,"1",NA,NA,NA
"70","2016-08-13 15:52:00-03","MO","MOBOT","100918515","PreservedSpecimen","Plantae",NA,NA,"Myrtaceae","Eugenia","nutans","Eugenia nutans","O. Berg",NA,"E. Lucas|Marcos Sobral","Lucas 281","South America","Brazil","Minas Gerais",NA,NA,NA,NA,NA,"2004","3","23","Mata do Jambreiro, area ambiental do Minas Brasilieras Reunidas (MBR).","-43.8466987609863","-19.9855995178223","0E8",NA,"Nova Lima","29211","auto",NA,NA,NA,NA,NA,NA,NA,"1",NA,NA,NA
"71","2009-06-29 10:56:00-03","MO","MOBOT","3188588","PreservedSpecimen","Plantae",NA,NA,"Myrtaceae","Eugenia","nutans","Eugenia nutans","O. Berg",NA,"Louis O. Williams|Vicente Assis","Williams 7258","South America","Brazil","Minas Gerais",NA,NA,NA,NA,"F. F. Mazine, May/","1945","6","3","Vargem de Ouro Podre, Serra da Mutuca, Municipio of Nova Lima.",NA,NA,"1200.00000000","1400.00000000",NA,NA,NA,NA,NA,NA,NA,NA,NA,NA,NA,NA,NA,NA
"72","2009-07-31 17:16:00-03","MO","MOBOT","3190336","PreservedSpecimen","Plantae",NA,NA,"Myrtaceae","Eugenia","nutans","Eugenia nutans","O. Berg",NA,"Howard S. Irwin|H. Maxwell|Dieter C. Wasshausen","Irwin 19864","South America","Brazil",NA,NA,NA,NA,NA,"F. F. Mazine, May/","1968","2","11","Steep rocky slopes, canga soil, Pico de Itabirito, Minas Gerais, ca. 50km S.E. of Belo Horizonte.",NA,NA,"1750.00000000",NA,NA,NA,NA,NA,NA,NA,NA,NA,NA,NA,NA,NA,NA,NA
"73","2010-11-13 04:25:00-02","MO","MOBOT","2475490","PreservedSpecimen","Plantae",NA,NA,"Myrtaceae","Eugenia","schadrackiana","Eugenia schadrackiana","D. Legrand",NA,"Roberto M. Klein","Klein 2309","South America","Brazil","Santa Catarina",NA,NA,NA,NA,NA,"1959","11","20","Spitzkopf",NA,NA,NA,NA,NA,NA,NA,NA,NA,NA,NA,NA,NA,NA,NA,NA,NA,NA
"74","2020-07-10 09:47:50-03","MBML","MBML-HERBARIO","1251",NA,"Plantae",NA,NA,"Myrtaceae","Eugenia","eurysepala","Eugenia eurysepala","Kiaersk.",NA,"G. Dalcolmo",NA,NA,"Brasil","Espírito Santo",NA,"Jatobá.","MBML001251","MBML001251","M. Sobral/2003","1954","01",NA,"Nova Lombardia","-40.553056","-19.9075",NA,NA,"Santa Teresa",NA,NA,NA,NA,NA,NA,"40W33'11","19S54'27",NA,NA,NA,NA,NA
"75","2020-07-10 09:47:50-03","MBML","MBML-HERBARIO","10700",NA,"Plantae",NA,NA,"Myrtaceae","Eugenia","eurysepala","Eugenia eurysepala","Kiaersk.",NA,"L. Kollmann; E. Bausen & W. Pizziolo","2702",NA,"Brasil","Espírito Santo",NA,"Arvoreto 10m. Dap 8cm. Fuste 7m. Frutos verdes.","MBML010700","MBML010700","M. Sobral/2003","1999","07","20","Santo Antônio","-40.589167","-19.922222",NA,NA,"Santa Teresa",NA,NA,NA,NA,NA,NA,"40W35'21","19S55'20",NA,NA,NA,NA,NA
"76","2020-07-10 09:47:50-03","MBML","MBML-HERBARIO","24703",NA,"Plantae",NA,NA,"Myrtaceae","Eugenia","eurysepala","Eugenia eurysepala","Kiaersk.",NA,"Tadeu A. Cruz; et al","76",NA,"Brasil","Espírito Santo",NA,"Área 2, parcela 5, árvore 11m, n°626, Dap 37cm.","MBML024703","MBML024703","M. Sobral/Março-2007","2003","08","02","Parque Natural Municipal de São Lourenço","-40.620278","-19.923889",NA,NA,"Santa Teresa",NA,NA,NA,NA,NA,NA,"40W37'13","19S55'26",NA,NA,NA,NA,NA
"77","2020-07-10 09:47:50-03","MBML","MBML-HERBARIO","12384",NA,"Plantae",NA,NA,"Myrtaceae","Eugenia","nutans","Eugenia nutans","O.Berg",NA,"V. Demuner; et al","922",NA,"Brasil","Espírito Santo",NA,"Arvore 14m, DAP 35cm, fuste 10m, frutos jovens cor verde. Interior de mata.","MBML012384","MBML012384","M. Sobral/2013","2000","04","19","São Lourenço, Vargem Alta","-40.65","-19.915556",NA,NA,"Santa Teresa",NA,NA,NA,NA,NA,NA,"40W38'60","19S54'56",NA,NA,NA,NA,NA
"78","2020-07-10 09:47:50-03","MBML","MBML-HERBARIO","23109",NA,"Plantae",NA,NA,"Myrtaceae","Eugenia","nutans","Eugenia nutans","O.Berg",NA,"L. Kollmann; et al","7089",NA,"Brasil","Espírito Santo",NA,"Arvoreto 4m. Sombra, frutos vermelhos.","MBML023109","MBML023109","M. Sobral/2005","2004","10","17","Belém","-40.697222","-20.043333",NA,NA,"Santa Maria de Jetibá",NA,NA,NA,NA,NA,NA,"40W41'50","20S2'36",NA,NA,NA,NA,NA
"79","2020-07-10 09:47:50-03","MBML","MBML-HERBARIO","36326",NA,"Plantae",NA,NA,"Myrtaceae","Eugenia","nutans","Eugenia nutans","O.Berg",NA,"R. C. Forzza; et al","4998",NA,"Brasil","Espírito Santo",NA,NA,"MBML036326","MBML036326","M. Sobral/2010","2008","02","13","Parque Estadual do Forno Grande","-41.101667","-20.526944",NA,NA,"Castelo",NA,NA,NA,NA,NA,NA,"41W6'6","20S31'37",NA,NA,NA,NA,NA
"80","2020-07-10 09:47:50-03","MBML","MBML-HERBARIO","37139",NA,"Plantae",NA,NA,"Myrtaceae","Eugenia","nutans","Eugenia nutans","O.Berg",NA,"A. P. Fontana; et al","5416",NA,"Brasil","Espírito Santo",NA,NA,"MBML037139","MBML037139","M. Sobral/2010","2008","07","18","Parque Estadual do Forno Grande","-41.101667","-20.526944",NA,NA,"Castelo",NA,NA,NA,NA,NA,NA,"41W6'6","20S31'37",NA,NA,NA,NA,NA
"81","2020-09-17 15:32:39-03","MBML","MBML-HERBARIO","4609",NA,"Plantae",NA,NA,"Myrtaceae","Eugenia","nutans","Eugenia nutans","O.Berg",NA,"H. Q. Boudet Fernandes; et al","2490",NA,"Brasil","Espírito Santo",NA,"Arvoreta 7m, fuste 4m X 10cm, frutos verdes, mata primária, alto de encosta.","MBML004609","MBML004609","M. Sobral/2013","1988","05","19","Valão de São Lourenço, Estação Biológica da Caixa D'Água","-40.6075","-19.931389",NA,NA,"Santa Teresa",NA,NA,NA,NA,NA,NA,"40W36'27","19S55'53",NA,NA,NA,NA,NA
"82","2020-07-10 09:47:50-03","MBML","MBML-HERBARIO","50105",NA,"Plantae",NA,NA,"Myrtaceae","Eugenia","nutans","Eugenia nutans","O.Berg",NA,"F.A.R. Matos; M. Simonelli, M. P. Carrafa","132",NA,"Brasil","Espírito Santo",NA,"6m de alt., borda da mata","MBML050105","MBML050105","K.S. Valdemarin/18-03-2019","2008","01","27","Propriedade de Edimar Peterle","-41.081083","-20.398222",NA,NA,"Venda Nova do Imigrante",NA,NA,NA,NA,NA,NA,"41W4'51,9","20S23'53,6",NA,NA,NA,NA,NA
"83","2020-07-10 09:47:50-03","MBML","MBML-HERBARIO","8914",NA,"Plantae",NA,NA,"Myrtaceae","Eugenia","nutans","Eugenia nutans","O.Berg",NA,"L. Kollmann; E. Bausen","1561",NA,"Brasil","Espírito Santo",NA,"Arbusto 2m. Flores brancas.","MBML008914","MBML008914","M. Sobral/2013","1999","01","14","Santo Antônio","-40.589167","-19.922222",NA,NA,"Santa Teresa",NA,NA,NA,NA,NA,NA,"40W35'21","19S55'20",NA,NA,NA,NA,NA
"84","2020-07-10 09:47:50-03","MBML","MBML-HERBARIO","9556",NA,"Plantae",NA,NA,"Myrtaceae","Eugenia","nutans","Eugenia nutans","O.Berg",NA,"L. Kollmann; E. Bausen & W. Pizziolo","1245",NA,"Brasil","Espírito Santo",NA,"Chapada, mata baixa. Arbusto 3m. Botões brancos.","MBML009556","MBML009556","M. Sobral/2013","1998","12","08","Santo Antônio","-40.589167","-19.922222",NA,NA,"Santa Teresa",NA,NA,NA,NA,NA,NA,"40W35'21","19S55'20",NA,NA,NA,NA,NA
"85","2021-01-09 21:48:41-03","UNICENTRO","HUCO","3439","S","Plantae",NA,NA,"Myrtaceae","Eugenia","nutans","Eugenia nutans","K. Schum",NA,"S.Dreveck; F.E.Carneiro","(1087)",NA,"Brasil","Santa Catarina",NA,"Floristíca IFFSC 1068 FURB19044; flor cor branca; FOD de terras baixas, arbórea; HABITAT: FOD de terras baixas, arbórea; DESC: flor cor branca","HUCO003439",NA,"M. sobral","2009","09","23",NA,"-48.8549995422363","-26.0266990661621",NA,NA,"Garuva","22441","auto","2010",NA,"01","25",NA,NA,NA,NA,NA,NA,NA
"86","2019-06-10 10:11:15-03","FZB-BH","BHZB","2470","S","Plantae",NA,NA,"Myrtaceae","Eugenia","eurysepala","Eugenia eurysepala",NA,NA,"Ordones, J.","55",NA,"Brasil","MG",NA,"= BHCB 56.331",NA,NA,"M. Sobral","2000","04","01","Caraça/ Buraco da Boiada","-43.4075012207031","-20.0746994018555",NA,NA,"Catas Altas","11966","auto","2002",NA,"02","11",NA,NA,NA,NA,NA,NA,NA
"87","2019-06-10 10:11:15-03","FZB-BH","BHZB","7723","S","Plantae",NA,NA,"Myrtaceae","Eugenia","nutans","Eugenia nutans",NA,NA,"Rezende, S.G.","2738",NA,"Brasil","MG",NA,"BHCB 127462. Doada pela SETE Soluções Consultoria. Lat. 20° 7' 38'' S; Long. 43° 24' 48'' O; 970m. Outro coletor: Pena, F.S.R. & Neves, G.S. Com duplicata.Estágio Intermediário de Regeneração",NA,NA,NA,"2008","05","27","Mina de Fazendão; Próximo a Área da Cava","-43.413333","-20.127222","970","970","Catas Altas",NA,NA,NA,NA,NA,NA,"43W 24' 48''","20S 7' 38",NA,NA,NA,NA,NA
"88","2019-06-10 10:11:15-03","FZB-BH","BHZB","7703","S","Plantae",NA,NA,"Myrtaceae","Eugenia","nutans","Eugenia nutans",NA,NA,"Rezende, S.G.","2519",NA,"Brasil","MG",NA,"BHCB 123627. Doada pela SETE Soluções Consultoria. Lat. 20° 11' 50'' S; Long. 43° 25' 56'' O; 1011m. Outro coletor: Mendes, MS.& Neves, GS. Com duplicata.Ripária",NA,NA,NA,"2008","02","25","Região da Mina de Fábrica Nova","-43.432222","-20.197222","1011","1011","Mariana",NA,NA,NA,NA,NA,NA,"43W 25' 56''","20S 11' 50''",NA,NA,NA,NA,NA
"89","2020-09-12 05:00:02-03","US","US","1596898","PreservedSpecimen","Plantae",NA,"Myrtales","Myrtaceae","Eugenia","eurysepala","Eugenia eurysepala","Kiaersk.","Type collection","A. F. M. Glaziou","12001","South America - Neotropics","Brazil","Minas Gerais",NA,NA,"US00117974","US00117974_01",NA,"1892",NA,NA,NA,NA,NA,NA,NA,NA,NA,NA,NA,"Dicotyledonae",NA,NA,NA,NA,NA,"1",NA,NA,NA
"90","2020-09-12 05:00:02-03","US","US","1544899","PreservedSpecimen","Plantae",NA,"Myrtales","Myrtaceae","Eugenia","eurysepala","Eugenia eurysepala","Kiaersk.",NA,NA,NA,"South America - Neotropics","Brazil",NA,NA,NA,"US01897899","US01897899_01 US01897899_02",NA,NA,NA,NA,"Rio Branco",NA,NA,NA,NA,NA,NA,NA,NA,"Dicotyledonae",NA,NA,NA,NA,NA,"1",NA,NA,NA
"91","2020-09-12 05:00:02-03","US","US","1544861","PreservedSpecimen","Plantae",NA,"Myrtales","Myrtaceae","Eugenia","eurysepala","Eugenia eurysepala","Kiaersk.",NA,NA,NA,"South America - Neotropics","Brazil",NA,NA,NA,"US01897900","US01897900_01 US01897900_02",NA,NA,NA,NA,"Rio Branco",NA,NA,NA,NA,NA,NA,NA,NA,"Dicotyledonae",NA,NA,NA,NA,NA,"1",NA,NA,NA
"92","2020-09-12 05:00:02-03","US","US","3042021","PreservedSpecimen","Plantae",NA,"Myrtales","Myrtaceae","Eugenia","nutans","Eugenia nutans","O. Berg",NA,"H. S. Irwin, H. Maxwell & D. C. Wasshausen","19864","South America - Neotropics","Brazil","Minas Gerais",NA,NA,"US01898314","US01898314_01 US01898314_02",NA,"1968","2","11","Serra do Espinhaço. Ca. 50 km SE of Belo Horizonte",NA,NA,"1750",NA,NA,NA,NA,NA,"Dicotyledonae",NA,NA,NA,NA,NA,"1",NA,NA,NA
"93","2020-09-02 16:33:52-03","Cenargen","CEN","80343","PreservedSpecimen","Plantae",NA,NA,"Myrtaceae","Eugenia","nutans","Eugenia nutans","O.Berg",NA,"Jair Eustáquio Quintino de Faria Jr.","942",NA,"Brasil","MG","Exsicatas","Botões florais verdes, hipanto creme, aparentemente aveludado. HERBÁRIO UB - Minas Gerais.","CEN00080343","CEN00080343","J. E. Q. Faria Júnior","2010","11","10","Margem da estrada entre Santo Antônio do Itambé e Serro Azul.","-43.281944","-18.443055","805","805","SANTO ANTONIO DO ITAMBE",NA,NA,"2018",NA,"01",NA,"-43.281944","-18.443055",NA,"1",NA,NA,NA
"94","2019-12-09 17:30:21-03","UFPR","EFC","12015","PreservedSpecimen","Plantae",NA,NA,"Myrtaceae","Eugenia","nutans","Eugenia nutans","O.Berg",NA,"Vieira, R.S.","310",NA,"Brasil","Paraná",NA,"Árvore com aprox. 3m. na trilha para a Torre Amarela. Flores brancas e aromáticas.","EFC012015",NA,"Sobral, M.","2013","12","26","Morro do Canal","-48.9865","-25.5145",NA,NA,"Piraquara",NA,NA,"2015",NA,"05","08","-48.9865","-25.5145",NA,NA,NA,NA,NA
"95","2019-12-09 17:30:21-03","UFPR","EFC","12734","PreservedSpecimen","Plantae",NA,NA,"Myrtaceae","Eugenia","nutans","Eugenia nutans","O.Berg",NA,"Vieira, R.S.","96",NA,"Brasil","Paraná",NA,"Arvoreta com 2m. Com flores.","EFC012734",NA,"Ribeiro, C.L.","2013","12","26","Serra do Marumbi - Morro Torre do Vigia","-48.9827","-25.5087",NA,NA,"Piraquara",NA,NA,"2016",NA,"10","31","-48.9827","-25.5087",NA,NA,NA,NA,NA
"96","2019-11-13 11:26:47-03","USP","SPF","128687","PreservedSpecimen","Plantae",NA,NA,"Myrtaceae","Eugenia","nutans","Eugenia nutans","O.Berg",NA,"Pirani, JR","4172",NA,"Brasil","Minas Gerais",NA,NA,"SPF00128687",NA,"Sobral, M","1998","03","03","Serra da Carapina, Serra Talhada (na folha IBGE).","-43.683333","-18.916667","1180","1260","Congonhas do Norte",NA,NA,"2018",NA,"04",NA,"-43.683333","-18.916667",NA,NA,NA,NA,NA
"97","2019-11-13 11:26:47-03","USP","SPF","141358","PreservedSpecimen","Plantae",NA,NA,"Myrtaceae","Eugenia","nutans","Eugenia nutans","O.Berg",NA,"Nic Lughadha, E","199",NA,"Brasil","Espírito Santo",NA,NA,"SPF00141358",NA,"Giaretta, A","1999","02","13",NA,"-40.6","-19.916667",NA,NA,"Santa Teresa",NA,NA,"2015",NA,NA,NA,"-40.6","-19.916667",NA,NA,NA,NA,NA
"98","2019-11-13 11:26:47-03","USP","SPF","197954","PreservedSpecimen","Plantae",NA,NA,"Myrtaceae","Eugenia","nutans","Eugenia nutans","O.Berg",NA,"Santos, MF","184",NA,"Brasil","Minas Gerais",NA,NA,"SPF00197954",NA,"Santos, MF","2007","12","15","APA Parque Nacional da Serra do Cipó","-43.401944","-19.396111",NA,NA,"Itambé do Mato Dentro",NA,NA,"2008",NA,NA,NA,"-43.401944","-19.396111",NA,NA,NA,NA,NA
"99","2019-11-13 11:26:47-03","USP","SPF","197955","PreservedSpecimen","Plantae",NA,NA,"Myrtaceae","Eugenia","nutans","Eugenia nutans","O.Berg",NA,"Santos, MF","326",NA,"Brasil","Minas Gerais",NA,NA,"SPF00197955",NA,"Santos, MF","2008","03","16","APA Parque Nacional da Serra do Cipó","-43.401944","-19.396111",NA,NA,"Itambé do Mato Dentro",NA,NA,"2008",NA,NA,NA,"-43.401944","-19.396111",NA,NA,NA,NA,NA
"100","2019-11-13 11:26:47-03","USP","SPF","197956","PreservedSpecimen","Plantae",NA,NA,"Myrtaceae","Eugenia","nutans","Eugenia nutans","O.Berg",NA,"Santos, MF","351",NA,"Brasil","Minas Gerais",NA,NA,"SPF00197956",NA,"Santos, MF","2007","12","15","APA Parque Nacional da Serra do Cipó","-43.401944","-19.396111",NA,NA,"Itambé do Mato Dentro",NA,NA,"2008",NA,NA,NA,"-43.401944","-19.396111",NA,NA,NA,NA,NA
"101","2019-11-13 11:26:47-03","USP","SPF","197957","PreservedSpecimen","Plantae",NA,NA,"Myrtaceae","Eugenia","nutans","Eugenia nutans","O.Berg",NA,"Santos, MF","531",NA,"Brasil","Minas Gerais",NA,NA,"SPF00197957",NA,"Santos, MF","2007","12","15","APA Parque Nacional da Serra do Cipó","-43.401944","-19.396111",NA,NA,"Itambé do Mato Dentro",NA,NA,"2008",NA,NA,NA,"-43.401944","-19.396111",NA,NA,NA,NA,NA
"102","2019-11-13 11:26:47-03","USP","SPF","197958","PreservedSpecimen","Plantae",NA,NA,"Myrtaceae","Eugenia","nutans","Eugenia nutans","O.Berg",NA,"Santos, MF","530",NA,"Brasil","Minas Gerais",NA,NA,"SPF00197958",NA,"Santos, MF","2007","12","15","APA Parque Nacional da Serra do Cipó","-43.401944","-19.396111",NA,NA,"Itambé do Mato Dentro",NA,NA,"2008",NA,NA,NA,"-43.401944","-19.396111",NA,NA,NA,NA,NA
"103","2019-11-13 11:26:47-03","USP","SPF","197959","PreservedSpecimen","Plantae",NA,NA,"Myrtaceae","Eugenia","nutans","Eugenia nutans","O.Berg",NA,"Santos, MF","532",NA,"Brasil","Minas Gerais",NA,NA,"SPF00197959",NA,"Santos, MF","2007","12","15","APA Parque Nacional da Serra do Cipó","-43.401944","-19.396111",NA,NA,"Itambé do Mato Dentro",NA,NA,"2008",NA,NA,NA,"-43.401944","-19.396111",NA,NA,NA,NA,NA
"104","2021-03-15 18:28:59-03","USP","SPF","223670","PreservedSpecimen","Plantae",NA,NA,"Myrtaceae","Eugenia","nutans","Eugenia nutans","O.Berg",NA,"Giaretta, A","1490",NA,"Brasil","Rio de Janeiro",NA,"Árvore ca. 6 m alt. Sépalas verde-amarelado. Amostra em sílica.; Floresta de encosta perturbada.","SPF00223670",NA,"Giaretta, A","2015","02","03","Morro da Urca, Margem da trilha para o bondinho.","-43.165833","-22.969444",NA,NA,"Rio de Janeiro",NA,NA,"2016",NA,"02",NA,"-43.165833","-22.969444",NA,NA,NA,NA,NA
"105","2019-11-13 11:26:47-03","USP","SPF","196247","PreservedSpecimen","Plantae",NA,NA,"Myrtaceae","Eugenia","nutans","Eugenia nutans","O.Berg",NA,"Hatschbach, G","52888",NA,"Brasil","Minas Gerais",NA,NA,"SPF00196247",NA,"Melo, JDO","1989","05","18",NA,"-43.4249992370605","-19.0372009277344",NA,NA,"Conceição do Mato Dentro","60318","auto","2019",NA,"07",NA,NA,NA,NA,NA,NA,NA,NA
"106","2019-11-13 11:26:47-03","USP","SPF","192084","PreservedSpecimen","Plantae",NA,NA,"Myrtaceae","Eugenia","nutans","Eugenia nutans","O.Berg",NA,"Foresto, EB","82",NA,"Brasil","Minas Gerais",NA,NA,"SPF00192084",NA,"Sobral, M","2005","08","21","Parque Estadual do Rio Preto","-43.3908004760742","-18.0041999816895",NA,NA,"São Gonçalo do Rio Preto","26697","auto","2006",NA,"10",NA,NA,NA,NA,NA,NA,NA,NA
"107","2021-03-25 13:52:46-03","UNIVILLE","JOI","5242","PreservedSpecimen","Plantae",NA,NA,"Myrtaceae","Eugenia","eurysepala","Eugenia eurysepala","Kiaersk.",NA,"F.C.S. Vieira","1915",NA,"Brasil","Santa Catarina",NA,"; TIPO VEGETACIONAL: Floresta Ombrófila Densa Alto Montana","JOI005242","JOI005242","F.C.S. Vieira","2007","05","12","Serra Quiriri, Rancho Paulo Sales.","-48.8549995422363","-26.0266990661621","1000","1000","Garuva","22441","auto","2008",NA,"08","05",NA,NA,NA,NA,NA,NA,NA
"108","2021-03-25 13:52:46-03","UNIVILLE","JOI","2935","PreservedSpecimen","Plantae",NA,NA,"Myrtaceae","Eugenia","eurysepala","Eugenia eurysepala","Kiaersk.",NA,"F.C.S. Vieira","480",NA,"Brasil","Santa Catarina",NA,"; HABITO: arvoreta, terrestre; TIPO VEGETACIONAL: floresta altomontana","JOI002935","JOI002935","M.E.G. Sobral","2004","09","30","Castelo dos Bugres.","-48.8456001281738","-26.3043994903564","900","900","Joinville","37150","auto","2005",NA,"04","30",NA,NA,NA,NA,NA,NA,NA
"109","2021-03-25 13:52:46-03","UNIVILLE","JOI","2936","PreservedSpecimen","Plantae",NA,NA,"Myrtaceae","Eugenia","eurysepala","Eugenia eurysepala","Kiaersk.",NA,"F.C.S. Vieira","629",NA,"Brasil","Santa Catarina",NA,"; HABITO: arvoreta; TIPO VEGETACIONAL: floresta altomontana","JOI002936","JOI002936","M.E.G. Sobral","2004","11","25","Castelo dos Bugres.","-48.8456001281738","-26.3043994903564","900","900","Joinville","37150","auto","2005",NA,"04","30",NA,NA,NA,NA,NA,NA,NA
"110","2021-03-25 13:52:50-03","UNIVILLE","JOI","12006","PreservedSpecimen","Plantae",NA,NA,"Myrtaceae","Eugenia","nutans","Eugenia nutans","O.Berg",NA,"S. Dreveck","1087",NA,"Brasil","Santa Catarina",NA,"; HABITAT: interior do fragmento; HABITO: arbórea; TIPO VEGETACIONAL: Floresta Ombrófila Densa de Terras Baixas","JOI012006","JOI012006","M. Sobral","2009","09","23",NA,"-48.780278","-26.100278","112","112","Garuva",NA,NA,"2010",NA,"01","25","48º46'49''W","26º6'1''S",NA,NA,NA,NA,NA
"111","2019-10-07 09:35:14-03","UEFS","HUEFS","87584","PreservedSpecimen","Plantae","Angiospermae","Myrtales","Myrtaceae","Eugenia","eurysepala","Eugenia eurysepala","Kiaersk.","Isótipo","Glaziou","12001",NA,"Brasil","Rio de Janeiro",NA,NA,"HUEFS0087584",NA,NA,NA,NA,NA,NA,NA,NA,NA,NA,NA,NA,NA,NA,"Rosanae",NA,NA,NA,NA,NA,NA,NA,NA,NA
"112","2019-10-07 09:35:14-03","UEFS","HUEFS","87585","PreservedSpecimen","Plantae","Angiospermae","Myrtales","Myrtaceae","Eugenia","eurysepala","Eugenia eurysepala","Kiaersk.","Tipo",NA,NA,NA,NA,NA,NA,NA,"HUEFS0087585",NA,NA,NA,NA,NA,NA,NA,NA,NA,NA,NA,NA,NA,NA,"Rosanae",NA,NA,NA,NA,NA,NA,NA,NA,NA
"113","2019-10-07 09:35:14-03","UEFS","HUEFS","87586","PreservedSpecimen","Plantae","Angiospermae","Myrtales","Myrtaceae","Eugenia","eurysepala","Eugenia eurysepala","Kiaersk.","Isótipo","Glaziou, A.","12001",NA,"Brasil","Rio de Janeiro",NA,NA,"HUEFS0087586",NA,NA,"1997",NA,NA,NA,"-43.2075004577637","-22.9027996063232",NA,NA,"Rio de Janeiro","57442","auto",NA,"Rosanae",NA,NA,NA,NA,NA,NA,NA,NA,NA
"114","2019-10-07 09:35:20-03","UEFS","HUEFS","133077","PreservedSpecimen","Plantae","Angiospermae","Myrtales","Myrtaceae","Eugenia","nutans","Eugenia nutans","O.Berg",NA,"Silva, U.C.S.","64",NA,"Brasil","Minas Gerais",NA,NA,"HUEFS0133077","HUEFS0133077","M.Sobral","2008","02","06","Estrada Real caminho Serro a Milho Verde, 2,5 Km antes de Três Barras.","-43.438056","-18.538056","1021","1021","Serro",NA,NA,"2012","Rosanae","04",NA,"43W26'17''","18S32'17''",NA,NA,NA,NA,NA
"115","2019-10-07 09:35:20-03","UEFS","HUEFS","150886","PreservedSpecimen","Plantae","Angiospermae","Myrtales","Myrtaceae","Eugenia","nutans","Eugenia nutans","O.Berg",NA,"Rezende, S.G.","2520",NA,"Brasil","Minas Gerais",NA,"Floresta Estacional Semidecidual Baixo-Montana Ripária, arbóreo.","HUEFS0150886","HUEFS0150886","M.Sobral","2008","06","05","Região da Mina de Fabrica Nova.","-43.432222","-20.197222","1011","1011","Mariana",NA,NA,"2012","Rosanae","04",NA,"43W25'56''","20S11'50''",NA,NA,NA,NA,NA
"116","2019-10-07 09:35:20-03","UEFS","HUEFS","185296","PreservedSpecimen","Plantae","Angiospermae","Myrtales","Myrtaceae","Eugenia","nutans","Eugenia nutans","O.Berg",NA,"Faria, J.E.Q.","942",NA,"Brasil","Minas Gerais",NA,"Floresta ombrófila, solo argiloso, relevo acidentado.","HUEFS0185296","HUEFS0185296","M.Sobral","2010","11","10","Margem da estrada entre Santo Antônio do Itambé e Serro Azul.","-43.281944","-18.443056","805","805","Santo Antônio do Itambé",NA,NA,"2019","Rosanae","06",NA,"43W16'55''","18S26'35''",NA,NA,NA,NA,NA
"117","2019-10-07 09:35:20-03","UEFS","HUEFS","87455","PreservedSpecimen","Plantae","Angiospermae","Myrtales","Myrtaceae","Eugenia","nutans","Eugenia nutans","O.Berg","Tipo","Martius, K.F.P.von","1228",NA,"Brasil","Bahia",NA,NA,"HUEFS0087455",NA,NA,NA,NA,NA,NA,NA,NA,NA,NA,NA,NA,NA,NA,"Rosanae",NA,NA,NA,NA,NA,NA,NA,NA,NA
"118","2019-10-07 09:35:20-03","UEFS","HUEFS","87456","PreservedSpecimen","Plantae","Angiospermae","Myrtales","Myrtaceae","Eugenia","nutans","Eugenia nutans","O.Berg","Tipo","Martius, K.F.P.von","1228",NA,"Brasil","Bahia",NA,NA,"HUEFS0087456",NA,NA,NA,NA,NA,NA,NA,NA,NA,NA,NA,NA,NA,NA,"Rosanae",NA,NA,NA,NA,NA,NA,NA,NA,NA
"119","2019-09-04 18:51:29-03","F","FMNH-SEEDPLANTS",NA,"PreservedSpecimen","Plantae","Spermatophyta",NA,"Myrtaceae","Eugenia","eurysepala","Eugenia eurysepala",NA,"Isotype","A. Glaziou","12001","South America","Brazil",NA,NA,NA,NA,NA,NA,"1881",NA,NA,NA,"-52.8731","-10.8339",NA,NA,NA,NA,NA,NA,"Dicotyledoneae",NA,NA,NA,NA,NA,NA,NA,NA,NA
"120","2019-01-22 15:32:56-02","F","FMNH-SEEDPLANTS","V0065164F","PreservedSpecimen","Plantae","Spermatophyta",NA,"Myrtaceae","Eugenia","eurysepala","Eugenia eurysepala",NA,"Possible type","A. Glaziou",NA,"South America","Brazil",NA,NA,NA,"V0065164F","V0065164F_01",NA,"1881",NA,NA,NA,"-52.8731","-10.8339",NA,NA,NA,NA,NA,NA,"Dicotyledoneae",NA,NA,NA,NA,NA,NA,NA,NA,NA
"121","2019-09-04 19:25:13-03","F","FMNH-SEEDPLANTS",NA,"PreservedSpecimen","Plantae","Spermatophyta",NA,"Myrtaceae","Eugenia","nutans","Eugenia nutans",NA,"Type [status unknown]",NA,NA,"South America","Brazil",NA,NA,NA,NA,NA,NA,NA,NA,NA,NA,"-52.8731","-10.8339",NA,NA,NA,NA,NA,NA,"Dicotyledoneae",NA,NA,NA,NA,NA,NA,NA,NA,NA
"122","2019-09-04 19:49:35-03","F","FMNH-SEEDPLANTS","V0065239F","PreservedSpecimen","Plantae","Spermatophyta",NA,"Myrtaceae","Eugenia","nutans","Eugenia nutans",NA,"Isotype","C. F. P. von Martius","1228","South America","Brazil",NA,NA,NA,"V0065239F","V0065239F_01",NA,NA,NA,NA,NA,"-52.8731","-10.8339",NA,NA,NA,NA,NA,NA,"Dicotyledoneae",NA,NA,NA,NA,NA,NA,NA,NA,NA
"123","2020-04-29 16:30:12-03","UFVJM","HDJF","2129","PreservedSpecimen","Plantae","Dicotyledoneae",NA,"Myrtaceae","Eugenia","nutans","Eugenia nutans","O. Berg",NA,"Paiva, JAM","CMD430","Southern America","Brasil","Minas Gerais",NA,NA,"HDJF002129","HDJF002129_01","Faria, JEQ","2012","02",NA,"Cava do Sapo","-43.430556","-18.908333",NA,NA,"Conceição do Mato Dentro",NA,NA,"2014",NA,"12",NA,"-43.430556","-18.908333",NA,NA,NA,NA,NA
"124","2020-07-23 12:15:48-03","CEPLAC","CEPEC","96225","PreservedSpecimen","Plantae",NA,NA,"Myrtaceae","Eugenia","nutans","Eugenia nutans",NA,NA,"P. Fiaschi","1346",NA,"Brasil","Bahia",NA,NA,NA,NA,"M. Sobral","2003","02","23","Parque Nacional da Chapada Diamantina. Serra da Chapadinha.","-41.433333","-12.45",NA,NA,"LENÇÓIS",NA,NA,NA,NA,NA,NA,"41W26'","12S27'",NA,NA,"30/12/2006",NA,NA
"125","2019-12-09 10:46:05-03","UFSJ","HUFSJ","5764","S","Plantae",NA,NA,"Myrtaceae","Eugenia","nutans","Eugenia nutans","O.Berg",NA,"Faria, JEQ; Silva Júnior, MC; Miranda, SC; Bredt, A","2422",NA,"Brasil","Minas Gerais",NA,"Arvoreta ca. 3,5 m de altura, fruto imaturo jovem com cálice verde e hipanto marrom","HUFSJ005764",NA,"Sobral, M","2012","02","22","Serra do Caraça, Campo de Fora, base do pico do Cajerana","-43.515278","-20.125","157","157","Santa Bárbara",NA,NA,"2013",NA,NA,NA,"-43.515278","-20.125",NA,NA,NA,NA,NA
"126","2019-12-20 18:46:41-03","UFSJ","HUFSJ","7762","S","Plantae",NA,NA,"Myrtaceae","Eugenia","nutans","Eugenia nutans","O.Berg",NA,"Boudet Fernandes, HQ; et al.","2490",NA,"Brasil","Espírito Santo",NA,"Arvoreta de 7m. Fuste 4m x 10cm. Frutos verdes.","HUFSJ007762",NA,"Sobral, M","1988","05","19","Estação Biológica da Caixa D'água. Mata primária, alto de encosta.","-40.6002998352051","-19.9356002807617",NA,NA,"Santa Teresa","23813","auto","2011",NA,NA,NA,NA,NA,NA,NA,NA,NA,NA
"127","2019-12-20 18:46:41-03","UFSJ","HUFSJ","5786","S","Plantae",NA,NA,"Myrtaceae","Eugenia","nutans","Eugenia nutans","O.Berg",NA,"Faria, JEQ","2464",NA,"Brasil","Minas Gerais",NA,"Árvore ca. 6 m de altura, caule rugoso esbranquiçado, fruto imaturo verde","HUFSJ005786",NA,"Sobral, M","2012","03","26","Margem da BR-381, entre São Gonçalo do Rio Abaixo e João Monlevade, próximo à primeira","-43.321389","-19.839444","756","756","São Gonçalo do Rio Abaixo",NA,NA,"2013",NA,NA,NA,"-43.321389","-19.839444",NA,NA,NA,NA,NA
"128","2019-12-20 18:46:41-03","UFSJ","HUFSJ","8913","S","Plantae",NA,NA,"Myrtaceae","Eugenia","nutans","Eugenia nutans","O.Berg",NA,"Kollmann, L; Bausen, E; Pizziolo, W","1869",NA,"Brasil","Espírito Santo",NA,"Árvore, 16m. Dap 36cm. Fuste 7m. Frutos verdes.","HUFSJ008913",NA,"Sobral, M","1999","02","09","Santo Antônio, terreno do Boza.","-40.6002998352051","-19.9356002807617","750","750","Santa Teresa","23813","auto","2016",NA,NA,NA,NA,NA,NA,NA,NA,NA,NA
"129","2019-12-20 18:46:41-03","UFSJ","HUFSJ","7761","S","Plantae",NA,NA,"Myrtaceae","Eugenia","nutans","Eugenia nutans","O.Berg",NA,"Kollmann, L; Bausen, E","1561",NA,"Brasil","Espírito Santo",NA,"Arbusto de 2m. Flores brancas.","HUFSJ007761",NA,"Sobral, M","1999","01","14","Santo Antônio. Terreno do Boza.","-40.6002998352051","-19.9356002807617","750","750","Santa Teresa","23813","auto","2011",NA,NA,NA,NA,NA,NA,NA,NA,NA,NA
"130","2016-08-23 10:59:57-03","NHMLondon","NHM-LONDON-BOT","BM000799596","S","Plantae",NA,NA,"Myrtaceae","Eugenia","nutans","Eugenia nutans","O.Berg","Type","K.F.P. Martius","1228",NA,"Brasil",NA,NA,"<a href=http://www.nhm.ac.uk/services/media-store/asset/65e375b0a298c6299f6c7daa8f8577d6a7a0bf4f/contents/preview target=other class=eLink> <mi>dwc_moreinfo</mi></a>",NA,NA,NA,NA,NA,NA,NA,"-53.08982","-10.773109",NA,NA,NA,NA,NA,NA,NA,NA,NA,"-53.08982","-10.773109",NA,NA,NA,"NHMUK:ecatalogue:4991899",NA
"131","2020-11-12 17:01:54-03","UEL","FUEL","49089","PreservedSpecimen","Plantae","Tracheophyta","Myrtales","Myrtaceae","Eugenia","nutans","Eugenia nutans","O.Berg",NA,"Dreveck, S; Carneiro, FE","1087",NA,"Brasil","Santa Catarina",NA,"Florística IFFSC 1068 (Arbórea); Florística IFFSC 1068 (Arbórea).","FUEL010741",NA,"Sobral, M","2009","09","23","interior do fragmento","-48.780278","-26.100278","112","112","Garuva",NA,NA,"2010",NA,"01","25","-48.780278","-26.100278",NA,NA,NA,NA,NA
"132","2020-11-12 17:01:54-03","UEL","FUEL","41657","PreservedSpecimen","Plantae","Tracheophyta","Myrtales","Myrtaceae","Eugenia","nutans","Eugenia nutans","O.Berg",NA,"Vieira, FCS","629",NA,"Brasil","Santa Catarina",NA,NA,"FUEL010740",NA,"Sobral, M","2004","11","25","Castelo dos Bugres","-48.8456001281738","-26.3043994903564",NA,NA,"Joinville","37150","auto","2009",NA,"07","31",NA,NA,NA,NA,NA,NA,NA
"133","2020-11-12 17:01:54-03","UEL","FUEL","41656","PreservedSpecimen","Plantae","Tracheophyta","Myrtales","Myrtaceae","Eugenia","nutans","Eugenia nutans","O.Berg",NA,"Vieira, FCS","480",NA,"Brasil","Santa Catarina",NA,NA,"FUEL010742",NA,"Sobral, M","2004","09","30","Castelo dos Bugres","-48.8456001281738","-26.3043994903564",NA,NA,"Joinville","37150","auto","2009",NA,"07","31",NA,NA,NA,NA,NA,NA,NA
"134","2019-11-01 15:05:41-03","UnB","UB","130519","PreservedSpecimen","Plantae","Dicotyledoneae",NA,"Myrtaceae","Eugenia","nutans","Eugenia nutans","O. Berg",NA,"Irwin, HS","19864","Southern America","Brasil","Minas Gerais",NA,"Corolla and stamens white.; Small tree 2,5m.",NA,NA,"Mazine-Capelo, FF","1968","02","11","Ca. 50km SE of Belo Horizonte",NA,NA,NA,NA,NA,NA,NA,"2005",NA,NA,NA,NA,NA,NA,NA,NA,NA,NA
"135","2019-11-01 15:05:41-03","UnB","UB","161928","PreservedSpecimen","Plantae","Dicotyledoneae",NA,"Myrtaceae","Eugenia","nutans","Eugenia nutans","O. Berg",NA,"Faria, JEQ; Proença, CEB; Villarroel, D","942","Southern America","Brasil","Minas Gerais",NA,"Arvoreta ca. 2,5 m de altura, botões florais verdes, hipanto creme, aparentemente aveludado (Material para DNA); Floresta ombrófila, solo argiloso, relevo acidentado",NA,NA,"Faria, JEQ","2010","11","10","Margem da estrada entre Santo Antônio do Itambé e Serro Azul","-43.281944","-18.443056","805","805","Santo Antônio do Itambé",NA,NA,"2014",NA,"02",NA,"-43.281944","-18.443056",NA,NA,NA,NA,NA
"136","2019-11-01 15:05:41-03","UnB","UB","191543","PreservedSpecimen","Plantae","Dicotyledoneae",NA,"Myrtaceae","Eugenia","nutans","Eugenia nutans","O. Berg",NA,"Faria, JEQ; Silva Júnior, MC; Miranda, SC; Bredt, A","2422","Southern America","Brasil","Minas Gerais",NA,"Arvoreta ca. 3,5 m de altura, fruto imaturo jovem com cálice verde e hipanto marrom; Borda de mata estacional",NA,NA,"Sobral, M","2012","02","22","Serra do Caraça, Campo de Fora, base do pico do Cajerana","-43.515278","-20.125","1574","1574","Santa Bárbara",NA,NA,"2013",NA,NA,NA,"-43.515278","-20.125",NA,NA,NA,NA,NA
"137","2019-11-01 15:05:41-03","UnB","UB","191572","PreservedSpecimen","Plantae","Dicotyledoneae",NA,"Myrtaceae","Eugenia","nutans","Eugenia nutans","O. Berg",NA,"Faria, JEQ","2464","Southern America","Brasil","Minas Gerais",NA,"Árvore ca. 6 m de altura, caule rugoso esbranquiçado, fruto imaturo verde; Floresta ombrófila",NA,NA,"Sobral, M","2012","03","26","Margem da BR-381, entre São Gonçalo do Rio Abaixo e João Monlevade, próximo à primeira","-43.321389","-19.839444","756","756","São Gonçalo do Rio Abaixo",NA,NA,"2013",NA,NA,NA,"-43.321389","-19.839444",NA,NA,NA,NA,NA
"138","2019-11-01 15:05:41-03","UnB","UB",NA,"PreservedSpecimen","Plantae","Dicotyledoneae",NA,"Myrtaceae","Eugenia","nutans","Eugenia nutans","O. Berg",NA,"Nic Lughada, EM; Mello-Silva, R; Stannard, BL; Assis, MC","199","Southern America","Brasil","Espírito Santo",NA,"Arbusto até 3m de altura. Frutos iamturos verde amarelado, depois amarelos; Mata de encosta. Beira da floresta ao lado de cafezal",NA,NA,"Giaretta, A","1999","02","13","Estrada para João Neiva, limite norte da Estação Biológica de Nova Lombardia. Sítio de Sr. Waldir","-40.6","-19.916667",NA,NA,"Santa Teresa",NA,NA,"2016",NA,"05",NA,"-40.6","-19.916667",NA,NA,NA,NA,NA
"139","2019-10-03 10:04:13-03","UFSCar","SORO","7388","PreservedSpecimen","Plantae",NA,NA,"Myrtaceae","Eugenia","nutans","Eugenia nutans","O.Berg",NA,"Santos, M.F.; Borges, L.M.","532",NA,"Brasil","Minas Gerais",NA,"Árvore, 7m. Botões florais esverdeados. Material prensado em álcool.",NA,NA,"M.F. Santos","2007","12","15","Distrito de Santana do Rio Preto (Cabeça de Boi). APA do Parque Nacional da Serra do Cipó. Terras de José Agostinho, na mata.","-43.402056","-19.396361",NA,NA,"Itambé do Mato Dentro",NA,NA,"2008",NA,NA,NA,"43°24'07,4W","19°23'46,9S",NA,NA,NA,NA,NA
"140","2019-10-03 10:04:13-03","UFSCar","SORO","2516","PreservedSpecimen","Plantae",NA,NA,"Myrtaceae","Eugenia","nutans","Eugenia nutans","O.Berg",NA,"Souza, V.C.; Caliari, C.P.","32478",NA,"Brasil","Espírito Santo",NA,NA,NA,NA,NA,"2006","11","29","Estrada entre Marataízes e Piúma","-40.7219009399414","-20.8377990722656",NA,NA,"Piúma","11958","auto",NA,NA,NA,NA,NA,NA,NA,NA,NA,NA,NA
"141","2019-10-03 10:04:13-03","UFSCar","SORO","4958","PreservedSpecimen","Plantae",NA,NA,"Myrtaceae","Eugenia","nutans","Eugenia nutans","O.Berg",NA,"Bianchini, R.S.; Grantsau, I.; Simone, L.W.; Vítor Costa, A.","1539",NA,"Brasil","São Paulo",NA,"Árvore, 6m alt. Flores alvas, cheiro desagradável.",NA,NA,NA,"2003","06","20","Parque das águas. Trilha da Comunidade","-46.5299987792969","-23.6599998474121",NA,NA,"Santo André","27258","auto",NA,NA,NA,NA,NA,NA,NA,NA,NA,NA,NA
"142","2021-02-23 13:22:55-03","MN","R-TIPOS","9108","PreservedSpecimen","Plantae",NA,NA,"Myrtaceae","Eugenia","eurysepala","Eugenia eurysepala","Kiaersk.","Isotypus","Glaziou, A.F.M.","12001",NA,"Brasil","Rio de Janeiro",NA,NA,"R000009108","R000009108_001",NA,"1880","02","02",NA,"-43.1786003112793","-22.5049991607666",NA,NA,"Petrópolis","36524","auto",NA,NA,NA,NA,NA,NA,NA,NA,NA,NA,NA
"143","2020-08-20 14:58:16-03","UFSC","FLOR","40853","PreservedSpecimen","Plantae",NA,"Myrtales","Myrtaceae","Eugenia","nutans","Eugenia nutans","O.Berg",NA,"Dreveck, S.; Carneiro, F.E.","1087",NA,"Brasil","Santa Catarina",NA,"arbórea, flor branca, 4m altura. Recebida de FURB Nº 19044.","FLOR0040853",NA,"Sobral, M.","2009","09","23",NA,"-48.780278","-26.100278","112","112","Garuva",NA,NA,"2009",NA,"01","25","48º46'49''W","26º6'1''S",NA,NA,NA,NA,NA
"144","2021-03-04 15:45:22-03","IF","SPSF","44317","PreservedSpecimen","Plantae","Magnoliophyta","Myrtales","Myrtaceae","Eugenia","eurysepala","Eugenia eurysepala","Kiaersk",NA,"G.Hatschbach & M.Hatschbach & V.Nicolack","52888","América do Sul","Brasil","MG",NA,"COLETA: Campo rupestre; pequeno capão do alto do morro.&nf;Árvore 4-5m altursa; frutos imaturos pretos;",NA,NA,"M.Sobral","1989","05","18","3-5km ao Sul","-43.4249992370605","-19.0372009277344","800","800","Conceição do Mato Dentro","60318","auto",NA,"Magnoliopsida",NA,NA,NA,NA,NA,NA,NA,NA,NA
"145","2017-09-11 17:11:13-03","UnB","HBVIRTFLBRAS",NA,"O","Plantae",NA,NA,"Myrtaceae","Eugenia","nutans","Eugenia nutans","O.Berg",NA,"Martius, C","Herb. Fl.1228","Southern America","Brazil","Bahia",NA,"Original herbarium: Mart.; Hamadryas; HABITAT: Hamadryas",NA,NA,NA,NA,NA,NA,NA,NA,NA,NA,NA,NA,NA,NA,NA,NA,NA,NA,NA,NA,NA,NA,NA,NA,NA
"146","2017-09-11 17:11:13-03","UnB","HBVIRTFLBRAS",NA,"O","Plantae",NA,NA,"Myrtaceae","Eugenia","nutans","Eugenia nutans pellucida","O.Berg",NA,"Langsdorff, GH Baron von","s.n.","Southern America","Brazil","Rio de Janeiro",NA,NA,NA,NA,NA,NA,NA,NA,NA,NA,NA,NA,NA,NA,NA,NA,NA,NA,NA,NA,NA,NA,NA,NA,NA,NA,"pellucida"
"147","2017-09-11 17:11:13-03","UnB","HBVIRTFLBRAS",NA,"O","Plantae",NA,NA,"Myrtaceae","Eugenia","nutans","Eugenia nutans pellucida","O.Berg",NA,"Langsdorff, GH Baron von","s.n.","Southern America","Brazil","Rio de Janeiro",NA,NA,NA,NA,NA,NA,NA,NA,NA,NA,NA,NA,NA,NA,NA,NA,NA,NA,NA,NA,NA,NA,NA,NA,NA,NA,"pellucida"
"148","2020-08-26 10:50:00-03","MCN-FZBRS","HAS","74462","PreservedSpecimen","Plantae","Magnoliophyta",NA,"Myrtaceae","Eugenia","schadrackiana","Eugenia schadrackiana","Legr.",NA,"Mattos, J.","s.n.",NA,"Brasil","Santa Catarina",NA,"1,4m. Nos peraus da serra. Não é frequente. Com frutos verdes ainda.","HAS0074462",NA,NA,"1960","01",NA,"Serra Nova, próximo ao Rondinho","-49.9317016601562","-28.2938995361328",NA,NA,"São Joaquim","48290","auto",NA,NA,NA,NA,NA,NA,NA,NA,NA,NA,NA
"149","2019-11-21 10:11:26-03","IBt","SP","333507","S","Plantae",NA,NA,"Myrtaceae","Eugenia","eurysepala","Eugenia eurysepala","Kiaersk.",NA,"Grandi, TSM; et al.","2457",NA,"Brasil","Minas Gerais",NA,"Subarbusto.","SP024358","SP024358","Sobral, M","1987","06","15","Serra da Piedade. Mata secundária, 1º estação de coleta.","-43.666667","-19.816667",NA,NA,"Caeté",NA,NA,"2004",NA,NA,NA,"-43.666667","-19.816667",NA,NA,NA,NA,NA
"150","2019-11-21 10:11:26-03","IBt","SP","334840","S","Plantae",NA,NA,"Myrtaceae","Eugenia","eurysepala","Eugenia eurysepala","Kiaersk.",NA,"Pirani, JR; Marcato, AC; Forzza, RC; Rapini, A; Assis, MC","4172",NA,"Brasil","Minas Gerais",NA,"Arvoreta 4m alt., interior de capão da mata, frutos imaturos verde.","SP024359","SP024359","Sobral, M","1998","03","03","Estrada para Santana do Riacho, Serra da Carapina, (Serra Talhada na folha IBGE), setor N da Serrra do Cipó.","-43.683333","-18.916667","1180","1260","Congonhas do Norte",NA,NA,"2004",NA,NA,NA,"-43.683333","-18.916667",NA,NA,NA,NA,NA
"151","2019-11-21 10:11:26-03","IBt","SP","347792","S","Plantae",NA,NA,"Myrtaceae","Eugenia","eurysepala","Eugenia eurysepala","Kiaersk.",NA,"Ordones, J; et al.","55",NA,"Brasil","Minas Gerais",NA,"Mata, arbusto, frutos verdes.","SP056997","SP056997","Sobral, M","2000","04","01","Buraco da Boiada.","-43.4075012207031","-20.0746994018555",NA,NA,"Catas Altas","11966","auto","2004",NA,NA,NA,NA,NA,NA,NA,NA,NA,NA
"152","2019-11-21 10:11:36-03","IBt","SP","364570","S","Plantae",NA,NA,"Myrtaceae","Eugenia","nutans","Eugenia nutans","O.Berg",NA,"Simão Bianchini, R; Grantsau, I; Simone, LW; Costa, AV","1539",NA,"Brasil","São Paulo",NA,"Árvore, 6m alt., flores alvas, cheiro desagradável","SP057044","SP057044","Mazine, FF","2003","06","20","Parque das Águas. Trilha da Comunidade","-46.5299987792969","-23.6599998474121",NA,NA,"Santo André","27258","auto",NA,NA,NA,NA,NA,NA,NA,NA,NA,NA,NA
"153","2013-12-06 14:12:55-02","A","HU-HERB","A 00421715","PreservedSpecimen","Plantae",NA,NA,"Myrtaceae","Eugenia","eurysepala","Eugenia eurysepala","Kiaerskov","Isotype","A. F. M. Glaziou","12001","South America","Brazil",NA,"Sheet",NA,NA,NA,NA,"1881",NA,NA,NA,NA,NA,NA,NA,NA,NA,NA,NA,NA,NA,NA,NA,NA,"12001",NA,NA,NA,NA
"154","2014-09-23 10:58:54-03","G","G","G00223417","S","Plantae",NA,NA,"Myrtaceae","Eugenia","eurysepala","Eugenia eurysepala","Kiaersk.","ISOTYPUS of Eugenia eurysepala Kiaersk.","Glaziou, A. F. M.","12001","AMERIQUE DU SUD","Brazil","Rio de Janeiro",NA,"Coordinate uncertainty: Precision at the level of departement/region Image URL: http://www.ville-ge.ch/musinfo/bd/cjb/chg/adetail.php?id=216852&base=img&lang=en","G00223417","G00223417","Mazine-Capelo, F.","1881",NA,"00",NA,"-42.9125","-22.48222222",NA,NA,NA,NA,NA,"2004",NA,"01","01","-42.9125","-22.48222222",NA,NA,NA,NA,NA
"155","2014-09-23 10:58:55-03","G","G","G00223884","S","Plantae",NA,NA,"Myrtaceae","Eugenia","nutans","Eugenia nutans","O. Berg","TYPUS of Eugenia nutans O. Berg","Martius, C. F. P.","1228","AMERIQUE DU SUD","Brazil",NA,NA,"Coordinate uncertainty: Precision at the level of country Image URL: http://www.ville-ge.ch/musinfo/bd/cjb/chg/adetail.php?id=218833&base=img&lang=en","G00223884","G00223884","?","1811",NA,"00",NA,"-53.08972222","-10.77305556",NA,NA,NA,NA,NA,NA,NA,NA,NA,"-53.08972222","-10.77305556",NA,NA,NA,NA,NA
