"record_id","modified","institutionCode","collectionCode","catalogNumber","basisOfRecord","kingdom","phylum","family","genus","specificEpithet","scientificName","scientificNameAuthorship","identifiedBy","recordedBy","recordNumber","year","month","day","country","stateProvince","county","decimalLongitude","decimalLatitude","coordinatePrecision","barcode","imagecode","geoFlag","yearIdentified","monthIdentified","continentOcean","locality","verbatimLongitude","verbatimLatitude","minimumElevationInMeters","maximumElevationInMeters","occurrenceRemarks","dayIdentified","class","order","individualCount","typeStatus","fieldNumber","preparationType","relatedCatalogItem"
"1","2020-11-04 11:05:43-03","ESALQ","ESA","11976","PreservedSpecimen","Plantae","Magnoliophyta","Cyperaceae","Eleocharis","loefgreniana","Eleocharis loefgreniana","Boeck.","Faria, A.D.","Souza, V.C. et al.","4284.0","1993","09","09","Brasil","São Paulo","Itararé","-49.3400001525879","-24.1100006103516","27729","ESA011976","ESA011976","auto",NA,NA,NA,NA,NA,NA,NA,NA,NA,NA,NA,NA,NA,NA,NA,NA,NA
"2","2019-11-27 13:47:40-03","UFS","ASE","10970","PreservedSpecimen","Plantae","Magnoliophyta","Cyperaceae","Eleocharis","loefgreniana","Eleocharis loefgreniana","Boeckeler","Trevisan, R","Oliveira, RC; Silva, GP; Cunha, MMR","1196","1998","07","04","Brasil","Maranhão","Balsas","-46.617222","-8.549167",NA,"ASE0019518",NA,NA,"2013","06","Southern America","Agrovila Nova de Carli, Lote pivo Central.","-46.617222","-8.549167","500","500","Erva. Abundante.; Erva. Abundante.; Mata de galeria na margem do rio.",NA,NA,NA,NA,NA,NA,NA,NA
"3","2019-11-27 13:47:40-03","UFS","ASE","12846","PreservedSpecimen","Plantae","Magnoliophyta","Cyperaceae","Eleocharis","loefgreniana","Eleocharis loefgreniana","Boeckeler","Trevisan, R","Oliveira, RC; Silva, GP; Cunha, MMR","1196","1998","07","04","Brasil","Maranhão","Balsas","-46.617222","-8.549167",NA,"ASE0009458","ASE0009458",NA,"2013","06","Southern America","Agrovila Nova de Carli,, lote pivo central.","-46.617222","-8.549167","500","500","Erva abundante.; Erva abundante.; Mata de galeria na margem do rio.","17",NA,NA,NA,NA,NA,NA,NA
"4","2019-11-27 13:47:40-03","UFS","ASE","18213","PreservedSpecimen","Plantae","Magnoliophyta","Cyperaceae","Eleocharis","loefgreniana","Eleocharis loefgreniana","Boeckeler","Trevisan, R","Prata, AP; Costa, SM; Nascimento - Júnior, JE","2057","2009","11","08","Brasil","Bahia","Pilão Arcado","-42.3015","-10.0012",NA,"ASE0009472","ASE0009472",NA,"2013","06","Southern America","Brejo da Serra, Cabeceira da vereda de Brejo da Serra.","-42.3015","-10.0012",NA,NA,NA,"17",NA,NA,NA,NA,NA,NA,NA
"5","2019-11-27 13:47:40-03","UFS","ASE","9692","PreservedSpecimen","Plantae","Magnoliophyta","Cyperaceae","Eleocharis","loefgreniana","Eleocharis loefgreniana","Boeckeler","Trevisan, R","Prata, AP; T.Konno; Alves, V; R.Arruda; A.Carvalo; C.vecchi; P.Pitt","1141","2001","04","02","Brasil","Minas Gerais","Santana do Riacho","-43.4251","-19.1008",NA,"ASE0009450","ASE0009450",NA,"2013","06","Southern America","Serra do Cipó, 2-3km N de Palácio","-43.4251","-19.1008",NA,NA,NA,"17",NA,NA,NA,NA,NA,NA,NA
"6","2019-11-27 13:47:40-03","UFS","ASE","10267","PreservedSpecimen","Plantae","Magnoliophyta","Cyperaceae","Eleocharis","loefgreniana","Eleocharis loefgreniana","Boeckeler","Trevisan, R","Prata, AP; Konno, T; Alves, V; Arruda, R; Carvalho, A; Vecchi, C; Pitta, P","1152","2001","11","02","Brasil","Minas Gerais","Santana do Riacho","-43.4251","-19.1008",NA,"ASE0009456","ASE0009456",NA,"2013","06","Southern America","Serra do Cipó, 2-3 Km. norte de Palácio.","-43.4251","-19.1008",NA,NA,NA,"17",NA,NA,NA,NA,NA,NA,NA
"7","2019-11-27 13:47:40-03","UFS","ASE","10363","PreservedSpecimen","Plantae","Magnoliophyta","Cyperaceae","Eleocharis","loefgreniana","Eleocharis loefgreniana","Boeckeler","Trevisan, R","Prata, AP; Rocha, IA; O.S.Neves","566","1998","10","29","Brasil","Roraima","Boa Vista","-60.4023","2.4911",NA,"ASE0009452","ASE0009452",NA,"2013","06","Southern America","BR 174, Mucajaí, próximo a Serra Grande","-60.4023","2.4911",NA,NA,NA,"17",NA,NA,NA,NA,NA,NA,NA
"8","2019-11-27 13:47:40-03","UFS","ASE","17117","PreservedSpecimen","Plantae","Magnoliophyta","Cyperaceae","Eleocharis","loefgreniana","Eleocharis loefgreniana","Boeckeler","Trevisan, R","Paiva, VF; Azevedo, INC; Bringel, JB; Bijos, NR","618","2009","09","25","Brasil","Distrito Federal","Lago Sul","-47.5546","-15.4647",NA,"ASE0011580","ASE0011580",NA,"2013","06","Southern America","EEJBB - Área de Lazer","-47.5546","-15.4647",NA,NA,"Erva. Inflorescência bege em espigueta ferruginea na borda do Corrego Cabeça de Veado. Substrato glei.; Erva. Inflorescência bege em espigueta ferruginea na borda do Corrego Cabeça de Veado. Substrato glei.; Mata de Galeria.","17",NA,NA,NA,NA,NA,NA,NA
"9","2019-11-27 13:47:40-03","UFS","ASE","9693","PreservedSpecimen","Plantae","Magnoliophyta","Cyperaceae","Eleocharis","loefgreniana","Eleocharis loefgreniana","Boeckeler","Trevisan, R","Prata, AP; T.Konno; Alves, V; R.Arruda; A.Carvalo; C.vecchi; P.Pitt","1139","2001","04","02","Brasil","Minas Gerais","Santana do Riacho","-43.4251","-19.1008",NA,"ASE0009451","ASE0009451",NA,"2013","06","Southern America","Serra do Cipó, 2-3km N de Palácio","-43.4251","-19.1008",NA,NA,NA,"17",NA,NA,NA,NA,NA,NA,NA
"10","2019-08-20 09:59:46-03","UNICAMP","UEC","117529","S","Plantae","Liliopsida","Cyperaceae","Eleocharis","almensis","Eleocharis almensis","D.A.Simpson","Faria, AD","Pansarin, ER; Simões, AO","784","2001","02","10","Brazil","Minas Gerais","Grão Mogol","-43.3","-16.6",NA,"UEC025847","UEC025847",NA,"2001","02",NA,"Riacho a 25km de Grão Mogol, estrada para a cidade","-43.3","-16.6",NA,NA,"ori, Às margens do riacho, entre rochas.",NA,NA,NA,NA,NA,NA,NA,NA
"11","2020-02-03 10:06:51-03","UNICAMP","UEC","125542","S","Plantae","Liliopsida","Cyperaceae","Eleocharis","almensis","Eleocharis almensis","D.A.Simpson","Faria, AD","Kinoshita, LS; Mansanares, ME","00301","2000","11","22","Brazil","Minas Gerais","Santana do Riacho","-43.7144012451172","-19.1688995361328","26557",NA,NA,"auto","2000","11",NA,"Serra do Cipó, Serra da Lapinha., Campo rupestre localizado próximo à Cachoeira.",NA,NA,NA,NA,"Beira de rio.",NA,NA,NA,NA,NA,NA,NA,NA
"12","2019-08-20 09:59:46-03","UNICAMP","UEC","125542","S","Plantae","Liliopsida","Cyperaceae","Eleocharis","almensis","Eleocharis almensis","D.A.Simpson","Faria, AD","Kinoshita, LS; Mansanares, ME","00301","2000","11","22","Brazil","Minas Gerais","Santana do Riacho","-43.7144012451172","-19.1688995361328","26557","UEC025848","UEC025848","auto","2000","11",NA,"Serra do Cipó, Serra da Lapinha, Campo rupestre próximo à Cachoeira",NA,NA,NA,NA,"ori, Beira de rio.",NA,NA,NA,NA,NA,NA,NA,NA
"13","2019-08-20 09:59:46-03","UNICAMP","UEC","24885","S","Plantae","Liliopsida","Cyperaceae","Eleocharis","almensis","Eleocharis almensis","D.A.Simpson","Faria, AD","Shepherd, GJ","11291","1976","10","15","Brazil","São Paulo","Atibaia","-46.5499992370605","-23.1100006103516","21675","UEC025845","UEC025845","auto","2000","01",NA,NA,NA,NA,NA,NA,"Erva crescendo na beira de uma lagoa.",NA,NA,NA,NA,NA,NA,NA,NA
"14","2019-08-20 09:59:46-03","UNICAMP","UEC","94059","S","Plantae","Liliopsida","Cyperaceae","Eleocharis","almensis","Eleocharis almensis","D.A.Simpson","Faria, AD","Faria, AD; Belinello, R; Matsumoto, K","96405","1996","08",NA,"Brazil","São Paulo","Itapetininga","-48.0499992370605","-23.5900001525879","40712","UEC025850","UEC025850","auto","2000","01",NA,"Brejo no Instituto Florestal, Em frente ao Centro de Pesca Turística, próximo ao Rio Itapetininga",NA,NA,NA,NA,NA,NA,NA,NA,NA,NA,NA,NA,NA
"15","2019-08-20 09:59:47-03","UNICAMP","UEC","94060","S","Plantae","Liliopsida","Cyperaceae","Eleocharis","loefgreniana","Eleocharis loefgreniana","Boeck.","Faria, AD","Souza, VC; Sakuragui, CM; Miyagi, PH; Levensteinas, B; Bérgamo, P; Cardoso, WP","4284",NA,NA,NA,"Brazil","São Paulo","Itararé","-49.264944","-24.26525",NA,"UEC025647","UEC025647",NA,"2000","01",NA,"Fazenda Espinho, Campo queimado a 1 mês.","-49.264944","-24.26525","1200","1200","Erva, inflorescência castanho-vinácea.",NA,NA,NA,NA,NA,NA,NA,NA
"16","2021-01-28 13:24:29-03","PUCRS","MPUC","10618","S","Plantae",NA,"Cyperaceae","Eleocharis","loefgreniana","Eleocharis loefgreniana","Boeckeler","R. Trevisan",NA,NA,"2004","03","20","Brasil","RS","São Francisco de Paula","-50.5835990905762","-29.4480991363525","76715",NA,NA,"auto","2016","06","South America",".",NA,NA,NA,NA,NA,"30","Liliopsida","Poales","1",NA,NA,NA,NA
"17","2020-12-21 16:22:13-03","MBM","MBM","181244","PreservedSpecimen","Plantae",NA,"Cyperaceae","Eleocharis","almensis","Eleocharis almensis","D.A. Simpson",NA,"Harley, R.M.; et al.; et al.","25305a","1988","10","23","Brazil","Bahia","Rio de Contas","-41.966667","-13.533333",NA,"MBM181244","MBM181244",NA,NA,NA,"Southern America","Pico das Almas, Vertente leste. Fazenda Silvina. 19 km ao NO da cidade","-41.966667","-13.533333","1420","1420","Cerrado de altitude, capoeira e cultivação. Erva crescendo em touceiras. Espigas castanho-escuro. Perto da água; Erva crescendo em touceiras. Espigas castanho-escuro.; Cerrado de altitude, capoeira e cultivação. Perto da água.",NA,NA,NA,NA,"ISOTYPE",NA,NA,NA
"18","2020-12-21 16:22:14-03","MBM","MBM","20277","PreservedSpecimen","Plantae",NA,"Cyperaceae","Eleocharis","loefgreniana","Eleocharis loefgreniana","Boeckeler","Trevisan, R.","Hatschbach, G.; et al.; et al.","28241","1971","12","05","Brazil","Paraná","Palmas","-51.9906005859375","-26.4841995239258","46666","MBM020277","MBM020277","auto",NA,NA,"Southern America","Estrada Palmas - Ponte Serrada",NA,NA,NA,NA,NA,NA,NA,NA,NA,NA,NA,NA,NA
"19","2015-09-04 07:46:22-03","MNHN","RECOLNAT_MNHN_P","P00228848","PreservedSpecimen",NA,NA,"Cyperaceae","Eleocharis","loefgreniana","Eleocharis loefgreniana","Boeck.",NA,"Loefgren, A.",NA,"1887","9","19","Brésil",NA,NA,NA,NA,NA,"P00228848","P00228848_01",NA,NA,NA,NA,"Itapetininga",NA,NA,NA,NA,"<a href='http://coldb.mnhn.fr/catalognumber/mnhn/p/p00228848' target='other'> <mi>dwc_moreinfo</mi></a>",NA,NA,NA,NA,"isotype","146","hb",NA
"20","2015-09-04 07:46:22-03","MNHN","RECOLNAT_MNHN_P","P00228849","PreservedSpecimen",NA,NA,"Cyperaceae","Eleocharis","loefgreniana","Eleocharis loefgreniana","Boeck.",NA,"Loefgren, A.",NA,"1887","9","19","Brésil",NA,NA,NA,NA,NA,"P00228849","P00228849_01",NA,NA,NA,NA,"Itapetininga",NA,NA,NA,NA,"<a href='http://coldb.mnhn.fr/catalognumber/mnhn/p/p00228849' target='other'> <mi>dwc_moreinfo</mi></a>",NA,NA,NA,NA,"isotype","146","hb",NA
"21","2015-09-04 07:44:48-03","MNHN","RECOLNAT_MNHN_P","P00228850","PreservedSpecimen",NA,NA,"Cyperaceae","Eleocharis","loefgreniana","Eleocharis loefgreniana","Boeck.",NA,"Balansa, B.",NA,"1874","3",NA,"Paraguay",NA,NA,NA,NA,NA,"P00228850","P00228850_01",NA,NA,NA,NA,"L'assomption",NA,NA,NA,NA,"<a href='http://coldb.mnhn.fr/catalognumber/mnhn/p/p00228850' target='other'> <mi>dwc_moreinfo</mi></a>",NA,NA,NA,NA,NA,"442","hb",NA
"22","2020-12-11 11:43:46-03","UFMG","BHCB","184344","PreservedSpecimen","Plantae","Monocotyledon","Cyperaceae","Eleocharis","loefgreniana","Eleocharis loefgreniana","Boeckeler",NA,"Mota, RC da","3701","2016","03","16","Brasil","Minas Gerais","Catas Altas","-43.389167","-20.125833",NA,"BHCB041617",NA,NA,"2016","03","Southern America","Chapada de Canga","-43.389167","-20.125833","917","917","Projeto desenvolvido pelo Instituto Prístino!; Erva semi-aquática; inflorescências acastanhadas.; Coletada em margem de lagoa perene","30",NA,NA,NA,NA,NA,NA,NA
"23","2012-02-17 10:48:00-02","MO","MOBOT","2787079","PreservedSpecimen","Plantae",NA,"Cyperaceae","Eleocharis","loefgreniana","Eleocharis loefgreniana","Boeckeler","S. González","William R. Anderson","Anderson 8118","1973","4","4","Brazil","Goiás",NA,NA,NA,NA,NA,NA,NA,NA,NA,"South America","Serra dos Cristais. Grassy hillside campo on southern edge of Cristalina. Sandy soil. Wet sand",NA,NA,"1250.00000000",NA,NA,NA,NA,NA,NA,NA,NA,NA,NA
"24","2021-03-04 11:05:04-03","UFRB","HURB","16125","PreservedSpecimen","Plantae",NA,"Cyperaceae","Eleocharis","loefgreniana","Eleocharis loefgreniana","Boecherler",NA,"Prata, A.P.; Konno, T.; Alves, V.; Arruda, R.; Carvalho, A.; Vecchi, C. & Pitta, P.","1152","2001","04","02","Brasil","Minas Gerais","Santana do Riacho","-43.7144012451172","-19.1688995361328","26557","HURB000016125",NA,"auto",NA,NA,NA,"Serra do Cipó; 2-3km norte de Palácio",NA,NA,NA,NA,"SP 10267.",NA,NA,NA,NA,NA,NA,NA,NA
"25","2020-09-12 05:00:02-03","US","US","3162478","PreservedSpecimen","Plantae",NA,"Cyperaceae","Eleocharis","almensis","Eleocharis almensis","D.A. Simpson",NA,"A. Loefgren & F. C. Hoehne","148","1887","9","19","Brazil","São Paulo",NA,NA,NA,NA,"US02098060","US02098060_01",NA,NA,NA,"South America - Neotropics","Itapetininga",NA,NA,NA,NA,NA,NA,"Monocotyledonae","Cyperales","1",NA,NA,NA,NA
"26","2020-09-12 05:00:02-03","US","US","3356775","PreservedSpecimen","Plantae",NA,"Cyperaceae","Eleocharis","loefgreniana","Eleocharis loefgreniana","Boeckeler",NA,"W. R. Anderson, P. A. Fryxell, S. R. Hill, R. Reis dos Santos & R. Souza","8118","1973","4","4","Brazil","Goiás",NA,NA,NA,NA,"US03272620","US03272620_01",NA,NA,NA,"South America - Neotropics","Serra dos Cristais. Grassy hillside campo on southern edge of Cristalina.",NA,NA,"1250",NA,NA,NA,"Monocotyledonae","Cyperales","1",NA,NA,NA,NA
"27","2020-09-12 05:00:02-03","US","US","3456350","PreservedSpecimen","Plantae",NA,"Cyperaceae","Eleocharis","loefgreniana","Eleocharis loefgreniana","Boeckeler",NA,"G. Hatschbach, M. M. Hatschbach & O. S. Ribas","73128","2002","5","18","Brazil","Mato Grosso do Sul",NA,NA,NA,NA,"US03272621","US03272621_01",NA,NA,NA,"South America - Neotropics","Passo do Lontra (Mun. Corumbá).",NA,NA,NA,NA,NA,NA,"Monocotyledonae","Cyperales","1",NA,NA,NA,NA
"28","2020-09-02 16:23:44-03","Cenargen","CEN","96931","PreservedSpecimen","Plantae",NA,"Cyperaceae","Eleocharis","loefgreniana","Eleocharis loefgreniana","Boeckeler","C. R. Martins","Carlos Romero Martins","2082","2016","03","20","Brasil","DF","BRASILIA","-47.926666","-15.734722",NA,"CEN00096931","CEN00096931",NA,"2016","06",NA,"Parque Nacional de Brasília - Cascalheira entre a Administração do Parque e o Centro de Visitantes.","-47.926666","-15.734722",NA,NA,"Borda canal leva água para o córrego Acampamento. Doação Flora do Brasil - Distrito Federal.",NA,NA,NA,"1",NA,NA,"Exsicatas",NA
"29","2019-11-13 11:18:37-03","USP","SPF","76971","PreservedSpecimen","Plantae",NA,"Cyperaceae","Eleocharis","almensis","Eleocharis almensis","D.A.Simpson",NA,"Harley, RM; Simão, R; Hind, DJN; Fothergill, JM","25305","1988","10","23","Brasil","Bahia","Rio de Contas","-41.966667","-13.533333",NA,"SPF00076971","SPF00076971",NA,NA,NA,NA,"Pico das Almas, Vertente leste. Fazenda Silvina. 19 km ao NO da cidade. Cerrado de altitude, capoeira e cultivação.","-41.966667","-13.533333","1420","1420","Erva crescendo em touceiras. Perto da água. Espigas castanho-escuro.",NA,NA,NA,NA,"isotype",NA,NA,NA
"30","2019-10-07 09:20:54-03","UEFS","HUEFS","106017","PreservedSpecimen","Plantae","Angiospermae","Cyperaceae","Eleocharis","almensis","Eleocharis almensis","D.A.Simpson",NA,"Harley, R.M.","25305","1988","10","23","Brasil","Bahia","Rio de Contas","-41.8114013671875","-13.5789003372192","49773","HUEFS0106017",NA,"auto",NA,NA,NA,"Pico das Almas, vertante leste, Fazenda Silvina, 19Km N-O da cidade.",NA,NA,NA,NA,NA,NA,"Lilianae","Poales",NA,NA,NA,NA,NA
"31","2020-07-23 12:04:20-03","CEPLAC","CEPEC","46733","PreservedSpecimen","Plantae",NA,"Cyperaceae","Eleocharis","almensis","Eleocharis almensis",NA,"D. A. Simpson","R. M. Harley","25305","1986","04","24","Brasil","Bahia","RIO DE CONTAS","-41.966667","-13.533333",NA,NA,NA,NA,NA,NA,NA,"19Km ao NW da cidade. Pico das Almas. Vertente leste. Faz. Silvina.","41W58'0","13S32'0",NA,NA,NA,NA,NA,NA,NA,"Isótipo",NA,NA,"30/12/1993"
"32","2020-07-23 12:04:20-03","CEPLAC","CEPEC","59853","PreservedSpecimen","Plantae",NA,"Cyperaceae","Eleocharis","almensis","Eleocharis almensis",NA,"D. A. Simpson","R. M. Harley","25305","1988","10","23","Brasil","Bahia","RIO DE CONTAS","-41.966667","-13.533333",NA,NA,NA,NA,NA,NA,NA,"Pico das Almas. Vertente leste. Faz. Silvinha. 19Km ao N-O da cidade. Obs.: Mesma exsicata amostra Eleocharis maculosa.","41W58'0","13S32'0",NA,NA,NA,NA,NA,NA,NA,"Holótipo",NA,NA,"30/12/1993"
"33","2020-11-05 13:53:45-03","UNIRIO","HUNI","6162","PreservedSpecimen","Plantae",NA,"Cyperaceae","Eleocharis","loefgreniana","Eleocharis loefgreniana","Boeckeler","A. Gil","R. Moura","166","1999","10","10","Brasil","Minas Gerais","Itutinga","-44.6577987670898","-21.2980995178223","24458","HUNI00006162",NA,"auto",NA,NA,NA,"Serra das Carrancas",NA,NA,NA,NA,"Erva ereta Habitat: Campos rupestres Habito: Erva ereta",NA,NA,NA,NA,NA,NA,NA,NA
"34","2019-11-01 15:14:03-03","UnB","UB","33585","PreservedSpecimen","Plantae","Monocotyledonae","Cyperaceae","Eleocharis","loefgreniana","Eleocharis loefgreniana","Boeck","Trevisan, R","Irwin, HS","8143","1965","09","09","Brasil","Distrito Federal",NA,NA,NA,NA,"UB0007369","UB0007369",NA,"2008","03","Southern America","Taguatinga, Córrego Vicente Pires",NA,NA,NA,NA,"Mais informações","25",NA,NA,NA,NA,NA,NA,NA
"35","2019-11-01 15:14:03-03","UnB","UB","33586","PreservedSpecimen","Plantae","Monocotyledonae","Cyperaceae","Eleocharis","loefgreniana","Eleocharis loefgreniana","Boeck","Trevisan, R","Sucre, D","264","1965","05","25","Brasil","Distrito Federal","Brasília","-47.9296989440918","-15.7797002792358","70570","UB0007179","UB0007179","auto","2008","03","Southern America","Parque Nacional do Gama",NA,NA,NA,NA,"Mais informações","25",NA,NA,NA,NA,NA,NA,NA
"36","2019-11-01 15:14:03-03","UnB","UB","33600","PreservedSpecimen","Plantae","Monocotyledonae","Cyperaceae","Eleocharis","loefgreniana","Eleocharis loefgreniana","Boeck","Trevisan, R","Sucre, D","733","1965","07","20","Brasil","Distrito Federal","Brasília","-47.9296989440918","-15.7797002792358","70570","UB0007368","UB0007368","auto","2008","03","Southern America","Zoo - Botânico",NA,NA,NA,NA,NA,"25",NA,NA,NA,NA,NA,NA,NA
"37","2019-11-01 15:14:03-03","UnB","UB","177761","PreservedSpecimen","Plantae","Monocotyledonae","Cyperaceae","Eleocharis","loefgreniana","Eleocharis loefgreniana","Boeck","Alves, GKJ","Alves, GKJ; Lourenço, JLM; Silva, MC","7","2011","12","10","Brasil","Goiás","Alto Paraíso de Goiás","-47.788944","-14.184889",NA,"UB0007810","UB0007810",NA,"2012","02","Southern America","Vale da Lua, Areia molhada com pequenas pedras, solo hidromórfico","-47.788944","-14.184889","917","917","Lâminas ausente, erva 12 cm de altura; inflorescência castanha-clara; Cerrado rupestre","07",NA,NA,NA,NA,NA,NA,NA
"38","2019-11-01 15:14:03-03","UnB","UB","216490","PreservedSpecimen","Plantae","Monocotyledonae","Cyperaceae","Eleocharis","loefgreniana","Eleocharis loefgreniana","Boeck","Munhoz, CBR","Giotto, AC","88","2013","01","10","Brasil","Distrito Federal","Brasília","-47.884722","-15.734722",NA,"UB0031441","UB0031441",NA,"2014","01","Southern America","Estação Experimental de Biologia-Universidade de Brasília","-47.884722","-15.734722","1010","1010","Coletada em casa de vegetação. Planta proveniente do banco de sementes coletado em abril de 2012 no Parque Nacional De Brasília (15°46'39S e 47°58'34W). Doutorado de Ani Cátia Giotto.; Vereda Cerrado","14",NA,NA,NA,NA,NA,NA,NA
"39","2019-11-01 15:14:03-03","UnB","UB","33583","PreservedSpecimen","Plantae","Monocotyledonae","Cyperaceae","Eleocharis","loefgreniana","Eleocharis loefgreniana","Boeck","Trevisan, R","Irwin, HS","5777","1964","08","31","Brasil","Distrito Federal",NA,NA,NA,NA,"UB0007367","UB0007367",NA,"2008","03","Southern America","20km ao S de Brasília, Parque Municpal do Gama",NA,NA,NA,NA,"Mais informações","25",NA,NA,NA,NA,NA,NA,NA
"40","2019-11-01 15:14:03-03","UnB","UB","33584","PreservedSpecimen","Plantae","Monocotyledonae","Cyperaceae","Eleocharis","loefgreniana","Eleocharis loefgreniana","Boeck","Trevisan, R","Irwin, HS","10192","1965","11","11","Brasil","Distrito Federal",NA,NA,NA,NA,"UB0007366","UB0007366",NA,"2008","03","Southern America","Parque Municipal do Gama",NA,NA,NA,NA,"Mais informações","25",NA,NA,NA,NA,NA,NA,NA
"41","2019-11-01 15:14:03-03","UnB","UB","33587","PreservedSpecimen","Plantae","Monocotyledonae","Cyperaceae","Eleocharis","loefgreniana","Eleocharis loefgreniana","Boeck","Trevisan, R","Irwin, HS","19483","1968","02","03","Brasil","Distrito Federal",NA,NA,NA,NA,"UB0007370","UB0007370",NA,"2008","03","Southern America","25 km ao W de Brasília, Parque Municpal do Gama",NA,NA,NA,NA,"Mais informações","25",NA,NA,NA,NA,NA,NA,NA
"42","2019-11-28 15:45:15-03","UFU","HUFU","39735","S","Plantae",NA,"Cyperaceae","Eleocharis","loefgreniana","Eleocharis loefgreniana","Boeckeler","Trevisan, R.","Oliveira, G.C.","1283","2002","10","21","Brasil","Minas Gerais","Uberaba","-47.9319000244141","-19.7483005523682","73879","HUFU00027416","HUFU00027416","auto","2019","09",NA,"Fazenda Santa Juliana, A 300 metros da BR 050, na altura do km 50.",NA,NA,NA,NA,"Herbácea, ca. 0,15 m.; Vereda.","30",NA,NA,NA,NA,NA,NA,NA
"43","2019-11-28 15:45:15-03","UFU","HUFU","24075","S","Plantae",NA,"Cyperaceae","Eleocharis","loefgreniana","Eleocharis loefgreniana","Boeckeler","Trevisan, R.","Araújo, A.C.; Sano, P.T.; Farinaccio, M.A.; Arce, D.V. & Fiaschi, P.","1108",NA,NA,NA,"Brasil","Minas Gerais","São Roque de Minas","-46.3657989501953","-20.2453002929688","57119","HUFU00051335","HUFU00051335","auto","2019","10",NA,"Parque Nacional da Serra da Canastra, Estrada para Casca Danta, Serra Brava, campo próximo ao mirante.",NA,NA,NA,NA,"Campo rupestre, solo arenoso.","01",NA,NA,NA,NA,NA,NA,NA
"44","2019-11-28 15:45:15-03","UFU","HUFU","24080","S","Plantae",NA,"Cyperaceae","Eleocharis","loefgreniana","Eleocharis loefgreniana","Boeckeler","Trevisan, R.","Araújo, A.C.; Sano, P.T.; Farinaccio, M.A.; Arce, D.V. & Fiaschi, P.","1069","1998","03","19","Brasil","Minas Gerais","São Roque de Minas","-46.3657989501953","-20.2453002929688","57119","HUFU00051333","HUFU00051333","auto","2019","10",NA,"Parque Nacional da Serra da Canastra, Nascente do Rio São Francisco. Estrada que dá acesso a cachoeira das Rolinhas.",NA,NA,NA,NA,"&nf;; Campo rupestre, solo argiloso, úmido, entre pedras com lâmina d'água.","01",NA,NA,NA,NA,NA,NA,NA
"45","2019-11-28 15:45:15-03","UFU","HUFU","20857","S","Plantae",NA,"Cyperaceae","Eleocharis","loefgreniana","Eleocharis loefgreniana","Boeckeler","Trevisan, R.","Pereira, S.G.","16","1999","08","02","Brasil","Minas Gerais","Uberlândia","-48.2771987915039","-18.9186000823975","58223","HUFU00027462","HUFU00027462","auto","2019","09",NA,"Estação Ecológica do Panga",NA,NA,NA,NA,"Mata de galeria.","30",NA,NA,NA,NA,NA,NA,NA
"46","2019-11-28 15:45:15-03","UFU","HUFU","39738","S","Plantae",NA,"Cyperaceae","Eleocharis","loefgreniana","Eleocharis loefgreniana","Boeckeler","Trevisan, R.","Oliveira, G.C.","580","2002","05","06","Brasil","Minas Gerais","Uberlândia","-48.2771987915039","-18.9186000823975","58223","HUFU00027413","HUFU00027413","auto","2019","09",NA,"Fazenda Estiva, A 10 km da BR 050, na altura do km 25.",NA,NA,NA,NA,"Herbácea, ca. de 0,10 m.; Vereda.","30",NA,NA,NA,NA,NA,NA,NA
"47","2019-11-28 15:45:15-03","UFU","HUFU","39734","S","Plantae",NA,"Cyperaceae","Eleocharis","loefgreniana","Eleocharis loefgreniana","Boeckeler","Trevisan, R.","Oliveira, G.C.","1219","2002","09","30","Brasil","Minas Gerais","Uberlândia","-48.2771987915039","-18.9186000823975","58223","HUFU00027417","HUFU00027417","auto","2019","09",NA,"Fazenda Estiva, A 10 km da BR 050, na altura do km 25.",NA,NA,NA,NA,"Herbácea ca. de 0,10 m.; Vereda.","30",NA,NA,NA,NA,NA,NA,NA
"48","2019-11-28 15:45:15-03","UFU","HUFU","39733","S","Plantae",NA,"Cyperaceae","Eleocharis","loefgreniana","Eleocharis loefgreniana","Boeckeler","Trevisan, R.","Oliveira, G.C.","1827","2002","12","23","Brasil","Minas Gerais","Uberlândia","-48.2771987915039","-18.9186000823975","58223","HUFU00027418","HUFU00027418","auto","2019","09",NA,"Fazenda Estiva, A 10 km da BR 050, na altura do km 25.",NA,NA,NA,NA,"Herbácea ca. de 0,10 m.; Vereda.","30",NA,NA,NA,NA,NA,NA,NA
"49","2019-11-28 15:45:15-03","UFU","HUFU","39732","S","Plantae",NA,"Cyperaceae","Eleocharis","loefgreniana","Eleocharis loefgreniana","Boeckeler","Trevisan, R.","Oliveira, G.C.","1529","2002","11","25","Brasil","Minas Gerais","Uberlândia","-48.2771987915039","-18.9186000823975","58223","HUFU00027419","HUFU00027419","auto","2019","09",NA,"Fazenda Estiva, A 10 km da BR 050, na altura do km 25.",NA,NA,NA,NA,"Herbácea ca. de 0,25 m.; Vereda.","30",NA,NA,NA,NA,NA,NA,NA
"50","2019-11-28 15:45:15-03","UFU","HUFU","39736","S","Plantae",NA,"Cyperaceae","Eleocharis","loefgreniana","Eleocharis loefgreniana","Boeckeler","Trevisan, R.","Oliveira, G.C.","1494","2002","11","25","Brasil","Minas Gerais","Uberlândia","-48.2771987915039","-18.9186000823975","58223","HUFU00027415","HUFU00027415","auto","2019","09",NA,"Fazenda Pinusplan, A 6 km da BR 050, na altura do km 25.",NA,NA,NA,NA,"Herbácea ca. de 0,8 m.; Vereda.","30",NA,NA,NA,NA,NA,NA,NA
"51","2020-08-20 14:59:07-03","UFSC","FLOR","61859","PreservedSpecimen","Plantae",NA,"Cyperaceae","Eleocharis","loefgreniana","Eleocharis loefgreniana","Boeckeler","Trevisan, R.","Ardissone, R.E.","403","2014","11","05","Brasil","Minas Gerais","Minas Gerais","-43.332222","-19.361944",NA,"FLOR0061859","FLOR0061859",NA,"2014","11",NA,"Serra do Cipó.","43º19'56''W","19º21'43''S",NA,NA,NA,"05",NA,"Poales",NA,NA,NA,NA,NA
"52","2020-08-20 14:59:07-03","UFSC","FLOR","61857","PreservedSpecimen","Plantae",NA,"Cyperaceae","Eleocharis","loefgreniana","Eleocharis loefgreniana","Boeckeler","Trevisan, R.","Ardissone, R.E.","396","2014","11","03","Brasil","Minas Gerais","Minas Gerais","-43.551667","-19.256389",NA,"FLOR0061857","FLOR0061857",NA,"2014","11",NA,"Serra do Cipó.","43º33'6''W","19º15'23''S",NA,NA,NA,"03",NA,"Poales",NA,NA,NA,NA,NA
"53","2020-08-20 20:41:06-03","UFSC","FLOR","47697","PreservedSpecimen","Plantae",NA,"Cyperaceae","Eleocharis","loefgreniana","Eleocharis loefgreniana","Boeckeler","Trevisan, R.","Trevisan, R.; Venturi, S.","1262","2012","12","01","Brasil","Santa Catarina","Urubici","-49.506389","-28.065278",NA,"FLOR0047697",NA,NA,"2012",NA,NA,"às margens da Estrada de acesso ao Morro da Igreja.","49º30'23''W","28º3'55''S","1365","1365","Planta faz parte do Projeto RefloraPossui amostra em sílica para estudos moleculares",NA,NA,"Poales",NA,NA,NA,NA,NA
"54","2020-08-20 14:59:07-03","UFSC","FLOR","66583","PreservedSpecimen","Plantae",NA,"Cyperaceae","Eleocharis","loefgreniana","Eleocharis loefgreniana","Boeckeler","Trevisan, R.","Silva, C.R.M.; Vanzela, A.L.L.","123","2007","04","27","Brasil","Minas Gerais","Santana do Riacho","-43.7144012451172","-19.1688995361328","26557","FLOR0066583","FLOR0066583","auto","2016","11",NA,"Serra do Cipó, UTM 7872886.",NA,NA,NA,NA,"Duplicata de ICN 152660","09",NA,"Poales",NA,NA,NA,NA,NA
"55","2020-08-20 14:59:07-03","UFSC","FLOR","66582","PreservedSpecimen","Plantae",NA,"Cyperaceae","Eleocharis","loefgreniana","Eleocharis loefgreniana","Boeckeler","Trevisan, R.","Silva, C.R.M.; Vanzela, A.L.L.","122","2007","04","27","Brasil","Minas Gerais","Santana do Riacho","-43.7144012451172","-19.1688995361328","26557","FLOR0066582","FLOR0066582","auto","2016","11",NA,"Serra do Cipó, UTM 7872886.",NA,NA,NA,NA,NA,"09",NA,"Poales",NA,NA,NA,NA,NA
"56","2020-08-20 14:59:07-03","UFSC","FLOR","61871","PreservedSpecimen","Plantae",NA,"Cyperaceae","Eleocharis","loefgreniana","Eleocharis loefgreniana","Boeckeler","Trevisan, R.","Ardissone, R.E.; Weber, P.","203","2012","03","31","Brasil","Paraná","Jaguariaíva","-49.7057991027832","-24.2511005401611","44368","FLOR0061871","FLOR0061871","auto","2012","03",NA,"Parque do Cerrado.",NA,NA,NA,NA,NA,"31",NA,"Poales",NA,NA,NA,NA,NA
"57","2021-03-04 15:42:08-03","IF","SPSF","41985","PreservedSpecimen","Plantae","Magnoliophyta","Cyperaceae","Eleocharis","loefgreniana","Eleocharis loefgreniana","Boeck.","A.Gil","R.Cielo-Filho & J.B.Baitello & C.R.Lima","940","2009","06","24","Brasil","SP","Itapeva","-49.081111","-24.073611",NA,NA,NA,NA,"2009","11","América do Sul","Estação Ecológica",NA,NA,"750","750","COLETA: Campo Sujo Úmido.;","30","Liliopsida","Poales",NA,NA,NA,NA,NA
"58","2021-02-08 12:51:22-03","UFRGS","ICN","153721","S","Plantae","Monocotyledon","Cyperaceae","Eleocharis","loefgreniana","Eleocharis loefgreniana","Boeckeler",NA,"Longhi-Wagner, HM; Araujo, AC; Welker, C; Coelho, C","10406","2007","12","03","Brasil","MG","Ouro Branco","-43.684167","-20.488333",NA,"ICN00006966",NA,NA,NA,NA,"América do Sul","Serra do Ouro Branco área 3 20°29'18 5 S 43°41'3 8 W","-43.684167","-20.488333","1386","1386","Na água.",NA,NA,NA,NA,NA,NA,NA,NA
"59","2021-02-08 12:51:22-03","UFRGS","ICN","178611","S","Plantae","Monocotyledon","Cyperaceae","Eleocharis","loefgreniana","Eleocharis loefgreniana","Boeckeler","Silva Filho, PJS","Silva Filho, PJS; Pasini, E; Soares, ELC","2007","2014","01","30","Brasil","PR","Ponta Grossa","-50.008889","-25.220833",NA,"ICN00019556","ICN00019556",NA,"2014","07","América do Sul","Parque Estadual de Vila Velha","-50.008889","-25.220833",NA,NA,"Em campo úmido de encosta, enxarcado e com solo rico em matéria orgânica","28",NA,NA,NA,NA,NA,NA,NA
"60","2021-02-08 12:51:22-03","UFRGS","ICN","145672","S","Plantae","Monocotyledon","Cyperaceae","Eleocharis","loefgreniana","Eleocharis loefgreniana","Boeckeler","Trevisan, R","Tannus, JLS","515","2001","12","13","Brasil","SP","Itirapina","-47.8199996948242","-22.25","22843","ICN00006965",NA,"auto",NA,NA,"América do Sul","Estação Ecológica de Itirapina (IF)",NA,NA,NA,NA,"Doação HRCB.; erva rasteira, até 0,1m, inflorescência castanha.; Em campo úmido, em solo saturado, ecossistema cerrado.",NA,NA,NA,NA,NA,NA,NA,NA
"61","2021-02-08 12:51:22-03","UFRGS","ICN","135264","S","Plantae","Monocotyledon","Cyperaceae","Eleocharis","loefgreniana","Eleocharis loefgreniana","Boeckeler","Trevisan, R","Ferreira, PMA","s.n.","2004","03","20","Brasil","RS","São Francisco de Paula","-50.5835990905762","-29.4480991363525","76715","ICN00006969",NA,"auto",NA,NA,"América do Sul","CPCN Pró-Mata",NA,NA,NA,NA,"MPUC 10618",NA,NA,NA,NA,NA,NA,NA,NA
"62","2021-02-08 12:51:22-03","UFRGS","ICN","152558","S","Plantae","Monocotyledon","Cyperaceae","Eleocharis","loefgreniana","Eleocharis loefgreniana","Boeckeler","Trevisan, R","Trevisan, R","864","2007","11","19","Brasil","RS","São José dos Ausentes","-49.7975","-28.616389",NA,"ICN00006970",NA,NA,NA,NA,"América do Sul","Silveira Monte Negro. 28°36'59 4S 49°47'51 4W","-49.7975","-28.616389","1340","1340","em área úmida",NA,NA,NA,NA,NA,NA,NA,NA
"63","2021-02-08 12:51:22-03","UFRGS","ICN","152659","S","Plantae","Monocotyledon","Cyperaceae","Eleocharis","loefgreniana","Eleocharis loefgreniana","Boeckeler","Trevisan, R","Silva, CRM; Vanzela, ALL","122","2007","04","27","Brasil","MG",NA,NA,NA,NA,"ICN00006968",NA,NA,NA,NA,"América do Sul","Serra do Cipó - UTM 7872886",NA,NA,NA,NA,NA,NA,NA,NA,NA,NA,NA,NA,NA
"64","2021-02-08 12:51:22-03","UFRGS","ICN","152660","S","Plantae","Monocotyledon","Cyperaceae","Eleocharis","loefgreniana","Eleocharis loefgreniana","Boeckeler","Trevisan, R","Silva, CRM; Vanzela, ALL","123","2007","04","27","Brasil","MG",NA,NA,NA,NA,"ICN00006967",NA,NA,NA,NA,"América do Sul","Serra do Cipó - UTM 7872886",NA,NA,NA,NA,NA,NA,NA,NA,NA,NA,NA,NA,NA
"65","2019-11-21 10:03:26-03","IBt","SP","271950","S","Plantae",NA,"Cyperaceae","Eleocharis","almensis","Eleocharis almensis","D.A.Simpson","Simpson, DA","Harley, RM; Hind, DJN; Simão, R; Fothergill, JM","25305","1988","10","23","Brasil","Bahia","Rio de Contas","-41.966667","-13.533333",NA,"SP002966","SP002966",NA,"1993",NA,NA,"Pico das Almas, Vertente leste. Fazenda Silvina. 19 Km N-O da cidade. Cerrado de altitude, capoeira e cultivo","-41.966667","-13.533333","1420","1420","Erva crescendo em touceiras. Espigas castanho-escuro. Perto d'água",NA,NA,NA,NA,"Isotype",NA,NA,NA
"66","2020-10-22 10:12:44-03","IBt","SP","349894","S","Plantae",NA,"Cyperaceae","Eleocharis","loefgreniana","Eleocharis loefgreniana","Boeckeler",NA,"Prata, AP","1152","2001","04","02","Brasil","Minas Gerais","Santana do Riacho","-43.7144012451172","-19.1688995361328","26557",NA,NA,"auto",NA,NA,NA,"Serra do Cipó",NA,NA,NA,NA,NA,NA,NA,NA,NA,NA,NA,NA,NA
"67","2021-02-18 08:30:35-03","IBt","SP","349873","S","Plantae",NA,"Cyperaceae","Eleocharis","loefgreniana","Eleocharis loefgreniana","Boeckeler","Trevisan, R","Prata, AP; Konno, TUP; Alves, MV; Arruda, R; Carvalho, A; Vecchi, O; Pitta, P","1139","2001","04","02","Brasil","Minas Gerais","Santana do Riacho","-43.7144012451172","-19.1688995361328","26557",NA,NA,"auto","2009","06",NA,"Serra do Cipó, 2-3 km norte de Palácio",NA,NA,NA,NA,NA,"08",NA,NA,NA,NA,NA,NA,NA
"68","2021-02-18 08:30:35-03","IBt","SP","349871","S","Plantae",NA,"Cyperaceae","Eleocharis","loefgreniana","Eleocharis loefgreniana","Boeckeler","Trevisan, R","Prata, AP; Konno, TUP; Alves, MV; Arruda, R; Carvalho, A; Vecchi, O; Pitta, P","1141","2001","04","02","Brasil","Minas Gerais","Santana do Riacho","-43.7144012451172","-19.1688995361328","26557",NA,NA,"auto","2008","05",NA,"Serra do Cipó, 2-3 km norte de Palácio",NA,NA,NA,NA,NA,"22",NA,NA,NA,NA,NA,NA,NA
"69","2020-10-15 10:08:35-03","IBt","SP","339211","S","Plantae",NA,"Cyperaceae","Eleocharis","loefgreniana","Eleocharis loefgreniana","Boeckeler",NA,"Prata, AP","566","1998","10","29","Brasil","Roraima","Boa Vista","-60.6733016967773","2.81972002983093","90031",NA,NA,"auto",NA,NA,NA,NA,NA,NA,NA,NA,NA,NA,NA,NA,NA,NA,NA,NA,NA
"70","2019-11-21 10:03:26-03","IBt","SP","9167","S","Plantae",NA,"Cyperaceae","Eleocharis","loefgreniana","Eleocharis loefgreniana","Boeckeler","Boeckeler, JO","Loefgren, A","CGG146","1887","09","19","Brasil","São Paulo","Itapetininga","-48.0499992370605","-23.5900001525879","40712","SP002967","SP002967","auto","1890",NA,NA,"Chácara Gomes",NA,NA,NA,NA,"Palustre",NA,NA,NA,NA,"Isotype",NA,NA,NA
"71","2019-11-21 10:03:26-03","IBt","SP","346730","S","Plantae",NA,"Cyperaceae","Eleocharis","loefgreniana","Eleocharis loefgreniana","Boeckeler","Trevisan, R","Prata, AP; Moura, R; Silva, GJ","995","2000","09","28","Brasil","São Paulo","Itirapina","-47.8199996948242","-22.25","22843",NA,NA,"auto","2009","06",NA,"APA de Itirapina, trilha de acesso ao antigo aeroporto",NA,NA,NA,NA,NA,"23",NA,NA,NA,NA,NA,NA,NA
"72","2020-11-19 09:28:59-03","IBt","SP","359917","S","Plantae",NA,"Cyperaceae","Eleocharis","loefgreniana","Eleocharis loefgreniana","Boeckeler",NA,"Tannus, JLS","515","2001","12","13","Brasil","São Paulo","Itirapina","-47.8199996948242","-22.25","22843",NA,NA,"auto",NA,NA,NA,"Estação Ecológica de Itirapina",NA,NA,NA,NA,NA,NA,NA,NA,NA,NA,NA,NA,NA
